destination_zone,metro,train,bus,chartered_transport,school_transport,car_driver,car_passenger,conventional_taxi,ride_hailing,motorcycle_driver,motorcycle_or_mototaxi_passenger,bicycle,walking,other,total
1,40502.75595197997,968.3861208047115,15838.989967992928,259.25864774936906,38.13096377646018,8259.845482460265,1277.1930875925586,457.1641603341011,1769.5174028529511,2502.6225324584575,0,154.8292930200654,18456.2364924545,0,90484.93010347644
2,25359.288938903766,6468.133422642508,18948.01859564743,175.65818668929614,0,12754.726270114785,3336.336868028606,408.390629993326,1161.127074853422,1405.4585302449125,0,550.2399224345357,12503.841584833324,0,83071.2200243859
3,18395.00370304558,0,3022.9387172689676,0,262.4240424274942,5678.665778673248,555.7842420742352,31.922551405378748,1445.9586053764622,2115.815233125679,358.8989174162792,1800.2185827061453,15225.442824213433,52.0063693117338,48945.079567044566
4,14239.590779133425,280.3221630566695,6735.165079911929,0,0,10151.26397172848,3151.460854659231,1320.5600260469469,1326.5029209602935,2659.238813050857,434.61875267369567,296.8667848793828,23969.079690764243,0,64564.66983686515
5,56104.95265233467,3532.1162220388987,20817.727217142885,0,0,12832.301786720698,1989.4387915543084,320.1199222794846,4884.006284681604,1365.7751103202245,0,1063.685388330532,22926.024650931475,0,125836.14802633482
6,16871.119917884604,9542.932044241932,12371.604618079797,0,287.5503111187992,8325.96837359389,408.14620645755053,38.20485005483034,975.1006753775613,2109.265064870343,0,4727.980171761908,12642.797404129273,0,68300.66963757054
7,15415.313192161278,12899.138108636413,7925.906051363426,455.19017571508135,376.70505855729,9935.737079967155,1984.9453146346368,529.7697175097971,784.5847437365419,928.170623671576,0,515.6930679646182,11541.18157821636,0,63292.33471213413
8,2003.199457844602,2340.9671458030907,3284.0585932063636,0,1196.3833342057787,2245.8363725563986,1542.7441393394342,32.47804158988811,478.88904785940696,746.9331665038737,0,895.0828037659363,14246.097720319294,0,29012.66982299408
9,6472.619837013341,1796.1358925314487,6943.992027129452,0,0,5207.230619892222,772.0834732808053,262.52759942358875,971.7357922648868,1959.6092150417855,0,913.5378207052106,4784.362677572804,0,30083.834954855545
10,7277.866365015963,144.70404127514513,4339.210209256822,421.6527851473384,957.1368771712096,3065.6648788824555,386.05260195219296,0,852.3962462638224,54.47598860016386,9.680375268131504,643.2700909470713,2604.6953593806543,16.717339791479336,20773.52315895245
11,944.2271114707751,1576.7581385837757,2170.091660548789,0,274.68510693444483,1401.4780210762333,396.2887802597764,0,487.624123318185,73.04995788217957,0,878.3618876790342,2505.1887801061075,11.718349008790764,10719.471916868086
12,3233.9275763075448,1831.048123292685,6235.200807751848,0,142.32827343328117,11379.61167443088,4610.299209558466,63.8706885906309,2073.111274639799,644.6049093798935,540.8307040568925,619.8620872568096,14068.05761644021,28.4356888002701,45471.18863393922
13,3273.6569595431356,11545.299106230828,1868.2127037856733,0,33.56766104038121,4698.735392573724,4868.450011356988,0,1899.1239884252668,390.43467445686593,0,510.0269163174198,1638.859740395712,0,30726.367154126005
14,4848.81559151967,11576.62262775929,11245.150829339991,522.398145918999,517.2819051371677,4824.389075499618,1220.456660604427,128.77653893924844,569.2124039393534,1980.2237117753905,0,1328.8097963832504,7013.074898799674,0,45775.21218561604
15,5996.500770204158,4617.725658358975,3062.955091571741,225.71417855694204,457.7408071985088,4294.3090091753465,1044.1541639748882,0,316.8512357089058,1171.2708239455849,0,252.0849374202661,4172.252949202937,0,25611.55962531825
16,7886.617732826133,4891.281636721753,10456.518990620953,0,1131.8294159529626,3511.2154281124012,1104.9015655751575,0,409.80744882935267,1387.3645560152454,0,931.7411711085208,19025.272993889048,0,50736.550939651555
17,3734.0700181950633,1825.7024018331656,3390.9037637514866,0,50.21325294363941,5141.589979118045,361.58960468272346,0,821.7288692263872,48.41152935907828,0,1181.4751033776151,8060.126317923531,0,24615.81084041072
18,9736.714009595671,2953.7016241350575,11642.30149484788,0,901.8856325651248,10998.720937640272,5003.525752400844,0,1310.5703277633654,781.1813149256872,286.517199387533,2166.150405148032,21349.0540982328,0,67130.32279664223
19,5443.790852605053,0,6838.632681284898,0,852.0708906907953,9935.911290785938,3666.2354603184353,133.31085688636804,1106.4116894913557,1075.7120164692135,0,0,12620.565312201705,0,41672.64105073378
20,2527.6056152120464,0,6001.809182040187,914.2793818220471,2572.1366470284515,7357.227322319661,759.1646368347131,49.01716308386612,2286.2645796101547,982.3925180472692,169.15456117456245,0,17486.494016416233,0,41105.54562358918
21,3994.84694240305,0,2794.3766511987055,0,2301.4696482630557,4920.585098508538,542.8882390157133,0,1080.2102273833714,1484.0017264200778,114.03375384880052,712.2014607447227,8160.6564287722995,0,26105.270176558337
22,6876.5477726726695,0,4268.056758091514,0,1556.6949096901758,3159.0901996483153,755.1081553973358,0,493.7621743778779,532.5020320245436,0,0,4236.21243211093,0,21877.974434013373
23,22649.32262479084,288.6523610865365,1657.6769625816005,95.7665386104864,545.9828665530716,8616.199915631712,2770.529283767219,113.0811238205318,969.5309279011499,1100.483698164296,0,38.27296615677561,3553.6948453437703,0,42399.19411440802
24,31044.254777625592,122.16691654847594,4089.81414436818,0,590.9088833159899,6491.979530402028,2533.472832117341,194.715349560976,1429.6093160942326,649.1114544738366,30.46116199289947,98.7544091618645,10176.36302786025,0,57451.61180352167
25,2768.7448652454245,0,7245.004331002839,0,739.7164797131843,3858.7688266192354,824.4328681157696,246.35826325686745,2038.069526511466,233.16618558982407,18.8382028206575,405.0368741238612,10623.86424018544,0,29002.00066318458
26,3661.0414255401392,1156.8281579941956,7299.239951317643,0,654.4197855816325,7246.294679378563,1076.0702227611112,306.3471157031256,980.1857091931204,30.692045647789943,0,1582.540558575015,7786.586261039907,0,31780.245912732233
27,38500.64892188748,364.2079944814709,15373.3518596567,179.7332816899273,1539.7116306688235,13532.926245521963,3866.097217819135,876.5084571537195,4392.39024543704,2405.3862571692816,64.53321633986022,333.46092848153876,9062.126701813062,0,90491.08295812002
28,10336.86962709734,397.6750363241958,8175.986173699067,162.42107044199298,256.53260585943633,11317.148417282831,3827.0236332576046,350.4205914000894,1747.5390630913078,1367.3303792694278,0,148.4736358409905,7495.457083873736,0,45582.877317438
29,37482.03166272161,894.5309322861619,9466.565886908094,0,482.4781644402861,24734.366629264412,3320.833251531996,909.0531525718756,5129.677966619096,1955.760144388703,38.980618031313554,0,14532.531624608107,0,98946.8100333717
30,7525.348374276091,6.5651117069774765,3044.614095403018,0,786.7319058435277,7629.511504135721,2219.007230411765,303.13558593174696,2834.8639815811466,126.58188141732433,0,264.12010954410056,12750.803468280224,52.0063693117338,37543.289617843395
31,30657.91699325035,0,16991.83270100831,0,1007.3372501887416,17678.310801548163,7243.019827087705,1135.482406906249,5030.534777074782,7.304241303429345,0,1203.3768064089904,18029.754304684284,0,98984.87010946091
32,29917.875962117545,862.6025542226827,12388.22577062036,105.54364833639389,36.140310517627405,11732.526573561414,1855.4741305443445,445.3867093806911,8576.654577020858,355.39776690071716,14.837527741471208,340.45654927520764,13845.707105643976,0,80476.82918588324
33,310.7121098040335,48.46070237108491,556.2775161096229,0,101.58699678553744,2920.8144397801384,1003.8202781371136,19.78583949020642,142.8038523208801,53.09450738793632,0,89.80978707055945,881.198376417176,0,6128.364405674288
34,3042.3499077286947,477.63635156987186,1819.656989784669,0,711.0070400008068,6809.801585516643,2185.4106287588484,301.9804473413319,1299.8749281717032,108.0581603825939,107.72946635861643,0,5396.869761264698,0,22260.375266878473
35,19797.968032960045,2831.5613741329976,12621.599049674738,690.530074764747,670.0829356423659,11074.977285440886,4058.186200156677,552.7692359338826,3145.7261581169623,5047.862530474237,0,2179.009273653033,34245.1337144837,0,96915.4058654343
36,25107.157826276183,361.4753869414778,7992.772684992285,240.00769779709032,1600.457086422856,18212.82197279795,3402.646783863825,24.093241191043344,5301.301745399033,163.45308152261114,0,157.1544464210246,26083.671447539313,0,88647.0134011647
37,3217.1411639035664,1271.1388979747117,4962.093665034794,0,554.0095024973923,5201.298137886918,1971.3542375147144,59.09814694515203,847.1125168197593,707.717919159369,0,216.4441925081244,2653.067489901231,0,21660.47587014574
38,28.94048164239148,0,1669.7376345454602,0,165.14762112347154,2012.771842379819,2244.2550281640833,0,346.27067774598675,221.35064542886428,0,2311.5922509424336,2650.4209476577644,0,11650.487129630268
39,4568.138946162751,293.4208900108525,8120.511813936538,1029.306454061217,1322.2511045397944,3429.915653325455,2882.3043601165955,62.095661509400415,2198.94400602566,960.2728263347296,0,0,5324.039267063768,0,30191.200983086754
40,8196.923883342102,0,6097.174742215847,0,1278.7304741232042,4165.354996988836,3311.196030837504,0,730.8834198244552,907.552321726906,85.36390922452335,336.9016209978531,7339.144227273096,0,32449.22562655433
41,7649.020859351464,709.321262362766,11057.21484264612,0,4634.99455674012,10406.339726935195,5269.595093417482,0,1268.7262530795008,333.80004969947925,126.2829017667474,1080.6355307310705,12491.927751517866,0,55027.85882824786
42,1514.0369490147518,1557.7786421446212,3933.2750892068466,0,462.6727515446722,2792.56665743702,856.3365919759474,0,386.10557291620944,532.4215879051807,0,731.3252385389569,4638.412632618975,0,17404.93171330318
43,19569.12437825244,928.968034047604,13902.328262854897,401.0388319879927,2292.866598395129,18059.265375304803,5513.694199460854,0,3173.0755972779507,1069.7517483717493,0,248.09606245388832,12158.137463314655,0,77316.34655172196
44,4703.381314754772,4017.223504021424,7214.488471879307,0,774.3972462979966,16563.92063964189,5500.376800465937,0,3723.7853123120103,448.8295560977811,0,852.278887212906,10196.945943304656,0,53995.62767598865
45,15497.11704777584,5855.788411917721,9789.923651481635,0,3762.8949138756902,25458.311570169055,9808.673733638345,197.99302943546132,3317.2445344893235,1789.1606560210205,699.9782706219528,0,11289.247150587558,0,87466.33297001361
46,1963.3465078426425,2154.9286898540554,8831.289366204273,208.8720377102618,3850.511938158309,15834.393639274993,1887.45692783032,0,1085.1689011741178,500.1860555586837,0,0,22123.615656366095,0,58439.76971997372
47,2253.09030952035,0,2794.287390391739,608.5777618214402,673.0235393831556,10357.381575048472,2062.1082157449646,0,1697.7588790471864,1050.7461164950482,329.23715818964524,397.4223765924166,10198.045178866998,0,32421.678501101436
48,2293.1538048850393,1493.6435644430762,5247.314292987548,155.2052011958815,2285.373944719925,11406.613071951717,6890.019124497113,0,621.25471628331,942.7942626307619,346.06478147399184,327.7840121966856,7084.960144147442,0,39094.180921412495
49,15739.545234226993,0,2188.746538859651,0,1097.714170535996,7850.345979542831,1962.3437151716944,57.78450667383211,2747.2518271592176,243.80378954539208,0,697.830347576584,4836.218810934924,46.91686214943278,37468.50178237656
50,1958.5169498719065,66.33788387350904,2440.7567419172965,0,1176.356200030853,4236.33785464818,1099.6499572289215,253.30978595988475,253.42651622261616,1095.8506845219947,0,357.3877572935918,4544.124721676993,0,17482.055053245746
51,8312.80910252958,0,2065.412031870415,0,1281.1420767210568,10292.971530598532,1891.7654201520943,163.79049184388035,617.2388134523206,435.29809960528746,0,169.67489824638724,2982.9474355908724,145.72567706256936,28358.775577672965
52,7518.289606987892,875.7031636235895,2046.5985628349624,0,85.07557291019289,8270.499717040317,1618.594746110999,60.81797210806234,228.60113437516225,0,0,95.52012159473988,3303.666387440545,0,24103.366985026463
53,14988.971474258607,354.90716494491016,10066.067760646016,0,758.48746081571,13634.385309045352,3461.6248247020367,598.3118808669785,1507.7852856432842,353.86125457858725,187.9674666169945,290.5191378947004,9712.987891489602,0,55915.87691150279
54,19488.132751205016,549.8202482587074,6612.956096594379,24.093241191043344,753.1625494517698,12108.767075792388,3919.972496006911,506.53390987546624,3913.9285974177888,1305.3845720039376,74.1636485479993,260.61936429789125,9659.815890412878,0,59177.35044105615
55,16519.415128093035,652.3951919514537,2398.4641914633153,342.89863959513565,1472.991140427259,10096.45980106988,2187.6465232334967,14.731340000270718,2783.469935777585,3301.1352989775096,0,863.913912522601,10627.959992607584,0,51261.4810957191
56,12132.825005403687,0,7141.710007146376,0,6587.437083070049,7210.97806137296,3018.00046321392,271.29704309983805,2394.53375630124,1314.1069010107635,0,333.46092848153876,13369.256455462968,0,53773.605704563335
57,22956.506095452623,1120.7316973096115,5576.970897045665,0,1798.394104886188,13399.94172278181,1911.1081265577916,549.1271720157558,5082.242112595433,271.9943732070945,0,803.3369756835388,13512.18012786816,46.91686214943278,67029.45026755317
58,13938.960710981168,180.62777004294023,7199.856311530947,266.5431750433479,1991.1455149641065,17776.147593726506,6105.253464320614,98.18559133897128,2394.226704060227,98.57232724577466,0,426.8144921270133,12486.889002823022,0,62963.22265820465
59,25371.649632945628,0,13099.874382691623,0,451.8794104012719,21267.87845818199,4335.606394467115,1007.8126587924994,5260.917952187426,1269.5818281409245,0,206.144721463477,13370.553216663411,0,85641.89865593535
60,4398.4442740817385,470.942403863573,6776.849841238418,0,666.5461255124067,14029.793294393012,1203.8263746607922,287.66372988722094,3330.1465077801295,3165.1868839029808,0,637.8280263858851,6876.680814884603,0,41843.90827659072
61,14403.183042338876,0,6296.621802946307,0,3279.258368922725,13231.632472148536,2497.3210660881136,258.31110402857934,5163.416966530965,2464.4618901188883,0,0,5323.008044916136,0,52917.21475803915
62,5017.223024539986,609.3028534118415,6429.158031743303,0,589.8341766380978,13954.269767804955,4983.542261661315,384.37782552320493,1836.1969505441357,695.1679969924917,0,2428.347344204023,2316.137183325386,0,39243.55741638875
63,11391.039295937073,84.31181019036323,4136.487489738017,0,152.37647734106605,8698.354169187747,2482.2756129911436,0,1243.5834931229465,700.4786765794797,0,151.10764102343092,264.29795293084277,0,29304.31261904209
64,15421.777417691595,506.5563960590874,11758.223795437312,569.9741467052646,1563.4667962829194,26072.40812713639,8809.660626789537,367.376144248854,3182.18141690373,5025.39467504908,142.33483103788416,2334.3458695047593,14634.878725166667,0,90388.57896801307
65,4785.642605244747,0,9276.964933365409,0,1806.1049452933428,14600.87635019504,6915.38051611649,435.80077005101725,2658.693056795974,735.6066342033768,0,2378.383217236259,9862.952361120375,0,53456.40538962199
66,12111.34391391395,0,9263.825413028137,0,359.18634343438885,16168.784784794883,11677.24409783474,133.14331432753377,1969.7197423798395,1501.727440171651,0,203.2515414358956,7766.709418155078,0,61154.93600947613
67,1654.4456547909772,1075.89443671046,5560.359985053249,53.90272709406882,611.2853290066395,8326.668881939107,1757.8043027052804,196.87177947337736,1557.8975645458686,719.978051707393,0,928.9948489365327,2422.476177979982,0,24866.57973994295
68,16455.412969605404,1624.0152615130708,21938.001532563365,0,2043.7855999808955,28403.986520176262,5212.334981883827,561.3874617529303,4820.728332776878,2942.736794091872,0,3119.8987975578357,16686.015603106833,0,103808.30385500932
69,6391.196753888738,1050.664792765763,18133.427932700222,286.08389857747557,2221.729954881738,12058.939618578186,2349.694751631396,241.2785660998314,3192.1087829672324,1746.6390431597515,0,4239.802356533051,11250.725228960837,30.807983639082067,63193.09966438326
70,1876.3263976581352,3046.2273457190977,13881.989776277582,0,679.7171688914362,12097.528971561069,4325.99440973106,39.880564582679945,1723.9435186380229,2262.0929952756674,468.7272964699542,1133.401220838861,12775.494073360693,0,54311.323739004234
71,12559.80312210578,1062.5630628444933,7751.353895824526,0,1978.3869414752303,24800.159082650865,3713.7813478357352,191.86614171005604,4690.629237361299,1227.0068821380278,0,8996.255063007804,13517.761071569506,0,80489.56584852327
72,5199.11076006896,1570.4048628585465,5148.354671722064,265.73444058225675,2340.583919374349,13791.39161043848,2665.6437219730574,423.912881010107,2288.0533520260583,1562.1936807206573,40.4996231550819,557.1384618335454,3648.9116433646223,0,39501.933629127816
73,17428.35089006604,23869.70503452783,19386.43787201038,1908.136566676134,385.4513747034193,50205.587359123725,5419.203810956484,830.2506316173774,4831.651632498837,3777.460434594699,188.49722631412956,2460.652905435302,22272.7030432325,335.33710123675235,153299.42588299362
74,31307.749824935276,0,8682.860657223115,214.64722049978892,539.50936424211,14604.06508249018,1143.9745456867838,1147.1844700908346,2528.2213675934913,2462.267523398566,0,531.2213700435358,9637.881142535114,0,72799.5825687388
75,4456.071568037212,611.8203059336051,3293.790413600586,0,1090.8110749543416,7346.6900221808355,1660.5019967019443,753.7322751836514,1002.2037611977892,1558.4153308047512,0,818.4318514605901,4702.346255176504,0,27294.814855231816
76,5158.296249227491,515.690296619287,6539.375323439372,21.39233438769447,384.26292788853215,9048.593766237165,1665.5177514292698,559.6651157373727,1637.1240201688329,852.9033440906775,0,908.2303689002441,3479.4545314706947,0,30770.50602959664
77,21463.644271548692,934.5435066712586,16596.690256431266,1605.9262901101963,1583.61990281139,16231.509829143526,4244.8529254860805,1230.5000029980067,7459.290179320314,1930.361554725554,0,718.0711651788602,11829.871922372226,0,85828.88180679748
78,12704.894006854878,0,4804.079539394752,0,852.5835078062479,8574.88294057114,2407.358738319698,1203.1708691639878,2959.8874076248626,1384.379445484693,0,474.93777476880206,9598.0646879219,0,44964.23891791095
79,27192.24655958148,0,13365.407547798448,204.27341429736424,1220.0382668266086,17010.823680919682,6578.448808934693,345.2017567964501,1704.812186984546,791.8102869719352,0,219.58846084217504,11796.542508301773,79.00515341524411,80508.19863167034
80,10241.008737996544,451.79503789215823,10241.323229149535,32.44741558057846,2525.319533395933,13698.250478192347,2750.9068225378046,574.7867711888009,3831.8176196136505,1499.2804699584324,0,1391.7534846576957,11678.777302947969,0,58917.466903111475
81,8451.070418236317,1326.6675495651507,10958.934955367644,517.1471972657134,841.3083325520605,17533.083651224333,5418.170990764446,530.900144405404,3545.526172168693,2872.2256193703247,14.837527741471208,1469.766400183432,3881.244683585504,0,57360.88364243042
82,27091.48877033084,8010.257892105358,14557.042533390888,0,71.19594957589028,30301.13343855,6058.0676481460305,176.4444462581311,5774.254623872854,3979.27832690996,63.6529678466587,2304.2553025143734,14273.89415517058,0,112660.9660546715
83,13033.767724539131,0,8772.047021852786,0,2070.2976126688895,17665.309883816317,7387.615841352783,608.7538288285875,3425.9910902153947,973.910036829045,0,689.661548005676,13929.183532801211,0,68556.5381209099
84,3888.5158373729346,2176.0568070090712,7022.301936700908,0,827.4685219049069,17581.891692554716,3719.1806558730505,549.491900029106,2293.462303314075,856.1231941946689,0,274.3285724649087,9106.690213227263,0,48295.51163464559
85,1260.1350437210797,340.12078963148844,540.5121462420684,0,138.1856428932992,4494.1360360286135,2990.596796540374,0,899.9385194691968,55.50535005245968,0,73.41593704974298,2223.3242046342352,0,13015.870466262566
86,1846.3327478531264,17.970663628041375,1540.747848425762,0,149.0383913731399,1978.014170589595,595.9660414572893,0,905.1060630208024,30.185201408627087,0,34.70522963046647,310.87599708623526,0,7408.942354473088
87,6018.3482756195845,42.628436990034,3232.1799581852206,379.67535153125175,911.4305955151226,11916.8437839545,4971.300479189962,558.3947046759587,2443.929241883661,1925.9463733210869,0,267.1137103056802,3855.7363928644336,116.62087156924667,36640.14817560579
88,7073.197691908976,3103.8328523392056,9812.950144920049,0,2644.78014109171,27662.232451512664,5822.467956743355,171.11743520800405,8711.63780156869,1057.6011121985653,0,549.979929579641,18018.567640499645,0,84628.36515757057
89,1985.3017506757908,0,1890.947612611522,0,452.8091721276123,5503.163926912336,2290.779778632946,0,733.7133247839663,0,0,142.56994190281029,1412.5642501129587,0,14411.84975775995
90,2031.5425103789544,0,6008.262092425761,0,1211.8231564601724,7668.929229681037,1882.4733327925985,24.093241191043344,1348.731582685132,411.2981340904285,73.31812049308314,92.58963862123888,6252.41321513201,0,27005.47425395147
91,6337.906474482628,12107.376540050607,13493.73104624296,0,201.32995762601425,10215.271014060534,4319.08686746594,114.87308802983344,217.56665264489808,428.2081970294519,0,868.7919391487704,4388.019417054284,0,52692.16119383593
92,7369.340209024743,4582.672123400538,7816.018103954011,22.72157862439864,59.062207433451995,14939.933913655415,1501.501581950519,0,643.1930109349776,145.44804768750512,0,55.43814016701196,2324.837862442946,0,39460.1667792755
93,15456.3177901255,14105.665059967036,13123.840282817911,0,1308.0145799440727,13475.293985147651,5052.612724522145,180.06623598698948,2274.639551509091,479.8297036309331,0,1462.432869909259,6276.913504168585,0,73195.62628772922
94,6998.004231736384,3721.0442229701903,7348.020892078697,0,342.6167885745191,9084.972664769204,3682.346508519506,0,1557.9358767486062,135.1066217006355,126.2829017667474,338.28695844240224,6551.9601954061945,0,39886.5778627131
95,2709.451270490822,238.00019901236857,1951.8714966918683,0,1617.0480961924204,11831.761542031758,4742.0694188628295,110.0769577588,2049.0945915617326,579.9665053044635,0,175.31388454268802,4311.556704390148,116.62087156924667,30432.83153840916
96,3898.01117085564,2125.017401591968,4002.4422792556825,0,945.327265238597,11947.46195386908,2832.9048125272216,47.789679610567354,891.2655293989395,300.77932540692643,72.84330091340955,986.1152699942313,828.7520060890719,154.02758985347896,29032.737584604783
97,1352.070327284552,357.47605552408527,3434.38278339266,0,1363.9200945337082,9301.990035455288,2538.3818946635074,80.52674278361525,2612.637935102935,578.0199394201471,0,1088.9731707211631,2933.6601469611587,75.02243643823485,25717.061562281066
98,1520.8810281314995,527.046088709324,2559.067588064164,0,217.57319851469285,6283.176599067088,1629.257410431428,0,567.6788379801269,793.1731838519544,0,960.3015136716908,5349.8092665132435,0,20407.96471493521
99,4575.669739126751,6060.525553802994,3410.651724203588,24.093241191043344,99.48601290543145,7975.149470180034,2082.0133181278534,0,828.7453941585669,604.2783962138462,0,0,4504.465375668889,0,30165.078225579004
100,6725.362735256776,14691.76855794402,38990.739518120834,0,3316.858055565124,30089.22235032393,8499.530451675537,7.3658855796687215,2815.7028536490875,5296.74641511258,366.6393143862881,610.4445800581814,18436.843824231804,259.2169062132529,130106.4414481171
101,3391.163195155948,2113.6908383197824,6215.465354305175,0,1888.0801164315355,8033.717378642025,2285.8988441894026,1007.1790951118488,303.4251580702479,78.12936214160683,0,0,1075.8199013056262,0,26392.569243673195
102,1591.4619210148342,3146.6550412696033,3118.245157753606,0,2727.694109180793,7635.773478893984,2359.8301684884377,159.80878204417832,3399.368893605856,963.8395494906744,0,193.7254186649631,2090.403097231526,0,27386.805617638445
103,933.96384394685106,423.7710391567364,2055.4402565452374,13.777486387882382,277.5909083730262,4118.832960651744,186.84104602733748,7.3658855796687215,556.4499829058642,8.736246929029607,0,94.20775812273148,281.30312136162865,259.2169062132529,9217.497442200985
104,207.38436766572863,680.7720720483502,983.3519111496433,13.777486387882382,1080.650197615333,3478.5247512295405,1015.7411060168384,22.79674827468983,641.5401456485704,69.17113296852087,0,94.36053852439066,2097.45629089872,0,10385.526748428209
105,781.5322177102043,1723.8222049043377,4247.138431712951,0,1635.71760874014,11405.689032861545,2156.442486348865,0,1686.4835149258442,718.2301366967288,0,697.025875894107,4002.489512210268,0,29054.57102200497
106,3808.8372413067145,2893.930717751156,7459.741388228547,0,686.1476514393462,5971.464094340047,1097.9675599408818,127.76112022952454,1455.551746956148,1896.1466393627647,0,1101.8328183310675,3942.9092519203855,0,30442.290229806596
107,3288.691139429949,5422.8377757954295,4630.563988190646,0,1610.7483083907475,12257.258912046573,3708.0422863238846,0,779.169095903116,1371.080111586592,0,0,9218.491362768005,0,42286.882980434915
108,1123.692356231746,6536.478324154597,2467.2953657294006,152.85666336275187,278.38727665744426,7384.468083435824,1928.22270061301,0,116.13297578777066,1187.2065247975747,30.692671923464022,496.98720521019976,2594.8612080241933,0,24297.281355927975
109,13151.990416189325,4884.5895584882555,25187.577136549706,0,17008.974321784208,46475.94920174201,18790.18570613564,0,2250.925522359664,4474.863571479348,1418.7723076393909,881.49215521385,27007.00820897882,0,161532.32810656013
110,5995.8125390738705,8865.427218081626,27074.101457354143,0,4766.292882648106,16160.254925870557,3412.5951108903505,0,2904.823039822359,3108.940337837806,0,0,25116.401842127852,0,97404.64935370664
111,533.7015405687634,2003.650527480441,11797.493307228728,512.9701124809034,6606.678091168599,21055.977912248534,3805.6475234287623,0,5344.202903649446,7709.559486187539,0,0,12956.503631888265,0,72326.38503632997
112,312.5570111617702,1559.864189382827,10785.546456157062,357.14849961244414,6877.674116345262,16818.976053241902,2966.8344200807364,0,354.64016830170806,3237.8772200775493,449.9042705668393,635.9183232970181,11620.718012748968,496.9225851937546,56474.58132616782
113,951.3686434450151,1301.503189858213,9743.31090751895,497.4907186215378,3548.003090330696,18484.476301889124,6533.164787694396,0,860.8927302265669,637.72648272859,0,390.4178764455268,15489.466450304042,0,58437.82117906268
114,,,,,,,,,,,,,,,
115,5057.764714525083,2540.8022146385424,14707.053241730802,809.9821316025452,14240.778934690165,12131.418651136077,9643.766667981325,0,2177.588751385827,2285.3426939713363,0,0,16386.89051838439,0,79981.38852004612
116,9507.953653721292,14221.410708581036,55571.019337089405,3537.399362170142,23907.161622854303,23683.29179234312,12653.592465036,221.54528056145503,286.9301543220006,4906.204133340789,1005.474377537862,0,90704.83521325908,0,240206.81810081695
117,1117.3663335238623,2923.472864697314,20404.050635598585,3209.843702068059,6538.433398509625,20578.32947568778,9546.973878372817,0,0,2711.996366390317,609.9614195116718,0,17559.93214818303,0,85200.36022254318
118,432.96881161725105,79.27763818638964,5140.8743275211955,116.10042464569209,1596.1772861857048,2134.971103395425,1586.0995500470983,0,0,1541.755009384054,0,0,9274.593395736436,0,21902.81754671925
119,5830.47486151103,10874.461065243184,27950.42026885505,1393.065269478158,14964.183481414086,18143.411631671283,4853.069417983143,0,1082.033358776875,2016.988297411055,0,0,34439.59865059547,0,121547.70630293924
120,,,,,,,,,,,,,,,
121,3465.8136828103916,1056.2968692651714,34003.997685213784,0,7633.58711893967,5042.0934919144065,4920.735896080433,0,2685.776517571496,363.9172392888196,0,1601.4116126195038,43699.3885419508,0,104473.01865565454
122,2301.50123691056,1224.575362330387,22437.58473739907,0,2685.8403589742597,1742.7160230136928,326.434365483813,0,221.15051456893764,0,0,0,26312.866655714213,0,57252.669254394976
123,1934.7076718719793,900.703371373014,24545.8692582508,0,2639.0517567573015,10764.87149987542,6027.690091415451,0,0,1419.6355516306637,0,0,25540.702867315147,0,73773.23206848974
124,1925.7126616178452,638.9811013851945,19178.50515866445,0,7630.404072992997,13569.642354840033,11611.519177746644,0,785.0840791981078,1147.5439629204463,0,461.5369233678169,31587.30780735453,0,88536.23730008812
125,3262.4568392410906,0,17959.405880575872,0,10019.385895329217,18706.390940194487,3075.76192587228,0,2387.8553548538166,993.9336425093602,0,0,18712.05336326915,0,75117.24384184515
126,1915.0826056931992,381.53631943808995,17852.563101186686,0,2829.9862112934707,11151.038771893054,5593.167638922524,0,1333.3898264242257,2525.1390254236567,539.1042399539432,2310.513092788342,13697.631912834471,0,60129.15274585164
127,2156.496838014515,716.3324883436773,31436.57426138042,0,8504.916010274961,20326.937169639557,12758.391168777403,122.96516165134,3564.3968186138604,4216.396230232981,90.51749058442584,190.57010594280325,27531.206006551725,0,111615.69975000757
128,5073.370768192982,0,5177.394362970812,0,241.77629369899864,6623.310198218454,2302.269061473275,0,3080.300818251667,177.47565458534376,0,100.3046901280961,946.8019024230059,0,23723.003749942625
129,6671.84806724655,0,11307.19088924507,0,113.60314983798636,9325.457030854932,2114.582837831644,0,2241.1147749123083,1403.9043029234635,0,85.88731751914565,2912.6562794293927,410.28015625794467,36586.524806058434
130,2162.8368923219405,0,2097.84768044301,0,368.19133862838345,2918.925909874588,463.06241395617224,0,485.7701108538709,336.8161014682525,0,684.5649262258829,3442.515364228557,0,12960.530738000652
131,6691.387654776933,0,4375.105896014125,0,136.1451539591658,3372.850499952177,926.2422475221649,0,1118.6468611679757,244.86268508263424,14.075072871494536,43.9932851439019,767.4039379347091,0,17690.713294425284
132,1431.9557701197305,17.005949517414596,2594.709599806695,0,0,2343.953331870593,1222.9660649030145,0,0,1280.4734364434344,0,530.8437089260109,897.9736633090722,1003.263369692066,11323.144894588027
133,8152.646331190707,386.95937943307337,14467.408361859829,0,2206.9493291397885,23471.780381945195,5599.377650138229,433.6450346315928,5022.495814239717,2387.1028327162567,14.075072871494536,1810.578261091713,10766.3714710257,0,74719.3899202832
134,5218.3005430484245,873.3740310120124,12339.906534154678,0,5578.517167423201,20706.71441859541,5568.075614698202,0,2467.210197014257,720.2889954746042,1531.852052043923,0,9443.497609871383,0,64447.73716333609
135,7580.547163813361,0,17823.800788049197,0,5488.0343518168565,20671.153363563822,9818.827184234357,138.7213734074528,3133.5521125178607,1155.7631133397406,0,1514.9342234662208,2708.8884620261065,0,70034.22213623498
136,4925.659008660561,575.2925092845372,17558.70560433052,0,3567.346882089205,16956.280483505627,4320.2682043764235,0,930.0455260286453,4421.6201534153315,204.8887882756828,56.3114049841942,14060.729973529516,1780.4280759681526,69357.57661444847
137,2049.944907607499,0,13993.779649966018,0,4974.711821299999,14665.822535132676,8069.724464060301,447.8365997143935,1487.6191132030422,1202.1171182737812,0,1810.578261091713,21696.027612972695,0,70398.1620833222
138,2133.686269137406,1137.8260097356065,10002.22085055594,0,1553.5692202722958,6732.890390596394,2057.469994458146,0,682.7800086218384,771.9171845622973,0,1344.0041945051155,7811.619672131311,0,34227.98379457634
139,2938.1297408999812,556.1518705179391,10517.523624533587,0,2701.0852647176857,14244.682371337796,6515.30084360449,0,695.0092553768169,203.1888382286414,240.58119438359532,1578.8778670119475,10318.198094797224,222.85362916616756,50731.58259457585
140,3680.8650282671288,151.69926203450825,15859.105745670237,0,5523.321018678788,4214.668148781511,2888.3283854726733,209.83663529576057,1026.6109318746055,0,539.1042399539432,0,23667.58171114167,0,57761.12110717082
141,5561.045563910785,484.5682900083845,29158.70049283809,0,3346.51248541459,21930.652636375336,8903.83808240207,0,3698.077550715423,3380.8630499060605,0,9434.255184420264,67094.93500539509,0,152993.44834138613
142,4801.166506423717,1242.0388959090649,21770.431621495285,418.6656817681184,12250.804665611706,2206.6434911210345,2128.169879667108,0,280.64674166095614,683.809799432943,0,1601.4116126195038,23376.399330825625,0,70760.18822653507
143,,,,,,,,,,,,,,,
144,12325.911659748284,0,35805.90233022244,0,2715.4002364151884,46121.7062780283,14479.167125352857,639.3672440388111,6905.67741068845,6639.29274673908,1291.270857660328,2972.511830839522,47635.38323758178,39.48811923068502,177571.07907654575
145,544.7508379986558,0,3380.5166410700267,0,1415.9615884889824,2370.889800374608,752.908510685061,131.46130569310574,428.33956490083904,926.7394160882569,0,0,3404.5495166935743,0,13356.117181993104
146,,,,,,,,,,,,,,,
147,2527.0700710296187,0,11730.42940731352,0,3342.1341491619546,13587.60010435109,851.26949602226955,0,631.9973879446417,596.9224508924228,0,1758.8109648920156,10196.632227658376,0,45222.86625926592
148,2630.744791685692,0,7823.651284808839,0,4707.26008884016,7889.48718796249,2979.495732623762,0,231.74049863964305,1187.323678090968,0,1070.087689194232,8053.044351136826,0,36572.8353029826
149,0,0,0,0,0,0,280.00685782011203,0,0,0,0,0,0,0,280.00685782011203
150,3543.2330662002537,0,25589.085115740767,0,6657.646786824612,6272.394553990037,649.3742225390712,0,0,602.8654592677403,0,0,17133.108198178532,0,60447.70740274097
151,5452.273872435202,665.5286674136647,30307.75382206272,0,7071.315397229759,18506.450320130993,7394.357537871048,0,1585.3464039766463,572.7889329172043,0,0,27585.418948177252,234.92815502309944,99376.16205723761
152,10366.092151564306,276.1363218656197,12959.405460400156,0,1785.3732834511593,18470.403662162025,6531.169112562265,0,1582.4376654120997,306.5180124222649,0,404.76279147574706,8145.1847286541715,0,60827.4831899699
153,2635.644793197947,0,5047.824265117611,211.0704356765728,2264.148130365293,10845.604834163652,5252.187829193532,131.4914075672136,634.7766065028969,0,0,0,3074.689487226209,368.7667381935531,30466.204527204492
154,9250.398943811108,0,25160.79225698547,0,3264.4245628446383,23903.006112749805,6708.298973085989,0,1929.1286371772144,3220.3966794416046,2802.636341847113,0,25133.64245288686,0,101372.72496082986
155,3382.8297078840224,0,9675.080067474311,0,2345.1661611032205,2294.870907719715,1213.9304992455145,0,193.49810432098607,2227.3315071229435,273.7695835353946,0,14234.277804302852,0,35840.754342708984
156,5143.0072575016375,0,11710.376820391828,0,6561.037542773996,22941.787420260767,9991.932967655783,551.8868825540937,1607.9391899410057,889.8178538477325,885.7946828739828,556.716080699259,26816.174389623684,0,87656.47108812367
157,625.5684944663881,0,5293.471197072405,226.0323172204631,4603.095652790423,2371.9011620144393,471.5092562373562,0,173.9974138215686,518.8929874949499,0,2863.6946973806357,3514.461132597805,234.92815502309944,20897.552466119527
158,2215.8163780054338,609.2106351457272,9198.920992815141,0,5561.250283119184,12793.405287096415,6860.041305909956,0,3709.9635662454784,252.20178404925284,0,0,16787.639231762638,0,57988.44946414926
159,3812.1047254275313,0,19310.39817476664,0,9552.372229402854,22891.567855868725,5217.316686671103,387.8755315758001,3117.6089949303164,1971.5979531733085,0,3770.293818856625,32026.229778672325,0,102057.36574934526
160,2753.171131987005,892.4590624222051,11547.615641851737,188.4512886307488,4768.008593207217,10317.03383463222,5488.890862711208,329.5151278232086,3435.601725203924,1545.1989220888531,0,470.9881594750838,25682.175091696216,0,67419.10944172966
161,3314.3065486253786,2613.2485456659847,11685.950122207583,32.44741558057846,6494.643488470708,15496.653347226507,7406.653230942763,0,1755.04817374044,2477.728938293847,912.9262186985308,8286.387731012801,30000.8663828736,1003.263369692066,91480.12351303076
162,1402.6674631508956,749.5733185315919,7381.095080545441,0,1835.4662717643375,13719.843909272267,1362.596427168714,0,1893.7342276574536,824.3019091428312,0,1469.8708866250468,13633.29797430052,0,44272.44746815907
163,3377.1082008748563,1230.0587587157136,11354.325610758196,0,7014.273715104652,21246.416230649167,4830.106717249925,473.1149446049034,1502.3132544117464,1671.4187493767913,0,191.90057789935145,22183.61542533687,1780.4280759681526,76855.08026095037
164,2049.1855705437106,434.5851619425503,6694.19784872799,519.2561137310748,0,4021.5262421595994,1582.066166259374,0,402.60808233867846,3197.3250108843786,0,191.90057789935145,2421.2166597614623,0,21513.867434248168
165,2696.989297491266,630.0518965973013,8723.398367266333,605.022542476063,162.81744518960008,2524.192294154159,786.8980084888093,0,873.7076947423784,161.96327077378237,18.8382028206575,0,3133.0093466454987,0,20316.888366645857
166,14163.211375704934,4026.0945182228784,17620.95058602537,334.4326467713651,5195.578647706536,33066.24966961666,5143.472564526296,473.9360634373934,3060.853382952067,1829.694146176446,0,0,22514.259278615133,0,107428.73287975506
167,21175.54526659503,10822.014761904667,19228.193947049054,0,1211.3293404062206,25437.123020851417,10320.48430928066,219.5694589197665,3082.761161278146,705.1834856885802,0,0,10617.59010022294,0,102819.79485219656
168,10056.382602395275,4217.234957419331,19683.60550440137,0,5386.140353479736,14881.899257250869,3639.5354284917134,0,3755.070965846264,467.42415546625944,764.9335424811459,443.1446551051132,9773.772914897487,0,73069.14433723461
169,24300.823498496335,2590.114447025203,17706.410103750477,126.09777855936458,3751.450062786118,22676.78946520736,7466.27428095108,0,879.276580261354,1276.642088647998,120.8266294969789,770.9286673017987,20142.88627036963,0,101808.5198728538
170,10369.709608223531,600.2836610141736,31891.81400949846,0,6710.190696207232,27295.900918913096,5624.774199738292,0,1353.4082282162635,1951.7704997981896,0,0,29357.228990859538,0,115155.08081246876
171,7495.158749565644,800.3840588525518,12632.217518803567,0,1633.032074777186,14204.849405522178,6555.597792566214,0,2582.462375538429,992.1544280179157,106.59421382708238,0,20757.218755429905,0,67759.66937290068
172,8039.68291159078,0,14323.626710253113,0,82.81873173387108,6259.042172228724,2386.010330354211,113.43197669125412,700.5628663472551,1831.2591416259456,219.9725817730761,169.28986009803953,9516.110676038557,0,43641.80795873486
173,4674.385439155455,167.59291286835003,6004.682498007363,0,1664.1652259800935,5390.984033765891,3939.5307361164982,0,556.9388908259274,415.84692558057475,219.9725817730761,0,5963.896246789178,0,28997.9954908624
174,7536.952501326675,1436.566024716834,15661.60409383849,0,3217.05242316739,5419.543223827172,779.2422260662792,0,0,698.0331703956808,0,0,19611.727379685726,0,54360.72104302424
175,3064.6842721244084,1118.7975751129102,8309.370732204474,388.5366240759097,1271.1133934000486,3161.875335108296,1904.1151971224024,0,10.956361955144018,0,0,0,4788.4904347955335,0,24017.93992589912
176,5821.141694055445,1811.3097942119211,11809.050447337982,0,4278.2320837396155,8053.518226283075,1881.4330998121725,0,672.3205682699429,968.6598805671741,0,0,16742.8347894848,0,52038.50058376214
177,1802.9601754409891,211.3257158364235,3090.8032554489832,0,1810.636356495574,2009.078938017036,1694.138767229633,0,366.12510187289973,1085.4980339043054,0,0,6921.043849601576,0,18991.61019384741
178,549.4869043419333,705.6270779711198,689.0750799551975,0,0,63.412903850014985,0,0,0,0,0,0,6746.263359287275,0,8753.86532540554
179,,,,,,,,,,,,,,,
180,12550.1637095701,4171.791498083035,19082.581381409946,0,2899.8096775805593,10858.273833114912,5694.656397142359,0,1574.8588139256112,108.23932524051722,0,0,44110.34885954492,0,101050.72349561192
181,5524.882694053698,1498.2753071668064,18053.454622128585,0,8984.457618412538,12611.915648715849,4933.55398783731,245.2608583061763,1412.714528986751,2511.400657552772,0,0,15503.670113499928,0,71279.58603666042
182,7313.780216985546,461.1111904097218,9456.6671769243,589.2246368744072,3237.883146370153,13776.824123717592,8135.497865410944,113.43197669125412,601.2324871583388,4543.682023482406,0,0,21762.914384344625,1485.4438490478726,71477.69307741715
183,5093.318675407157,236.56043145756513,14806.370508706916,0,5560.423859300836,10029.373341058092,3803.7421708019024,0,1377.4354118127628,1250.7228592602053,0,0,14880.28207255469,0,57038.229330360184
184,5791.209416717654,0,5825.223290166732,206.88524984855445,1682.772480119613,3682.168403127466,1452.1774221052835,0,442.6038280525872,2339.409966110571,0,0,8307.841816743938,0,29730.2918729924
185,2772.5762475996835,229.28806995998033,6593.378158881555,292.50881164527465,1170.0203222361408,5894.120585674129,1815.0687879989496,0,919.3729546242264,1233.1107427023844,382.7122101939366,0,19998.140351980644,990.2958993652484,42290.59314286214
186,794.1081755022391,0,2745.9127958274144,0,621.3825281721448,3185.1371907952425,1219.6322574657618,0,439.0464085278372,1171.794923757824,713.3466635464944,0,5927.841040558672,0,16818.201984153628
187,6029.842320381302,3036.7144438237524,6840.306167339197,0,6078.423707938672,7245.162848898306,3899.473224856656,0,2525.4684926943255,1175.348539479212,0,2016.322310815888,36466.568483163755,0,75313.63053939102
188,5730.031924869338,2124.5261522077594,13345.085749791346,188.4512886307488,6077.709316520933,13226.649197676064,7526.700709502664,0,0,2822.5783603682603,546.6753927317893,969.5970102109983,20946.568106535546,0,73504.57320904547
189,6961.892832754727,3007.73269655607,17072.834623975534,0,8109.041686452765,5392.45775914745,2643.0721849557704,256.1778850080244,1557.1172411688738,1328.9713723010725,0,0,28772.645750063493,0,75101.94403238379
190,6802.1678001944565,3014.1803016667227,17327.211599743692,0,3794.430111845538,13962.601598419262,3348.330767547444,154.5353361573622,1722.7396200829753,3080.579639932877,330.6344533525578,0,11829.024635824417,0,65366.43586476735
191,3173.143526482887,2205.7912651543525,12225.759163635435,0,1455.021716187444,12811.16894716254,1164.6942032760662,0,0,1621.697333529557,0,350.426602505539,0,0,35007.70275793381
192,7015.796092669165,0,9430.8959919568,0,545.5663146861393,10199.461707248756,1112.0180292013813,291.8135259814206,1782.0667649643842,582.6522021910512,0,0,19816.38629717288,0,50776.65692607202
193,2991.898520372881,0,5184.0782142593525,444.4704423605166,5187.14685588724,4170.457282654493,1343.4267815528774,0,1093.5781929699383,758.0999168814691,0,0,3294.5930422879887,0,24467.74924922677
194,3654.0758986378178,144.43346574124396,8095.397791532157,0,2302.04108222391,2952.1870768501726,1814.1308385175523,501.84127700087055,0,957.9740948994177,0,205.01950792157615,10839.069031087633,0,31466.170064412345
195,5102.811782103665,307.0066881312272,8356.655311317398,0,6395.264739662335,10342.072852633686,3513.4240075448665,0,1138.3501547082988,1775.6647608163148,0,1251.0252997937246,17751.305067639572,0,55933.58066435109
196,4633.164432659056,0,5592.06000735351,0,2015.1344725704012,9628.563840948937,5965.448916138884,0,1509.1838330140158,494.000647644168,233.0798301990864,0,25932.149009959427,0,56002.78499048752
197,2394.07089838295,339.02875013032127,13375.339262779984,175.65818668929614,4801.271652256547,8568.423006351582,4174.949154753943,0,391.65253652402026,194.99259462621083,0,652.8521665485086,9046.10519366208,0,44114.343402705425
198,3732.6094758548625,2326.3970043634745,30598.20081867437,0,3377.217732644155,15838.686861198246,5837.1254076004725,0,2342.616372945902,591.2582281854877,0,1241.5184581228489,21633.84936583383,0,87519.47972542363
199,9855.348516917256,10597.019566807812,16921.026610334313,785.5275148310969,3094.8994849062915,18999.494904576,6400.628564410343,0,166.25433720389637,0,0,11897.641139483048,58306.71494740911,0,137024.55558687905
200,3378.91070383092,5863.954180473497,6578.558710757544,0,6185.284841320425,2183.625950253188,1044.5794714106578,0,803.9216617682587,757.9118733497708,178.79455100602888,2837.929256081726,18394.881739788507,0,48208.35294004057
201,2988.1979855774207,4708.024515055824,17875.22795938576,232.74901865278756,5795.229865920699,9899.816328592731,2127.101327135444,0,1323.528790298353,1367.1202869800236,390.4402584072424,0,59659.48588696917,0,106366.92222297553
202,14779.142003068917,3954.03338643199,14890.040720771342,0,4818.357548450318,24437.864718353336,12712.504225183371,256.1778850080244,1712.2532617634963,2724.701066000532,0,1251.0252997937246,43786.530247120245,1302.164373891989,126624.79473583736
203,7979.237774230848,5094.032885681264,9493.40558722679,0,4901.148067562458,2718.9523641070095,1942.5928719426552,0,716.2861489478391,1593.9402765262728,0,391.39981064434727,43667.9883839582,1302.164373891989,79801.14854471968
204,9131.855150016074,6561.48840615637,26656.05281010447,484.689440967619,5241.116553474232,21042.99574610159,5799.379611712858,0,4622.5415906773305,3525.7382420168697,0,0,57722.2657396735,0,140788.12329090084
205,6753.788844344511,8637.872908765916,15540.099421891722,2185.23204273602,10677.542611643998,10062.211978294614,5141.969236284392,809.8732779706849,2152.847228387992,850.3429976734839,0,0,67169.28157931978,0,129981.06212731313
206,6270.38868352146,5153.961677218663,11573.32707106733,714.9122336419169,4282.086984701474,9018.077529017304,3499.8668597367673,404.9366389853424,4075.770739033467,3483.1977268067058,178.79455100602888,907.3059464594646,23337.821473826945,0,72900.4481150229
207,9497.282863472647,5992.024827502107,13549.450323346608,987.1107347981182,5795.875161878368,19191.463837790823,6083.585363557236,0,1367.490552456556,3818.029950991288,198.9220760471644,6458.861547466538,72829.48264490777,368.8297280469639,146138.40961226218
208,9898.686216712715,4519.855319813583,19253.658245112572,206.88524984855445,2429.4451975383563,20870.76324267267,4564.164859638373,0,1372.810634390564,3180.2257993644316,255.18132675823088,425.5522865259062,13800.816392237128,0,80778.04477061305
209,3422.2216153950167,0,13398.896507876989,0,3982.517798000762,24604.111409696583,7800.861800903872,0,1157.7322785678334,559.5285453921723,0,425.5522865259062,12410.646179816877,1225.7049127254402,68987.7733349015
210,3834.362003527277,3024.085296454201,18406.355091371897,0,4344.526389779225,15781.492447852655,4516.835798455712,613.5737186731862,3825.9698648171743,2941.193758198031,204.8887882756828,0,5816.730106387709,0,63310.01326379271
211,3733.0546073434384,0,18158.529769864526,0,4284.129706857542,21445.421089737854,10667.308521552965,0,197.96674587653573,2272.780242050594,0,0,10377.41398178852,166.77799725543304,71303.38266232745
212,3333.789710981775,0,14662.223161331956,0,5565.4151353931175,9751.222402070476,3610.6107980554457,0,2266.847076188412,2612.2306745507344,255.18132675823088,0,13229.50915239524,304.5291175976703,55591.558555323
213,5621.252794008454,210.00442876971059,15620.031216100871,0,8534.095612325988,16528.059549691305,9461.229085993395,0,1568.98480515451,2429.7596605819267,616.1740851534369,0,14382.518585061973,0,74972.10982284148
214,4687.667220926218,243.69633667518457,8026.12375837208,0,3058.3480659863726,11605.63232415044,3981.6791769979313,0,1168.2052590724174,891.4410666049948,0,0,4649.109636157534,0,38311.902844943186
215,7774.320788585514,0,10794.31566710577,0,3386.8813256588887,15687.571972397584,5014.289319954308,0,439.8862063791796,1669.6664959685245,0,0,14103.015265957683,812.968907088883,59682.915949096336
216,8882.187785282502,0,5950.3564601585495,0,1954.59695914424,12294.341946244573,7846.843013247338,0,2315.680342330151,1700.5013412562887,424.97415237508307,669.3402679860327,19875.868088738305,0,61914.69035676306
217,5809.6754648376145,0,3715.168747466929,0,5428.560642571329,4588.991026618881,3334.3531405308863,0,1564.6191719540343,371.8242875599675,0,0,8540.259423878904,0,33353.451905418544
218,12760.203984730944,0,21183.869545496953,0,3795.316809020207,16483.661541166002,4518.789003410293,0,3672.624427901068,665.601045547995,0,4163.673402797841,41108.48968365808,0,108352.22944372924
219,6287.419934285307,0,6344.11600420701,0,4719.969724667284,19476.30181113414,8435.311565374566,0,761.2000405498496,0,0,0,21560.532825370618,1616.403755572197,69201.25566116096
220,4858.370665635006,430.6987048350163,9588.0568331027,0,910.9466163009133,8592.698922548048,5976.906826326962,0,792.0823997704812,968.4728392853121,540.8307040568925,0,17238.486989053577,0,49897.55150091499
221,3186.1157432037367,216.28551616988403,15811.542681564368,0,6585.944569542137,17492.612845428026,6034.19249620235,0,1225.9029401123998,1307.8600576432832,0,2768.912160201479,18677.61302833241,0,73306.98203840009
222,3913.5811547537287,621.2555669057609,14705.966618399316,0,6113.854112326947,19391.30386576978,5069.1593851863345,0,980.3488455736042,2592.5248145207606,0,2502.405273472214,15588.505108167416,159.68214054877382,71638.58688562465
223,3379.8047132374727,1007.6980245897252,11605.164459708045,0,4228.49039083438,5603.038031954974,2297.9832145235177,0,2242.5554040225693,881.6195126663563,389.4572842113635,0,15067.56808450274,0,46703.37912025112
224,0,0,870.737734327831,0,1054.9304700877371,2264.256915874043,747.1771262262714,0,1408.17959235358,0,0,739.1518722364847,360.7569104722719,0,7445.190621578217
225,4668.4664307080975,1431.2597691764568,16355.128725518704,284.5361084761897,4196.319151710541,8560.51879776642,5117.098828238164,0,0,2278.4974214622216,0,0,17990.783323589578,0,60882.608556646366
226,12446.799121861271,6109.10697231754,24682.890127774644,0,11698.298406565142,17021.085770077585,9997.57521541955,0,2745.541690359424,1595.2451287529595,0,0,27475.158185620945,0,113771.700618749
227,4836.081796681766,12566.761806625298,23324.716576625884,0,2519.1397570234885,10744.704091050764,4598.776158907961,0,1553.2908933194392,542.4587398968257,0,391.39981064434727,36414.710996282294,0,97492.04062705804
228,10925.531311806968,2681.670048516341,8887.245651863546,0,3913.7069733018193,4601.308119644691,1018.7757579003032,0,252.6994958274848,207.3042551119416,0,0,31775.02537120737,0,64263.26698518051
229,13111.28962314416,10147.95413079522,35876.38280493547,936.804523897619,9299.558671826719,16626.74456704478,15633.300001632344,0,2067.623129363351,3618.1168165068666,346.06478147399184,0,101420.34195985718,748.8748859334116,209833.05589641083
230,5830.182655916274,836.6849932172832,24466.349813461173,0,2578.0883252231833,7558.131610786047,5700.38799311782,0,2171.7050425803745,255.53796624831105,616.1740851534369,0,45767.87010301695,0,95781.11258872088
231,3769.1596356633095,0,13096.582737880935,938.4786469061696,8171.307971192468,7423.7952068455725,2541.6057334144966,0,2637.072295623015,1172.54986414488,187.9674666169945,0,8839.270309514302,0,48777.78986780217
232,3937.4758316753687,326.891043246083,13561.473653161976,0,3699.9709622755745,13309.93472432484,5192.66191142382,0,1412.782846409987,2271.4277502855416,192.48807035837115,0,23810.584963780733,726.9884626495744,68442.68021959194
233,7367.2562503630625,441.31727011940507,13987.330034535084,0,11829.087601655312,12649.246629087316,4188.647266260214,0,4541.629141268077,938.1274376669675,0,0,26032.68590137018,0,81975.32753232551
234,5734.436083757341,507.1291782553772,11570.441011336334,520.9983030960154,5672.118906134484,8130.103050569779,5543.9208719089,0,2952.3723376902217,2775.2320521868064,0,0,38597.51707198051,0,82004.26886691578
235,6845.830561051059,0,14970.556139745504,0,5253.176077165335,15547.39775977974,1393.7031139813173,0,441.694699096451,1987.3779223355264,682.3808548663956,0,39232.34463995589,0,86354.46176797715
236,3942.8464253336606,1261.846903956099,7424.482000327969,0,968.0987082525386,6817.848160159089,4457.873417406316,0,1430.6975862799436,426.97586438466993,682.4349345943507,105.9050112328553,6449.584630647489,0,33968.59364257498
237,4165.800719490995,1068.824460528088,6778.190786600113,88.6375171641047,1088.812613683412,10229.355561043232,4830.181489112759,58.179740784029846,2020.9901323184376,1924.9038904616193,109.45357050116876,139.5435331785104,8243.018439385554,0,40745.892454252054
238,6126.095495000341,0,5878.850294941267,0,0,8666.474894609568,3608.598765470744,0,474.58485462400984,1386.3330292035462,0,105.9050112328553,5678.209823210169,437.5424189726667,32362.594587265172
239,10691.139977340712,2253.091538519831,12908.280208221866,0,2063.916345375232,10297.282448664844,3702.6294804222975,38.40421817150848,2680.7805350233393,2208.915531232295,73.31812049308314,0,13628.285393807631,0,60546.043797272665
240,5425.813537363945,1241.3768320330576,6397.367441229296,0,1349.4896921320724,14584.772604642814,3648.1516286114697,0,2071.548630576883,700.0288030008574,361.0924235931031,0,5563.856332706972,0,41343.49792589045
241,4772.781589038098,2503.0944143237884,3947.3805180295767,0,248.80715072203884,10831.728567762302,3639.105741138244,222.48303724589857,472.34815011575046,694.200829139709,0,234.49029372013297,4211.771481795363,133.86152184308935,31912.053294874007
242,4312.913652145499,778.542768628403,4940.4080545943025,0,3101.4452054312346,10474.310987503424,2877.6155753674093,0,791.0655769195312,2529.1826694604847,228.06750769760103,1433.0511763540603,16403.35368200359,0,47869.95685610552
243,7288.58333327236,652.3903508462425,11012.292901194383,0,9545.939031765873,28329.078244845947,6873.60241487737,0,1382.1090723762115,1502.587838116206,33.73373524375225,2486.7129208131714,30888.882671216095,0,99995.91251456772
244,7942.64677224808,181.4293052312894,17540.545208858784,0,5430.413869185601,11592.358649371756,2571.3262606350445,1278.136837034279,1290.366668593171,3023.598955702055,0,4325.57535392694,34416.11223613183,0,89592.51011691887
245,1007.6393896464898,0,3064.0302162519265,0,429.3121565308614,5456.924813642875,3413.832407492806,0,0,502.8955198225046,152.77898654837398,0,11632.109797908648,264.71966551674586,25924.242953361223
246,5747.3661346662875,0,9504.88040647406,0,1712.8394971542684,6434.054268410635,1402.8453646891228,0,1031.8039436915014,1516.4853440875734,0,0,15867.40669897038,0,43217.68165814382
247,7829.711382355617,0,23193.65937429835,0,11292.246459176207,19028.343584059483,1776.1523449654917,0,3232.83558811116,1598.4491938690403,0,0,37625.214372398266,0,105576.61229923365
248,0,0,1119.7117864322447,0,0,80.2118145299875,295.2151115811237,0,0,0,0,0,0,0,1495.1387125433555
249,2755.6665010901656,555.8537992698044,13595.21310118746,0,2436.709519982823,8864.194961810193,1642.42615155179,372.5147569007912,1760.9963591666815,949.7614818817375,0,339.0999057440472,20065.42684536282,0,53337.86338394837
250,5049.912293093291,0,4037.8986750053978,137.23256871641408,748.503261809276,21191.15091650737,4841.729840590871,0,1795.6280000965655,544.2364816615808,0,0,7213.196165644661,0,45559.48820312544
251,3141.5238067824043,0,380.6095632335364,0,4272.114989993079,9536.822444945436,2067.035081404652,0,2164.545245414198,1741.6985650865458,517.2005647088336,0,7857.381201665352,0,31678.93146323404
252,2607.886787047888,0,5061.78561823192,0,3656.890165083908,12391.385505028757,3181.5591564894553,36.721267267110655,426.91627331247463,1194.0572042928434,0,0,5820.329772026989,207.98620172033495,34585.51795050166
253,994.3646740580735,757.3878788206928,1905.5362083245277,0,158.33170879384187,3811.61720230502,623.2134080834361,0,0,66.37378727098518,26.50104681576783,624.7439208851331,4079.1103174683462,28.81386544696207,13075.994018272782
254,26370.539845619987,405.4152869926162,16958.752501433606,747.4986742800692,3463.200835218485,25957.331925246923,8849.328116697137,0,1074.2044061175488,2457.8287526183176,1038.285330661968,1305.4933886761294,14406.31606538422,28.81386544696207,103063.00899439395
255,5613.719712646729,321.41471303819736,11384.259695027184,0,3745.396610136137,26098.15620807596,10100.61689940188,0,339.41948907601653,2466.5203666205143,0,1830.2768751505732,29514.56804754793,0,91414.34861672115
256,4302.583003459633,0,6867.027796677718,0,624.0700821196447,12826.090189638968,4158.551702757113,0,1363.4946327493883,1863.49391968164,0,0,16374.612092452113,0,48379.92341953621
257,7632.726483655544,306.41420480817516,9885.9962065840209,0,5134.088923803695,10075.806828596102,730.4883586266116,0,1406.139259822462,2827.0645632777623,331.01424387896157,397.4223765924166,12860.476406280632,0,51587.63785592642
258,6273.143827645192,684.6808853957216,16432.415136644835,291.0650150283383,907.057784289054,18001.879391832023,3589.275509558129,0,1291.8628960959486,1001.040692226444,0,1783.617750195722,31819.831597535063,0,82075.87048644645
259,3288.7041997882043,992.949519198545,7235.369109564848,0,2828.076479773556,6241.78960392865,1585.352732470994,0,607.0470571434378,458.4355055335552,0,0,12275.008275096114,0,35512.73248249792
260,6966.58524568012,0,18669.13915817672,0,3165.4188967142986,9119.9039104708,3335.3097548661085,0,222.22232234185816,2265.5476453230435,0,0,20426.76844774522,0,64170.895381318216
261,8088.636085854027,0,18439.787614299003,585.5146523970163,12753.218673613685,14020.962597034675,5191.632616428752,0,753.330212504552,1319.1879284340987,0,0,23461.67569663703,0,84613.94607720278
262,5159.696037498379,0,22961.035975565963,0,4221.542120812799,7233.012760897712,2795.5385072567674,0,1838.5221956765567,0,0,564.6558558947058,28919.879053598077,0,73693.88250720096
263,9594.470629750873,1208.3215918095802,10083.360749844393,0,6610.18914182755,12973.01434822928,4140.785587658151,0,1243.199146324224,3805.787109380373,403.16681086003297,0,44508.72246304602,0,94571.01757873042
264,7644.523246976559,0,26180.501001562447,259.25864774936906,6561.948604560825,24933.56538847413,11050.706067741336,0,3940.82153430608,3986.923679272662,0,1624.2705654493575,28743.30160462255,549.183291232015,115475.00363194736
265,4927.8711344331905,292.38361364938686,16864.075922499076,0,5846.929813227381,13671.692929432902,4416.172955080587,0,1811.1685818565256,4216.006836510369,0,564.6558558947058,28707.365818593044,0,81318.3234611772
266,1890.473595486755,0,5251.67535362445,0,1636.0013535792143,5902.082179162708,1367.17735498848,173.7330618097766,1022.6029387137164,838.7407653467612,0,0,9010.962912848776,0,27093.44951556064
267,2463.355915357808,0,8794.33639850935,0,1818.6407243831147,13693.870346752805,6098.131740195129,0,1783.0419661015387,501.965614006875,489.8927845080245,1530.9449983141744,20668.102783573817,0,57842.28327170264
268,1914.377935467056,47.603209325182775,6126.916303138022,0,1972.3621950495883,8287.278710953186,4741.851365710547,89.3409677861579,531.0235878049291,1379.1350005648198,40.4996231550819,98.31280996878941,3319.462066306836,42.54094945222595,28590.70472468242
269,4598.363625698306,0,6392.78714396443,0,1703.3941582363618,18616.458012354033,7135.270950475339,182.66068683575017,3253.4568738301145,1123.8257587451972,33.3581446904436,447.02294511042874,14387.760123718475,0,57874.35842365891
270,1517.2817886246903,0,3739.5985637783015,18.789584509547616,297.02784570147446,8835.564559042128,2487.7430067898676,45.64621552114144,1212.2834128989198,990.1212477682477,644.9127192506696,0,4544.858083123561,0,24333.82702700856
271,3191.5398889708613,1773.504381873572,2271.4842411552117,0,0,2689.3190150761525,868.2403854860703,91.50550974518097,1955.4163438668588,1881.8753647633464,0,0,542.0936932539845,0,15264.978824191236
272,996.576177331541,0,7865.638521526685,138.33543342943037,3839.5696492602806,13258.399089997158,5883.613429845699,0,1652.3665528461086,939.1726394940256,0,509.90765975523107,4969.147152827998,444.43667887883805,40497.162985193005
273,5061.87809583457,0,14561.069800077394,0,13646.779553890954,22015.083663942452,2842.9573580703004,269.8220691543362,283.6069004291367,5688.31682071085,727.0276385778111,56.91444353589624,23686.18532548583,0,88839.64166970953
274,25774.892736471025,0,17914.405897051955,0,4375.373230017616,22584.652520934043,7601.022490763097,152.02304924286537,1069.7621801174569,7254.950919004067,0,0,11960.594119994992,0,98687.67714359707
275,15626.900840731303,257.1419603040662,8726.911202151116,0,8309.87060919072,16585.40983543433,6322.726508243054,217.6012580331112,4404.030063445128,1074.9050586295343,0,402.2765222336984,14387.563948699582,0,76315.33780709567
276,15080.144111533107,0,25449.21938324689,0,4759.88121109476,33672.35608635643,16739.55658536856,179.94985078034568,4930.412118435383,5213.470885137869,0,0,33961.25212928147,1447.7210338865298,141433.9633951215
277,6268.432394295579,0,8525.73335023802,0,2351.4172148817693,22545.03902074687,11389.197184568584,229.31229533862583,8194.067463610832,1554.0842742568768,0,504.55863555457125,8182.414002612526,798.09806936897985,70542.35390547321
278,11820.394572092344,553.1936681790819,46703.33991061164,0,15962.277189337065,12176.101579077203,11754.824830746244,0,3063.005088172823,4225.5989626760065,399.7834521194763,1835.5615909927676,70517.34899028552,268.78977489538016,179280.2196091853
279,4373.85271104271,1258.3934735248245,23065.097362130808,0,10424.925333901489,7822.065181850827,1813.284441144537,0,1619.825719417305,4467.572992205011,135.54193728925537,0,22685.373338578545,0,77665.93249108527
280,2490.6200870221396,4318.838358753977,15772.476228107464,241.0599366929773,1062.837379713896,18380.255502565786,5021.385068957016,0,1695.4562886060946,1739.4234484765634,630.7324607520379,0,6774.387604525195,0,58127.472364173125
281,2315.5198560816248,290.4635125866255,13494.129095160288,512.9701124809034,4454.067202098402,16117.387174329284,3895.649390533072,468.607893718812,5451.286113530734,2876.048326500044,0,0,10393.649378162356,0,60269.77805518217
282,2463.6371092292643,1675.6413997295242,11077.12470955077,0,3499.77565253788,11572.475334855715,8240.374255126206,0,2221.0124246607957,2333.1152563732476,0,0,14266.31240949622,0,57349.46855155967
283,495.1307071598048,422.2718005945546,2369.6311177914317,0,1496.9733024726863,9985.3606912663,967.51771757489,224.24575449814563,569.6975172449912,541.0211661081669,94.46375175339182,0,5530.779276907001,0,22697.09280337136
284,4301.086681906392,0,23066.708669498617,0,7433.960326648436,7033.66389515204,1297.8057972103925,0,621.4020091413745,8145.209017783454,0,0,16610.514210212757,0,68510.35060755351
285,2333.3274815930495,0,29403.908398235173,0,9990.371931496215,11227.747788190854,6703.030866785084,0,2340.649034028448,7836.50128485203,0,4355.694089881912,23143.641006797596,0,97334.87188186047
286,3467.7450253034986,663.1115352138233,17249.43046515155,649.6585896681254,1898.8625328542605,10003.751981390478,2564.706694198533,0,375.67541967109,1642.1908765507626,0,0,3303.7994395604564,0,41818.9325595626
287,1054.8119227990724,2439.0239828840186,13682.768564624294,0,5380.563287838929,15544.680251378364,6240.683394545841,0,618.4040546573384,2536.9492348680906,0,647.4271535714199,9275.569473776464,0,57420.88132094384
288,1244.0737690769452,3727.911443456748,7189.16118592612,289.3835154978472,4640.249124975794,14415.500347672054,6968.828968352865,0,549.7030522447938,1110.8907390857912,452.05267185487014,647.4271535714199,12527.892911616686,68.70383996503544,53831.77872329694
289,2897.9600547947475,1046.7079635878708,23884.61734036575,274.26862464520036,6564.529328589045,24015.72127327959,7649.822137265791,179.94985078034568,480.803987338459,872.3953317251008,418.6916795217951,0,17400.56259865201,68.70383996503544,85754.73401051069
290,7634.766401521875,4294.954950127116,16483.940427335445,0,12045.365208934469,12730.074913417311,1920.1377137932009,0,637.7920093131497,1828.8006475264503,0,0,10557.205544771312,0,68133.0378167403
291,3349.0296897082753,2355.7273583525975,30041.240239765877,0,8429.771470448155,13457.255633187902,3053.869290155203,0,1607.160711939474,6583.984609407881,0,0,17878.979496654545,0,86757.01849961987
292,1710.912809035803,5077.229795683892,13474.97842504954,0,12948.814105928242,7242.570509661408,5073.687915814553,0,0,1834.913717986473,0,0,36320.40269002733,2959.85964188354,86643.36961107086
293,4307.6435214022895,4093.689865513736,22064.09878542875,0,3323.637846559895,12141.28842428822,4274.364676758447,0,638.8129950945033,1239.002620149242,0,0,22607.22575980174,0,74689.76449499685
294,6091.3874629565635,4043.6584274880383,15381.108996158566,0,13576.28213802144,5017.557068463283,4698.929850615634,0,2198.962561333669,4973.063111433405,169.15456117456245,0,49283.00028652259,0,105433.10446416769
295,3540.6236235886804,11185.03271101924,24955.777827062146,0,21068.915055708465,6557.802074611472,6175.307201808169,0,0,8318.622567910912,1578.450627371613,0,56285.4194532204,0,139665.95114230106
296,220.6551003851243,0,1983.869831587404,0,1120.1135449834626,808.5959948021361,859.4292180526165,0,0,431.52167558469074,0,0,2634.970785209792,0,8059.156150605222
297,156.82670026058395,1150.969545091923,886.0145606117323,0,1387.7420454169908,2692.72992398432,714.7805943880636,0,0,202.30384548801717,0,0,283.83696615063656,0,7475.204181392266
298,7686.474493965256,6826.554464749848,50360.957717939425,0,34930.12697934495,18558.212663549148,6843.942926994149,0,259.0662398520471,4976.914075882502,0,0,76955.93661086776,0,207398.18617314516
299,875.7862831995137,501.26827854819817,2773.1132816004274,0,1702.823619053356,1492.21635941792,157.16608897809553,84.491230869822,0,441.335974845232,0,0,858.8794313634411,0,8887.080547876007
300,102.04200587907086,0,0,0,0,10.279284804018989,0,0,0,0,0,0,0,0,112.32129068308984
301,31333.44579929592,8480.101404662735,40275.668565134656,379.67535153125175,5168.0116212211415,51963.16565399984,9638.0983753086075,271.00580798650964,2545.0190884912868,5866.399751511072,0,1728.9476658133344,16978.289423673898,42.54094945222595,174670.36945808277
302,5968.615846364631,697.4767937212362,15494.005589167193,0,1326.584667646848,14508.067243051864,4459.6988716004435,397.38926802789376,725.2075522839431,2430.3462375578065,46.55095698255876,0,3687.476169986815,422.2700642421262,50163.68926063339
303,11412.39784427788,1047.5134807721658,28844.714458543116,0,2812.2187769573093,16529.99861472519,4137.227999448287,401.9995521255899,2714.376936461742,4318.100596605011,75.89110938306422,0,6829.705483084004,0,79124.14485238335
304,11105.296423153375,2242.6680964292273,14651.498991159691,0,1939.45300216544,12768.73167515544,940.3882564509656,0,1605.3627370024296,3669.8532325532506,0,73.94482061497382,4144.464834417157,537.5795497907603,53679.24161889274
305,13628.836881330308,216.90724266545513,27312.77479229144,36.746809636877664,18273.439813708817,13912.193998517168,14775.68674120894,64.39136406155231,444.79220796544666,3926.8298038932935,0,2169.881611164945,31820.38620062179,0,126582.86746706595
306,9545.245509647357,2661.6418120182116,38114.63811217617,0,13304.692539294,15852.458230239035,9915.719562114235,0,450.1571044270942,9512.257109652026,878.5125889614426,1813.982754190277,63613.80609636347,0,165663.11141908338
307,5429.797418101416,0,28985.530439251404,0,6932.270610931963,12239.603411494558,3335.727105522346,175.86552726541177,335.56770825114234,725.87329793003,514.8995574971249,2470.5810443924843,16263.292312870692,2203.7463479684757,79612.754781477
308,4439.498006195848,464.249241892196,31886.318504665483,289.3835154978472,21752.60189827499,10021.371762442628,9551.403243084033,0,48.861339874116936,1515.017184305622,371.59474149155346,0,53238.527560335824,0,133578.82699806013
309,2367.017482051037,1197.078685346372,14720.336668059395,0,7025.540238238183,6554.061809519187,2862.7245798609574,274.369097655689,0,1075.5983706502032,0,0,31476.498905851033,0,67553.22583723205
310,6731.558806274312,521.0176126472546,15032.566357842185,0,10660.346429188372,3785.2610208531273,565.0296028793607,0,0,2054.389461386502,501.5354459932451,0,27539.30028053687,0,67391.0050176012
311,1732.6777185467129,163.1108616373943,6551.481805174398,0,1525.7259970595078,1528.6346222049212,476.5245721857371,100.51672049796476,610.2280151252203,971.2418268378012,0,876.8448841912907,18130.01432632279,0,32667.001349783754
312,1835.7284628611617,3502.1412600213102,30305.638573987333,278.12185944618847,12771.26328504912,6843.095208352968,6172.4540784365545,175.86552726541177,1185.2528310525552,6134.866823838091,2198.637329857362,828.2956817214714,44178.57570393672,1766.2039289958088,118176.1405548222
313,8167.814974500835,0,14266.881399162694,0,7614.054142418557,14853.008325874838,9997.565325617044,128.33428451402105,1021.4677950236594,1661.237472172782,0,0,25821.84483507316,0,83532.20855435757
314,3067.8070208654,0,9953.648480774673,0,3794.9573214511265,3627.7227424695616,2552.038954176656,250.5116456336685,511.1265381831722,857.2440424765355,0,0,10694.108401073308,0,35309.165147104075
315,7153.6723560690925,0,27017.95582871477,0,10615.488075398613,14959.999866785862,7160.054737448814,0,1078.8676288729214,5958.962262569981,2053.7040754422674,0,43544.54708706703,0,119543.25191836944
316,16943.4186798958,0,24556.120048520992,0,13091.559977861974,12578.886421834835,4764.782239197021,0,2384.7787350618296,5134.340489509061,768.2869852180435,0,56377.477898144294,0,136599.65147524377
317,4748.122288250624,2213.241422146491,6726.257321357628,41.216675170895755,334.90523465339095,13694.605655596097,4215.107138842987,321.26958447412005,941.6621888016077,2471.4390836073976,303.33800459967216,0,4897.995954517324,145.72567706256936,41054.8862290808
318,1053.8575135694605,550.7411912629717,1968.7975179397824,0,134.57745836622274,5853.777232743482,3001.837262828937,17.289684091834786,2713.718686024293,112.36339297372304,0,77.14076692824563,561.0327389961087,0,16045.13344572508
319,3914.15517645492,1058.858719699031,7763.353255884152,502.865100290578,1470.1685115620917,15252.282851973025,3893.1719142571415,268.67708006771363,1833.760250572532,3128.9361148108483,0,0,5031.619950830771,22.35802508791953,44140.20695149068
320,3841.998258339476,163.33637589485878,5655.9169708001245,268.35316653991697,172.0109347083003,16410.187805843405,6846.033158464884,334.4115923136807,729.7301989417032,2792.898117588756,446.72653086175967,0,2476.4702041452565,22.35802508791953,40160.43133953012
321,3891.818586590367,465.784649115826,20879.070833822974,0,4708.765646686782,13816.927972978592,5807.465593140419,0,1609.9018565165902,5821.017503448609,1217.805319066455,1908.3781637918037,51199.162877358925,0,111326.09900251728
322,9486.689242108723,658.6944534990026,11989.568541587523,0,4178.010354780528,25429.448076769957,11611.78608617682,153.52656952718868,2101.2137413428864,3452.059815967463,188.49722631412956,1084.9408055824724,12869.875713115434,0,83204.3106267721
323,4659.05396781907,342.169360872418,9264.792808482607,162.56098481249214,11245.742295785854,31367.250726812003,10598.514781035565,1498.5188812017454,2956.59824216213,4407.171127790271,514.8995574971249,0,8971.673486638207,0,85988.94622090936
324,16116.98288199641,0,13771.832526005375,502.865100290578,17022.567239576572,11635.014805447285,9781.534299017623,0,1113.8827029586623,5089.043882576105,250.01154669707464,0,23113.12606645946,0,98396.86105102519
325,13190.589969802046,308.3717805132166,15083.446003788022,0,6507.783617109831,11411.86715704086,3225.2761628313274,0,1708.5985192889489,2106.5040503456003,259.1377192604845,0,38284.140257515995,0,92085.7152374963
326,3406.5369778052923,0,11922.133578010453,0,8423.3967203553,16041.446620136325,8882.309416436996,0,2707.9308573588555,4996.6402248926215,0,0,23287.024102836316,0,79667.41849783219
327,5733.785087234264,281.8988221124098,18814.95096210976,0,773.301769051246,11259.136259591773,8447.793885234143,0,3228.723986516048,1842.166076183162,0,0,24704.946417647443,0,75086.70326568029
328,2567.42534301647,433.5222755222528,2595.9059159244594,0,2142.221175534056,16809.934442883074,3974.8682601244464,69.93326851939833,1612.540739887042,211.74877074882912,0,0,2578.5446763705672,0,32996.64486853065
329,1555.0588931630134,0,5386.016942026848,89.14617742467689,1868.0490933476935,11152.002427546044,3764.8720533607825,0,571.416434915426,303.81848359874726,0,1405.627799884811,2685.363819639445,0,28781.372124907517
330,9028.956916992693,168.37941338854617,8001.416623311713,0,3125.391610868172,18966.100058857744,6594.383678494579,413.55442285083177,661.3056520971301,1876.1315481350823,0,336.02617062158635,8289.290338569615,83.38899862771652,57544.3254328154
331,4439.504063926174,0,5623.381880658226,0,1926.2926417684591,11887.446620986651,1687.375902712474,0,1854.6111634741096,682.9495671241348,0,0,12112.731341973247,0,40214.29318262347
332,3080.8817328400182,612.0515990657528,10491.86616748912,0,5677.198724500951,15170.066154537755,6370.244532653437,0,853.2497463950928,2338.415693804329,0,0,13677.701536142302,0,58271.675887428755
333,2712.802744396594,0,8905.369321092863,945.4363328262828,9841.002276857898,8894.51379699178,8560.532174457707,0,915.5914753061084,1175.5708257259023,0,0,5889.133614478095,0,47839.95256213323
334,525.2212201304086,0,5396.067348951924,0,2513.662900682889,6446.278486077112,3446.2089014885396,0,780.6502861307872,1163.203155667248,101.4370257095504,0,10558.724915289467,0,30931.454240127907
335,3501.941497445693,1006.8339577432685,10682.374196014034,0,3345.3719685230285,10775.878984281637,4072.722034189112,0,1982.683935584434,639.6051818072483,138.14834669195986,1386.3998894962724,12319.615878499924,0,49851.57587027659
336,1507.2044284667445,0,7164.996747095469,152.85666336275187,4094.42075998504,17679.27709315258,6710.725720406204,0,1150.5874515559844,2165.0773162731507,228.6861962130573,0,9134.595617991252,0,49988.42799450221
337,4488.234535703426,2294.495369147871,6454.496173822209,0,4668.078081958611,27067.137040141828,19360.387915497937,0,1093.4797090608647,990.405013482657,0,2522.790051750937,3794.9207656381177,0,72734.42465620444
338,1402.2772709315732,295.185876454756,7283.902408220745,0,2263.9271382478796,11684.821975361983,6640.761677941247,0,1244.1340358515845,475.36281854034365,0,1076.6290928639155,5120.467685115997,0,37487.46997953
339,4627.812869716126,4729.194900188281,11299.403583904772,0,3222.091985488622,7356.702373551972,2893.7550674535387,0,755.3612296764883,1647.6398184715251,0,4357.366209301326,12398.756169599146,0,53288.08420735184
340,15827.77935061036,5821.2314494158245,15047.88919124346,423.3878570449904,92.28218774436178,19064.09425054905,1517.8594025622783,0,1952.432953688864,1814.2571242442543,268.34142424897647,2124.8806415881995,3734.178485348162,116.62087156924667,67805.23518985807
341,2821.098323431807,1410.5075164599336,6149.089087341128,0,796.6024195421448,16900.999063290856,1763.3510089489637,0,623.75957722119006,34.870793375163956,0,217.4420677999953,1599.8788483658227,0,32317.598705777054
342,2822.392394543513,0,739.9466040723522,0,2172.7702845460576,9003.689650980572,3444.182922552724,0,459.2793336485544,91.54385884359291,0,904.8777000426855,3697.6487054603926,83.38899862771652,23419.720453318143
343,2724.701852123473,0,6262.583158142237,0,3949.278672754044,14110.151472116577,9527.830085148276,29.581737465174573,686.185260952741,1548.2353595249338,0,0,11653.80608352106,0,50492.35368174852
344,138.3723293186413,0,79.28724484620807,107.47990230796783,449.69873601261133,3843.786636391005,819.9845518868256,67.2577176251157,0,351.9376841042341,30.749406515253636,0,61.49881303050727,0,5950.053022038369
345,2775.9815547167977,5424.228493083074,3956.97074811398,1376.6632780503244,7170.1983468810295,29655.60298697755,18669.92421431876,0,3554.5181404734294,661.6380502191105,0,451.30176127756255,17403.767601781463,0,91100.79517589312
346,2698.1329992452156,4371.71810015511,2824.379959108214,848.5316256385939,5055.347474787539,8751.267033228802,2087.746857789682,0,668.6619316212793,396.8695014464879,519.4869630475924,2561.9838024655214,11950.478732758504,0,42734.60498129253
347,0,0,338.36700302007887,0,0,733.6681917177315,359.419497826774,0,0,0,0,0,0,0,1431.4546925645843
348,0,387.4082251104489,21509.5590113349,13246.189578523472,22069.45819624312,32715.934916670227,14809.897387837633,0,2543.036545979379,7942.821969678659,0,1614.2027312922078,37429.144957083336,352.8550818719792,154620.5086016254
349,136.5413963223564,0,4483.712358210405,5659.489312476211,1912.275883926376,6430.730036517115,518.3228992667523,0,236.61521474495373,246.273940157681,683.6392690812074,0,3815.5632629419856,317.18855583802684,24440.352129483075
350,0,0,0,0,997.3968263169273,0,0,0,0,0,0,0,0,0,997.3968263169273
351,665.4587228048078,6200.9892351324825,9036.829188897995,519.4869630475924,6088.665840258972,14276.298150656618,10124.147649037735,0,1399.641653183082,1824.1118656403871,2694.567935343298,918.9353112623951,38282.64779025154,662.7281712187059,92694.50847673563
352,1627.754117505317,7151.703789823216,5225.517087539308,1774.241045531717,6136.759684552877,23743.335118464165,9278.512022886713,0,668.478086764244,5562.942190072371,508.87291784860054,0,26790.363655417168,0,88468.47971640565
353,0,0,0,0,0,2062.001216320742,424.300844567101,0,0,468.08254877629383,636.9395701094923,0,0,0,3591.324179773629
354,,,,,,,,,,,,,,,
355,,,,,,,,,,,,,,,
356,4605.521019254261,6020.639464452005,8751.479307150612,501.7576260930104,9891.026410513468,12361.921527424922,2412.981260217261,0,2736.3737502898375,786.6182822895373,544.6851639457415,0,39700.639397231746,0,88313.64320886246
357,5092.124602438336,10673.665631840267,5323.400113256555,6096.142519843817,14100.898500056805,9468.48074851673,2968.704999049415,0,1515.3330207288832,1637.9210044804072,81.50584625816376,1493.9474589500587,45823.9060092129,0,104276.0304546323
358,203.75864976587067,385.66969630950047,299.1900365373674,360.01100076481424,573.2971601540403,1297.1566941201822,0,0,0,489.0350775489825,81.50584625816376,0,1821.5475109966071,0,5511.17167245553
359,1630.9065382463946,0,1739.3115639724017,226.0323172204631,7070.051744672104,21290.703790890373,13396.456122337151,0,1367.9166635887973,11932.364527446192,0,2402.4433719344024,31980.169239386723,0,93036.35587969508
360,0,0,0,0,772.0689636191584,13550.741767042042,6177.017284472262,0,465.2619226865665,527.9632756005454,30.749406515253636,0,0,0,21523.802619935832
361,732.0924871122413,0,1429.7287500658383,556.4535391171505,6103.368742175323,7162.157103266619,6935.003758274938,0,0,2921.7423724490473,0,1186.7871668186162,13808.13418243714,0,40835.46810171689
362,294.851693332729,0,371.99345178333306,723.35002347449,3148.7334797244685,7857.325660993216,2379.9416754791628,0,465.2619226865665,427.1095769172997,0,0,6470.039761949318,0,22138.60724634059
363,2807.5853068888905,1265.2688442817696,34292.78008930964,1470.1920064934911,4383.482323482571,15728.381529106931,3933.250119049488,2365.196426897817,3785.4285009570985,1573.2570003191026,40.96337131171278,1111.1101923912595,15793.10987248676,0,88550.00558297653
364,2496.770041267837,492.6196553804862,28999.664088704543,334.4326467713651,6642.652008296032,21788.22657510233,9455.838346755092,0,2875.744495017514,3740.83106534893,0,730.068614231422,24385.47353952203,0,101942.3210763976
365,143.22971943698917,1469.1073402992088,13338.136532152745,2557.116920647322,1037.826616307474,12196.9508127255,952.775178133523,0,118.47885932226484,1016.8411439300736,0,2405.544986312426,6968.675387870819,179.61012310337765,42384.2936202417
366,526.7122674682222,317.9627608341813,7461.957504012488,675.2008928333371,632.5681044383431,4977.048378726317,1483.4863034579955,0,742.1956036145568,972.6330909277644,0,321.74182430881996,3284.1262194064584,206.96958245426612,21602.602532482753
367,700.4098826762413,0,18259.816599495323,2533.7548004610535,5657.080656998773,23836.17059164272,4950.333605739857,2306.205937674785,2576.088774577331,1616.8744765369065,40.96337131171278,1593.564648919513,19583.836303190925,0,83655.09964922519
368,682.5129865232454,0,10565.620456932094,227.20449590306745,10095.664234001364,15507.93973196608,4463.846895745175,542.03134432159,1115.8253025769009,1042.3771935459908,0,0,9317.291203106548,0,53560.31384462207
369,3531.889252250677,0,9600.482905780436,1044.4581032292683,3483.2266610517117,17295.050077105298,7039.268045363706,0,943.4191112180541,333.23929350073814,0,1342.1304550672576,38570.877766843114,0,83184.04167141036
370,3193.474821021887,0,12941.825913999084,972.3786684704111,10817.592647322825,18322.92261902096,10561.856268027112,753.9797931198361,2623.3525145108056,1822.31240663958,0,0,27182.40081087424,586.2541726891747,89778.35063569588
371,3340.717499997756,0,25632.87806247067,1332.0283298690051,19059.311376448273,28541.220465999464,4593.400763021831,0,1140.377233030415,4790.482926730471,0,0,48637.866953778714,0,137068.28361134668
372,1494.3942705784916,0,13624.535498739771,0,16172.780068672717,12436.789160987471,5229.969355137932,199.41100509285667,713.9709031020635,4420.522416860307,0,688.0392768217113,25275.033777102013,0,80255.44573309534
373,1895.873282910065,990.0746390397761,8013.198787795578,99.68095453493481,3464.0538743922266,11207.637430322298,898.6384036075444,0,2068.1498026923764,1494.477605001749,0,0,27962.905036734657,378.1642602317767,58472.85407726294
374,2180.739735079018,0,11931.245973388466,1044.256062170862,9177.047539528685,18421.86758574316,6244.790226807512,0,2836.967107914624,6542.729977078441,0,4757.516707105775,19335.63373735598,0,82472.79465217258
375,666.0697948778507,2866.097596376952,7367.286664640606,5267.057820810784,0,8782.906061625858,1036.8163227038135,554.1018383017722,245.8518328596953,2483.7195539229424,0,2568.593033198289,1577.8520773402254,0,33416.35259665879
376,3157.267912454239,0,20558.12805164543,2514.595409535926,10105.513462248004,25161.403073043988,6453.304207811616,0,453.65014134843665,3846.04718956328,390.119899455129,5764.308658367577,49088.36644007428,0,127492.704445548
377,1158.2935929350672,0,9390.126216140183,5962.213911434189,6540.1392235472385,12311.899374872462,6348.444325343691,0,666.4338496437975,843.5037342660269,0,5175.22780116035,33455.4706815558,0,81851.75271089881
378,4395.467453797137,0,38054.840619014285,7672.966343937082,25001.89781623734,33529.77296194654,14894.443395090671,0,1699.3246705864713,1688.7300951770826,0,12804.635897558785,105342.36060983154,0,245084.4398631777
379,4025.940934272229,1031.3150925481643,17115.247811282174,4395.885828338638,10094.494371869405,33938.73828261067,13773.67925039386,0,0,2271.0871188808105,0,5344.061185542696,55290.94878937933,45.74860126028831,147327.14726637836
380,1027.4878906778167,0,10363.453490072943,285.8086777804812,10789.865352523791,11714.893387784316,5841.144201383326,0,3000.6774351735,5793.739596095198,0,0,21118.432524349875,0,69935.50255584123
381,1366.5709069047473,1043.2115736335854,25960.92646817235,3846.015898346111,18793.226872538595,14865.6738215288,6976.94304547486,0,7712.550610911639,4618.670211391927,0,0,38298.80801079433,0,123482.59741969708
382,,,,,,,,,,,,,,,
383,0,0,19241.445309038212,4224.743326740881,13995.227793441312,19670.55586172425,2471.380062212885,0,4864.990808278052,4950.889068682324,0,1398.8716277971916,45201.9566685338,0,116020.06052644891
384,1577.110293477815,0,21017.599266523062,6337.176762237162,15443.336448562748,12304.15425446627,7051.9005404855,0,1853.1107405762373,9119.542903818206,2626.7459220682836,2591.7328477681285,35701.37363737717,163.4392343145824,115787.22285167522
385,382.96116929900097,0,4557.221954557148,2191.9441609112146,7564.839615521965,4350.439038460051,1135.7294227380437,0,0,0,0,1070.7931892224196,6964.250394991903,0,28218.178945701755
386,,,,,,,,,,,,,,,
387,0,0,632.1988880950277,47.075773327044566,1186.1711050565657,2252.683922719899,1879.8878693762103,0,99.57794567532034,64.05969753635247,0,1627.869427123167,1481.7774952157931,150.8257037044023,9422.127827829781
388,1882.4515320615792,0,19490.550879906412,3751.3842209137856,13767.516210046662,30225.70639643871,12974.272166890953,0,630.2922088633501,5052.076577499808,0,4434.804355673765,45698.2272497854,0,137907.28179808034
389,0,0,3101.2710782941367,0,0,4300.442622713724,1552.6386501504337,0,109.94130394222604,248.0275816936617,0,0,2158.797007274121,0,11471.118244068308
390,265.07384715055315,0,1626.7923981385557,2417.2144571540352,12616.804684915489,12664.937907766069,5086.63031198871,1164.4897210917202,931.0008203650532,3162.77523978102,0,4390.539237079711,29238.60311326263,210.76919922437443,73775.6309379178
391,0,0,400.92009044635734,251.48687925163856,1964.5271436514815,4528.4580801719685,1684.6929472999573,0,145.4899043110705,302.79225010883135,0,0,668.4871586979833,0,9946.85445393928
392,0,0,0,0,0,0,0,0,0,220.19514801059745,0,0,0,0,220.19514801059745
393,0,0,0,0,0,631.8470210311439,0,0,0,0,0,0,0,0,631.8470210311439
394,13132.756634828638,13031.4866797476,8888.893005482201,1170.7525115478416,11259.253094293954,22105.15990057353,6509.288899852323,0,7835.105613412688,11116.18738136714,450.31756331636115,0,54722.23848702224,368.8297280469639,150590.26949949146
395,0,0,0,0,0,0,0,0,0,0,0,0,411.9443194194421,0,411.9443194194421
396,9176.284759120475,13408.047119523602,6804.8526212828965,914.6731006899053,11549.791666313527,26033.301328046015,11612.70932999002,791.1753862185003,2381.548212091988,4686.1985697170185,450.31756331636115,832.1449327495328,56472.66596660489,397.24849580479224,145510.95905146928
397,1510.7190349991638,3036.8160155786986,1917.204268444706,187.49756596734193,470.52319956209453,3094.4474007775543,2739.2247506845456,0,1083.3506362019075,329.9076163413316,0,0,19099.95127892475,0,33469.64176748209
398,4511.767271273274,16105.900107659663,3568.965463919455,522.6947970654826,5253.821218026829,41115.88936434634,22610.47648790378,0,5654.821006397251,5003.4258892008365,0,7029.869838554084,64562.09420548248,0,175939.7256498296
399,6517.063170272335,14864.904715973416,10250.046716728366,1016.3635258920629,5809.580231668706,25106.22665450009,7683.4886833475075,0,5124.3514488341625,2784.4775568420378,545.1212608566487,4580.399551986877,79193.71232312797,0,163475.73584003028
400,2414.7383716371455,6796.251573181888,15228.463854469472,605.6467033540623,11742.63738992814,26570.604626439716,11147.967558576463,0,8313.705367916311,4947.793639873429,1202.726861839286,2935.5909200054484,46336.148261589566,0,138242.2751288109
401,4830.630503527942,8267.3328189406,13001.106844318463,3425.203720566818,14061.84578040113,24846.914132264013,6690.0607925289005,0,13485.382753760454,4671.297347639197,0,5937.948600699492,65557.286613114,0,164775.00990776133
402,2877.6894197653464,4521.402937132063,10588.627858575215,2148.035771303493,13296.62452635148,11593.777827107477,6486.613720627448,0,4032.1343392739286,828.7865013878308,286.517199387533,5449.429763385777,44556.741764418824,584.1480966418794,107250.52972535788
403,3384.8326600169285,9280.33897730274,21069.482465792666,8183.524653208038,13458.559376968997,28986.49409858507,12248.409949956069,0,8176.114253286032,4322.797800528355,0,8364.606119392904,71299.70551288151,1348.8191964172424,190123.68506433672
404,5211.862879654577,24389.32912606148,28626.94311919468,7468.0818863920995,12493.145431885425,98030.69698820921,48965.69810435051,0,13714.852651257996,3815.761519924421,0,14902.198149929864,104346.86682322437,0,361965.43668008485
405,377.5827958117858,2271.2568085774137,6111.116147370237,1816.909341271302,8735.634311743748,6366.775371917245,3227.673214841556,0,416.29619613138414,756.3913773139489,0,2581.935945508459,11310.80859707826,178.70811710965344,44151.088224675
406,467.67387018753425,782.55285185542,3616.9383429776544,555.2992602289467,1146.2067919957017,5337.932742278389,1147.0780206072875,0,100.5355601832818,182.995042907149,0,425.4113919581427,10746.57699827328,0,24509.20087345278
407,839.9802184810048,6289.01074615155,27536.167711232785,372.64509229294066,13690.806203521624,37497.6001455531,15052.342651692104,63.33567476465671,10495.272942454752,2462.4291744180277,0,420.15260005865787,46232.642335567616,280.547415586254,161232.93291177484
408,562.8262948713493,9262.041479949548,14628.414815827738,0,2777.553066701597,16817.55753451266,3011.3565449654297,0,2009.102003214408,2189.5718532716223,612.506277697079,5291.479473638843,23635.22133535039,0,80797.63068000057
409,492.27627145034,5833.716160536335,16172.533602655092,300.7864479195663,3088.406082542784,22494.86408299061,2653.610804895952,0,945.0274041521221,925.2070388795519,0,0,13137.879241002996,0,66044.30713702533
410,2907.952793650956,5173.147816671402,24055.795865260472,1567.675470547912,12879.937083398449,26289.679717734896,7020.271423499256,176.95011846796345,4386.963720183436,7254.643276248455,0,3292.929483857848,50610.85393197071,361.5949029287767,145978.39560442057
411,787.6123496705713,5047.936829341917,5650.446474154816,0,4829.277910827851,11874.314144749953,3016.3704106467576,0,1038.5095897524448,2419.429075576704,0,8640.565830681458,31311.02704670195,0,74615.48966210446
412,415.6972710902571,1950.118276668755,4305.3472435336835,911.596252223713,4139.246757282242,5308.844466652242,1217.9674426420097,0,700.4521439514374,1146.3673987467146,0,581.6404262523149,10738.968733240972,0,31416.246412284327
413,0,33.11375141673685,4568.807390517395,225.71417855694204,936.8358611642569,4022.1617279330258,2358.204048552814,63.33567476465671,205.77692094616964,272.5353277751894,30.280127227312104,208.36225951092976,4553.1464274209975,0,17478.273695786447
414,163.53668991573662,108.42923379449525,4462.14853455974,0,1876.5306716501032,3367.7937588009304,1564.8406575901367,0,323.0613258416739,509.6228457106694,30.280127227312104,0,4887.294047210377,0,17293.537892301192
415,659.8834355824087,1785.837346046852,12800.6110559002,0,6378.777539426179,13685.681278575938,2201.8602293144845,176.95011846796345,672.6875332760621,995.4747063060165,0,3832.272672173923,12042.583171641008,280.547415586254,55513.16650229737
416,0,496.58818774526014,3713.7205530619135,0,5087.325338762342,5794.969072364904,1246.4415896753592,0,767.1497056030976,261.3615166892342,0,0,4994.584592948851,0,22362.14055685097
417,0,0,0,0,0,177.9599232923151,0,0,0,0,0,0,0,0,177.9599232923151
418,0,214.14325182446285,2756.672366678071,365.5278541700862,2387.3134266020866,6805.441118945813,2275.0689824977426,0,788.22035418178,643.3097119783924,0,0,14054.011050898953,366.614118224083,30656.322236001415
419,0,0,30.928561100490608,0,0,0,0,0,0,0,0,0,0,0,30.928561100490608
420,0,438.7274635371008,587.700148397886,0,893.2323009541332,2322.7830691746703,1272.6632295463269,55.717089396468765,104.15423817265383,453.2671330322996,178.43653485570212,0,9937.083290874925,0,16243.764497942171
421,0,0,0,0,0,0,0,0,104.15423817265383,0,0,0,0,0,104.15423817265383
422,154.38882786335796,168.836584767627,2551.7241960700835,939.4870676627937,1582.6209331090367,6982.244644362686,5662.447670571578,0,982.554094099854,2701.1787773326455,0,2206.9964136297267,24044.41115250544,0,47976.8903619748
423,,,,,,,,,,,,,,,
424,1525.9787068676287,5761.8978111505085,5371.378558797571,0,4330.58991202719,31002.487430513716,17438.074903201108,501.765899368787,3297.7737253980117,2459.5945423860685,246.6467845689147,862.8445444360159,39942.478560572126,176.96404516741458,112918.47542445506
425,1418.351036561552,1515.5828000097915,6395.3160574546,956.5099387895987,2516.676395457616,24634.470599548025,11434.96202876562,439.45762758697686,3658.4054715332777,3021.723922201605,507.2779342278046,0,38059.92023396574,0,94558.65404610231
426,2138.788663312967,522.9342872168636,4516.580111919631,516.8477796808178,1918.2645807682968,23651.90958200135,11173.706586420392,0,6167.445500829371,1513.623561985254,0,780.3483188838957,18968.888913712533,42.629761809903016,71911.96764854131
427,311.7917989196376,2269.5635065036786,3373.0096912807385,147.22808845813918,701.3432009723592,11540.610436861698,3695.707434533288,983.1670954166142,1962.4492047135575,618.2211974884054,109.20857921341997,307.56529711938265,4865.9079784588985,111.72630435098908,30997.499814290775
428,3951.417138191661,6426.535335955162,8065.409222623899,8896.635244290841,602.7310730666534,19284.02181948987,3923.5277700099314,0,4530.379452199146,2037.7016745910144,264.241514830221,1549.267197515517,14762.265552400744,0,74294.13299516462
429,4837.147826565102,13059.34861772824,26777.749159171726,645.964319140873,9073.67256834758,106450.14696337104,29571.65390232635,0,16708.613899630538,5033.341125772445,2165.0926319380187,653.9781733852562,40163.92739607971,349.0278432433761,255489.6644267003
430,0,221.22990552624148,2516.2108665271035,2556.4479354007426,3047.445934259817,17908.80349456329,1704.677744388568,0,8683.67198404268,1568.7282480101787,0,0,11711.432151535108,0,49918.6482642537
431,515.0986432709889,1400.3999073158648,2239.9080905540422,0,3154.1181246672368,17007.74754249585,11957.096071287511,0,1458.3260701661325,1507.6902067178353,0,0,4847.308149834551,0,44087.69280631001
432,1321.3577402325425,634.5076296538701,1578.910648296086,101.66425206975386,608.396334371894,3946.408709023294,1388.6687701328133,0,385.2211976615084,2297.684806475637,140.67483983807307,431.42227221800795,13788.700873914857,0,26623.618073888338
433,2999.680651286863,948.8426233552703,891.2695142615122,0,2946.2569881737777,22154.734143849233,6214.7626866204055,0,2056.250852859145,856.0474043981646,536.9425041599136,230.85423474194135,10485.352213798436,0,50320.9938175046
434,1181.6895041694331,2877.15664378527,4290.412856010789,2996.2646632155465,6920.629955947115,25855.924224357943,8980.548267032298,0,2455.736187332611,1432.0999548075824,0,254.1485820228144,16775.56730863403,0,74020.17814731541
435,0,972.1651341721741,4271.755087081407,2927.1059099928416,2297.6955603497236,26632.85056790508,10517.234356584337,0,2483.3173989430793,1906.7123045899364,0,785.3830689999936,22414.98896912007,0,75209.20835773856
436,1385.8609068043515,1129.7381286153689,3687.980550618086,1663.7301114721922,3876.1849497993217,23420.594140448407,9748.944257363473,0,3026.949141307059,2812.6478835759344,208.17925594856263,884.8324081271976,14635.328795219872,0,66480.9705292998
437,171.99739325106614,1472.7147268152366,2422.452798830778,0,5027.966632763193,23598.0271302719,7890.282140959397,0,4067.2706144251097,3698.03047874976,0,785.3830689999936,19527.6710555951,0,68661.7960406615
438,2813.3584472648836,5614.434881278651,7751.747842502408,11957.421203287946,7095.57655530541,57604.086495080424,23904.167922079552,0,3291.2998869870185,8569.964185987588,140.67483983807307,653.9781733852562,35843.82050324403,5461.7890748883565,170702.32001112978
439,3410.413065993381,1078.6190120564677,9177.999157634453,899.0975155403105,6900.6196972018515,66020.6663191971,27864.90839328824,0,5978.236065574437,4491.696330459502,1731.6587412799747,0,54649.829143899166,0,182203.74344212463
440,1464.8467470950036,2255.7466621900594,10986.654617790016,3801.444190658051,7494.3651215644095,19656.362550287617,9641.96070159827,0,9155.619864196731,9016.41834913912,2462.3646965858707,254.1485820228144,71454.3715858099,0,147644.30366893814
441,60.266482259813294,318.6028922609207,93.96238857290544,250.38799391576632,540.2774610170414,370.3734979762218,139.8508838084231,0,23.38595238859716,307.6388913240686,0,67.28197982692033,656.8540728617086,143.76902500604692,2972.651521218433
442,1215.2631567300357,3490.843349176252,8695.390315856672,9473.202919733909,8078.085699178256,32484.504885169234,4685.686661416232,0,2374.311156047822,6957.762791890539,0,887.0895672470652,18975.880311281453,603.5655858663368,97921.58639959389
443,3156.943450513136,12366.251167936884,16378.231670824103,5177.775377228762,14491.014611320308,76403.78230102971,22990.11162857851,0,6674.687425587096,12847.051568934234,0,3010.464402951109,58769.090156334525,0,232265.40376123865
444,3732.3648362309536,13471.218774623274,21305.174373376693,4501.8128615421265,7969.52390500308,23584.783822173144,7254.0457519434785,0,4780.104397082473,8163.112324567292,1269.2245493441455,4166.09216799263,58708.72500936545,1373.6446680377842,160279.82744128248
445,4483.537490139225,2742.7927283625186,5902.078988502215,464.934641803576,11581.609691910424,23751.34119381753,2825.3084465181855,0,2477.05640037813,3604.090472911285,0,0,32404.54593368756,3050.3803462527917,93287.67633428365
446,134.96794120371263,4826.665189946055,1856.0433606760944,1583.5834287368475,3314.721132274223,3551.862297584167,1472.0449201327506,0,268.9627656964957,957.4098669068767,0,0,3771.4104160659895,0,21737.67131922321
447,2130.7359295370675,9317.89142656634,19246.15511489955,2267.6041494453475,20911.07964164168,32809.250764707656,14356.792456661868,0,1605.2461965761638,2264.4554455040447,0,0,29580.989210342013,117.49414395513448,134607.69447983688
448,1181.920722817263,1534.910728075472,1805.23513316437,2588.219429763855,3692.3986126001287,7702.035060299342,4330.046333568161,0,173.57902162529132,205.57044794563492,0,0,4084.5250773492294,0,27298.440567208738
449,476.0409120592667,287.6772223753733,2787.118866305928,872.4631075003912,2463.744472721235,3988.1788661680257,890.2670010672189,0,437.99148687566014,119.91709271711863,0,0,2295.1485299011247,435.37825335409354,15053.92581104543
450,139.13996270536566,1263.3718885347018,833.5590216829668,873.3289945859239,1743.8252528570315,1358.4629680755306,118.72263186590123,0,0,2947.154281833608,1229.737353557594,499.439337274601,5846.90878250601,0,16853.650475479248
451,942.5701600148922,4756.814317398521,3352.328674013356,1589.1828450516302,11330.159443689625,7942.559280935782,38.27914160609871,0,265.16519871517306,4228.052606683195,106.04339308347954,327.69909680487575,22819.282985090533,0,57698.13714308712
452,1052.2341733688793,38.005720512403926,15716.793418778045,8440.590207046364,12652.626286498678,58296.067996042,23321.130700813766,0,10905.540466558085,3391.746694317398,0,1613.3751283290164,52444.077750452,0,187872.18854271676
453,1048.2009662943694,0,4344.361073618409,3940.060509916024,5112.140048586507,27690.43150438105,11573.918983893132,0,2604.2024356137404,7387.902824526595,0,0,45637.4750126083,683.0777396638721,110021.771099102
454,1443.3715527535082,2117.7082437636673,11853.680995074268,1501.9662046259907,1409.8180501084971,45152.76139974032,23902.407580065577,0,5247.122735144095,2982.486104196289,182.75879927028092,438.6778196743878,12597.655195506768,0,108830.41467992363
455,2211.8261324478544,838.8630444363915,18471.30037813531,368.7113752454578,8262.245205220395,49769.05878490741,17100.02948937071,0,4576.517204426193,5348.058600619325,537.5677569745077,438.6778196743878,16689.127069327104,0,124611.98286078508
456,1122.2402486934443,3693.471589790578,28620.802237761072,2522.61413475707,8686.309995896148,77072.38568023205,31896.24622003924,0,20000.07906131824,10951.754217035728,855.3729586863116,174.73715911379475,38813.7976899649,207.98620172033495,224617.79739500865
457,1797.1649192045816,313.3295724259938,25483.474057197247,1532.1499164891486,24940.126556486808,59632.898820563285,25184.412867749794,0,11329.486840273668,10343.24015439681,2017.295711052034,2517.643731027402,41230.33142407456,0,206321.55457094088
458,911.3037379683758,20.39599503174176,18066.35503637007,5288.234529785805,8102.747237700406,47219.863438175475,22558.742565094624,0,10390.257264836757,11491.60127347662,1096.9567083209547,0,47096.993898693385,159.68214054877382,172403.1338260026
459,0,0,10444.275091666235,579.2860146263872,6771.789235017511,12627.026210951868,5819.920353009653,0,606.7605328047123,3957.217386422609,0,0,14694.530743796411,349.0278432433761,55849.83341153873
460,0,0,7596.504642919269,0,4071.7438474545975,5559.682166790259,749.3703254110701,0,795.7082329541713,752.2278917191156,302.9802925181031,770.8879972925565,3789.3458650928055,0,24388.451262151943
461,0,0,1876.6247436478525,0,0,774.0949138762613,0,0,0,537.5677569745077,0,0,0,0,3188.2874144986217
462,2772.516599975249,0,29179.411472422664,6023.991819680424,16780.418393742075,37012.52357140752,18952.61406333238,0,4559.558041705094,7580.219373053981,3196.0752755005124,3403.845801473788,62690.21272858572,537.5795497907603,192688.96669067055
463,8779.980518720511,39.48904092542715,16229.050260762146,0,15347.940226747189,46533.961366660355,16042.984883127589,0,9734.843571595782,5053.715039894589,1203.2149963123948,6609.164109604933,51077.94086793279,0,176652.28488228368
464,554.923988502895,801.4817935580878,10485.914934751474,414.140049341976,3595.785247598537,28912.154029917463,11740.16000394675,0,711.8914867846281,8464.931685951857,1011.6243130102874,0,64457.84598714527,0,131150.85352050926
465,2226.1739720708933,0,17622.109000527387,520.9415932668481,6861.550079512943,27133.402755821466,14352.348940533377,0,2253.9426781044053,8784.328918576452,1636.984543935576,10442.653711170547,74584.09333310513,1277.3129041970665,167695.84243082194
466,1807.733983456788,922.7282137555242,8080.036025480696,0,5117.6853773220855,19309.900369054863,9194.28286884336,0,7112.392003536938,6130.530205737936,2165.952306886028,1116.8542378222105,42747.89489206243,0,103705.99048395875
467,2753.669444396024,0,9380.191519692518,0,4921.091318579202,26175.718984031693,7613.072923646733,0,1116.987554676074,3040.1270994290685,321.86779518022666,5702.719300018595,35179.15053664653,0,96204.59647629662
468,14199.292811416404,643.0464871928108,17531.972032290538,168.5317685924142,9330.476587557405,34316.38861318091,21612.22045117457,3503.5845794570146,1963.519704428934,4972.993585981752,0,1837.3786233947912,21453.63165525792,0,131533.0368999254
469,5519.6590713480655,0,5167.394272785554,1414.25819675562,7954.869901060584,8036.718252993943,6149.177649371172,344.3411261665852,962.083916513896,2133.9404859758333,0,0,14539.348047610456,83.38899862771652,52305.17991920942
470,7288.148676189538,0,6517.934800789735,1318.61831154015,11921.351115424017,21615.20782540401,17675.258565267373,0,297.82100209408657,3184.0832954200255,446.72653086175967,876.8448841912907,41494.03603621678,0,112636.03104339872
471,5248.170232260836,278.1563542463826,5393.7874864062505,0,6606.590814849502,7141.349697136293,5596.343825962782,0,674.9196091207159,6138.205723870453,297.82100209408657,0,23138.638315005344,0,60513.98306095259
472,5867.238724542225,0,7134.970751242118,0,4125.827688663746,9551.405286023777,3573.8195966994444,0,860.3114713913592,3490.033466598391,595.6420041881731,0,36359.90892938235,0,71559.15791873157
473,14008.449689573978,0,9740.5443589706465,1184.561641135761,18618.884275056087,29733.463142378252,21088.32880613224,0,2642.4665308763065,10354.4401446381,2885.537842956724,0,82820.16192908945,132.88898781846146,193209.72734862645
474,6118.199458038823,0,10130.795629737748,3605.211351461925,6551.046367851697,20505.822918012083,8661.570462619495,0,240.59556717968383,5085.510637905439,1371.690872356928,2559.3823934199904,26346.808159624525,132.88898781846146,91309.52280602696
475,109.10424475874598,0,3108.4113667217107,381.6226096664494,2764.985716963661,5023.934704126206,2451.244611574134,0,240.59556717968383,1230.755766096269,0,194.16879278895573,8962.757939511423,0,24467.581319387238
476,16216.447083264318,0,17848.786742740656,1443.0053873231093,18661.009191270194,24839.93959799945,5311.889717571497,0,647.4112443564022,9119.50063706396,1719.5502979800524,0,82711.92452780755,0,178519.46442737707
477,64.76620817158533,0,252.20731235971664,0,2245.9981768488105,1016.7490622480024,601.7414989820709,0,0,150.44202002223886,0,0,560.7558463431222,0,4892.660124975546
478,354.05113212995576,0,1147.0838232901592,0,3424.835699626185,1976.950074073892,461.80195476757586,0,0,1100.283463910668,0,0,1360.4133330284656,0,9825.419480826899
479,184.23964591759344,0,943.5351891215981,0,3649.8448102563766,4651.661512646608,1041.5308818213182,92.57708890658027,0,789.3849043172144,0,0,7281.284524843805,0,18634.058557831093
480,2628.7358672138057,0,13156.899678927752,57.88159636005557,8189.877439305672,13742.884772213683,395.314595739123,335.9082396652734,0,4254.55632018112,0,1360.6173712462382,12795.362773612504,0,56918.038654465236
481,875.1955786877227,343.62286872943565,5484.584555332565,381.6226096664494,5072.071255868582,4924.402003116755,3001.959261159468,113.27081366605935,313.34320875871623,373.4071381584008,0,0,6689.165724091721,0,27572.645017235856
482,61.860956109809386,0,1260.841173673939,116.45225934344512,1461.0838532112325,689.3366964577096,783.4313380813035,222.6374259992141,69.44151857927349,334.0052813564478,148.83839064014288,0,1477.4907474674094,0,6625.419640919925
483,645.3227798122002,0,2732.7830507030967,168.5317685924142,5424.00257868468,6551.095625663265,2533.805828430899,531.7721424347,373.14247310222675,2091.6744994208293,0,0,11598.527488314556,0,32650.658235158844
484,,,,,,,,,,,,,,,
485,,,,,,,,,,,,,,,
486,4544.168061570044,17361.187657683575,21150.293402765554,278.12185944618847,19017.723136827193,47979.45722983038,16689.235965025313,6.832116344086896,11712.115634742811,10494.156398450485,0,0,67829.83477583024,0,217063.12623851575
487,2859.423524061844,4392.239639515315,10437.871613723622,1749.0706696845127,6072.167962550487,39090.08771022216,16855.178603400967,0,7117.926789144991,6648.398116593541,797.9221390496923,196.79533841389787,28683.67352541534,477.571318760188,125378.32695053652
488,4220.873372473968,5351.7583733109805,12381.464094698453,1223.653190151946,0,39302.275002997994,8316.873535739132,0,669.1142123537106,2915.229916735778,0,0,4577.833304400627,99.95265687831163,79059.02765974082
489,29.15643970138315,0,639.7312610117752,1101.5495471850008,0,2052.704068727749,325.35084001524274,0,472.07240262471424,0,0,0,729.2464333772981,0,5349.8109926431625
490,2608.557086262529,1362.9445959891916,4745.526005690438,0,4144.446717775616,16422.14932825423,9851.535155804351,0,1476.3141265705672,1541.5996053463427,0,140.91736387319568,24569.928133174843,0,66863.91811874128
491,1678.7145422295227,8048.781720152061,9548.215468568851,1924.703981636708,7257.4401284609985,12578.229702744751,8906.245414232206,0,220.19687448896576,2824.4049164603516,221.3016771283824,0,29305.90792467595,0,82514.14235077871
492,1159.5404542809388,2273.485444353119,4481.176043784568,964.7835811973437,12155.071505706965,10487.777043612918,5642.791072829809,0,743.1110798195388,489.6087345413827,400.21637270730287,1398.0160531398485,6789.125600261662,241.43256428420187,47226.135550519626
493,46.84735244502413,833.7797109010743,1684.6067189703558,1207.222347510684,971.1801827517432,3800.944530528692,836.906113149548,0,159.9126570779439,1040.0644898829803,0,196.79533841389787,2014.0182825149525,0,12792.277724146894
494,1285.501715797494,8677.74877113281,11897.18568078778,827.5586475299376,8820.7990782113975,21021.132672245927,6799.685404403418,0,6982.805582319244,5942.432999945746,1176.984294219362,0,64558.79685842221,0,137990.6317050151
495,5269.630018543616,12717.505330031176,16484.585763798816,1404.4651120494304,3502.6240089679777,21235.166963309843,17360.769651041588,0,7938.244461100192,2994.7520985007413,442.4821447430284,0,39152.629914602985,0,128502.85546668943
496,3303.275007909533,5453.074910733754,7623.968750267589,0,4759.531526104765,13755.536713851818,3500.967491876437,0,8420.666397125726,11606.683958590258,0,0,27897.648208780764,0,86321.35296524057
497,1938.055630768716,1291.902455655434,3361.90287266432,892.6703902731538,2748.646727698686,16335.075722288111,4707.465404361799,0,2872.144013871688,383.4229422584093,0,3239.064397670573,20326.14093106614,0,58096.491488577005
498,839.837496993264,624.487020293886,3563.5943831176864,164.53880888789695,2678.1010510140027,17145.340095069972,5996.883505065532,0,470.9866716285248,1855.475107420507,329.0776177757939,3305.656782954563,29640.80710031137,0,66614.78564053295
499,1097.1146843046215,14494.608309467752,25083.86333064936,0,1896.6971597496245,23835.006089279537,5543.279801542291,663.8589653689723,4480.579143419324,2421.6904880610255,323.2558296601399,33.891603625894625,9660.592067847901,0,89534.43747297641
500,629.3355746413506,3339.900633935571,12479.178356517144,824.1002769522845,5097.260619796358,28767.291253623705,6587.639106820743,84.7899661541056,756.3715845622489,956.6047410215094,0,33.891603625894625,11276.75379077092,0,70833.11750842183
501,2295.587334605454,0,6551.690344193658,0,9448.54503087526,24297.58970191711,5592.33674409512,0,2656.448076930751,1647.9511717635878,549.3642953148958,0,9952.732366203383,0,62992.2450658992
502,2636.1582994215487,6609.751651166055,14057.50068488042,0,8319.477616502712,34089.3692711128,21867.874790510497,84.7899661541056,1747.3584665018736,3905.227482256478,799.2078299081969,5644.108445014806,14498.242714276928,0,114259.06721770634
503,3128.0200493621487,236.33913904509657,6507.050142106589,0,3264.4483718072615,7032.177369394706,1462.9384374126269,0,1423.3491171231087,2816.91243803661,101.4370257095504,0,15844.612448723949,0,41817.28453872164
504,1709.2777284016634,3600.129233912674,13205.234829323455,0,8389.483270948402,10876.685817356672,2546.1972413894687,1488.225358906234,0,2547.202456272391,0,0,47104.79511708406,0,91467.23105359502
505,3596.5094668952306,8420.985931533074,9868.82777363759,0,17084.82809272287,26775.814808513187,9008.492409140186,0,1865.7000411450888,3486.699741382263,0,0,42691.05036429051,0,122798.90862925992
506,2539.6779908196786,5728.113149268784,13322.124813153998,846.1639057437545,4105.104652474982,18830.94964853356,10146.895884849624,0,875.1214656494593,3937.9307166611256,0,1282.3754569754662,42228.32923932024,477.571318760188,104320.35824221086
507,773.2686367207491,979.1791448322872,3020.9986974046574,133.70746907801285,1526.722805162568,7078.262845329261,2016.472451355752,66.28311016003077,139.00061536723877,136.21504616876263,123.50608715297214,1183.9978150193165,4119.670296837804,44.176131535839026,21341.461152125255
508,2859.023291495383,7427.184977097072,6511.396630493807,499.20125532215184,406.0516459380044,6993.321623679908,702.6710463584183,0,515.4914228561762,1020.5709161077692,0,479.5386958385063,7018.40433721711,0,34432.855842404344
509,1740.170788814,2392.0444890686013,19195.138151993124,923.8141284758667,14669.944518714146,20247.94686161781,11140.776564531214,0,1820.7886262243296,3221.762089395181,1096.415929887119,1337.6996591133006,36064.01741934106,332.68939223213033,114183.20861940796
510,1103.6884571935536,790.5181793709705,11624.589725170048,638.6452458738582,11113.332980216856,10164.351309199692,4987.731864291673,0,760.236851514367,2689.4834626279608,810.8051832876614,1224.781968023857,14926.866918656846,0,60835.032145427314
511,703.0161190065744,3929.3775841651936,13156.582999952872,0,5386.544201986958,15380.846306173173,4271.345957224015,143.177566592264,3607.601420958174,1657.8081783442717,252.81149871725447,0,17233.036643995252,364.69452127010334,66086.84299838617
512,1565.4368090406838,1504.1198446819117,11873.681458078669,1795.1410907354557,2566.6974526445915,9749.714348373202,775.3198778812892,0,182.3472606350517,1315.2171598568789,509.4136994475811,635.9183232970181,13150.553288591353,0,45623.560613263646
513,0,2216.4564657324017,1432.8572803891584,746.6812333672408,923.0716151835861,7013.922638347337,2002.0015491213087,0,471.169090728452,2949.6663654233266,0,1154.76474751544,6813.46504409449,99.95265687831163,25824.00868678104
514,0,14761.018695107816,2709.853387698933,1029.9202983795367,6726.619422159422,27969.238320607095,16913.962195664517,0,7117.920871428408,7508.826206186269,0,1154.76474751544,33350.18226428724,0,119242.30640903451
515,133.33902398806578,782.666822821166,388.3374296516356,108.41018081357082,609.712924605569,2699.0564777307845,1242.260590700302,0,589.6304901575754,0,0,0,4712.202489993498,0,11265.616430462176
516,860.4862580331721,0,5572.829817847094,0,7367.606834690873,30462.34179210379,11093.503891465383,0,1907.06628780452,2176.4386866607506,731.6901114420247,0,8128.286807480803,624.8588010836578,68925.10928861206
517,972.7579165651736,0,4385.87713531117,383.4229422584093,5910.883067101336,20882.49738943392,5352.012559188779,0,906.2556698504363,7007.679652606484,742.1553000094317,1026.7698117433258,9669.880446465371,1661.571961963873,58901.76385249765
518,3618.7366185002106,668.4326692865869,21618.19950049898,3183.460479195666,13299.26991445762,41213.26120011898,26113.618742346975,38.121654578144536,6510.931789576415,11587.507295171925,1080.796920632793,2933.8851664279387,43435.63930818632,2242.254631511692,177544.11589049042
519,977.7668004158303,0,512.458992803144,21.371882297705213,1732.4195425233056,665.7622544712787,290.38927901599624,0,0,199.30686287498153,118.84594415878487,420.4043990643756,4041.282338007255,627.9396469838913,9607.947942616545
520,0,0,0,0,0,0,0,0,0,0,0,0,991.4901283391797,0,991.4901283391797
521,0,0,4534.975503115787,686.6893698539676,4682.301797732838,18153.339787372028,3560.4149464367247,0,1020.2020116917658,983.1928401935843,0,0,6527.985481060073,3851.1054722455456,44000.20720970231
522,0,0,1724.8675222411307,2120.0676623217387,8077.468362160357,23923.123872887983,4193.9366598213865,3503.5845794570146,2400.552373618936,5495.495242831252,399.425557084133,0,33644.54294742978,0,85483.06477985358
523,0,227.11998664356233,475.4206993009616,0,137.36599349700668,4940.230317464702,2003.261709644706,0,0,277.01919097531834,0,0,0,0,8060.417897526256
524,3315.401908327934,15703.264229127471,5160.080985245928,1260.6710918465587,7436.974971336272,27070.430693387832,14141.97935235355,504.0017656347576,13598.849419796226,2054.2061693059995,0,0,69363.7449563365,0,159609.60554269888
525,5179.348767336016,15619.434474961696,13442.939990978111,5657.297746788996,22913.67235688212,32448.879486314985,10140.175143435195,0,6465.669895040036,5896.173451209345,0,0,73044.94901744896,0,190808.5403303952
526,1098.9702462167354,3042.3278282576184,23575.058922358767,5589.556764387056,11947.452458155192,83795.98420216847,34628.08851015734,154.15516906236422,7134.488247367619,4173.053658288112,0,140.91736387319568,53023.79821106648,229.0531394827935,228532.90472084208
527,336.25669669130997,1207.7017183287762,515.6687521976593,741.3923778973844,4802.27779808775,5158.080224006967,2311.4452150382094,0,0,172.8263241960175,249.84353459330123,0,14979.923822673833,0,30475.416463711204
