work_zone,agriculture_jobs,construction,industry,commerce,freight_transport_services,passenger_transport_services,credit_financial_services,personal_services,food_services,health,education,specialized_services,public_administration,other,total
1,0,2490.083512271552,121.4310282005215,7559.304141461457,0,656.0037615048508,6404.518510288944,487.51826218009114,1422.6397637662358,1909.338486661331,1078.2280796710738,11865.927229255793,16169.776756197003,15753.131806963018,65917.90133842187
2,0,507.9494949400179,773.4429928689992,29606.83931020946,1800.8129770649607,1987.246660858391,3001.515153318166,715.9102195609163,794.5055302967344,441.797630341361,1064.4120278093585,3291.5502763261147,4300.261002994427,2265.4342307613583,50551.677507350265
3,0,1179.1084336634813,0,511.7262256750944,222.072925869297,139.31781442387,976.2008967234252,128.500154026153,928.8443080630996,1373.6154830395385,683.9167140452482,4091.4992800985574,6647.4045204563645,1260.1811559283826,18142.387912012513
4,0,461.257481048209,477.7170081264077,3625.745263885437,305.47053405039003,111.848761764111,158.1366839311211,1883.7703337804808,594.0140845986227,1021.4515863821446,46.2255171862015,4318.765725438474,6536.032237613244,5363.749379026698,24904.18459683154
5,98.6033354024074,2128.809650963305,3269.070875603016,15533.495208137623,81.7210875438909,88.20166962057951,7322.258919425199,2126.3867143988577,2317.4254028438286,4113.494471225376,2846.6166416498027,15592.76903085942,5677.973489004967,21473.578478548847,82670.40497522711
6,0,347.66319089612,25.6000408358019,16826.31807644576,248.002132602045,58.5367555195212,1749.3391298316928,679.4916003627388,1805.6086580880635,842.4480571412279,77.7103260338261,3670.9314959880458,3852.5217320995744,6438.877081251905,36623.04827709633
7,0,119.048476793494,2994.87442602854,10815.790407323908,895.6181306978724,689.1309737352967,668.1064932922842,299.78502114968603,653.318462781729,780.8768387930186,1490.549955073559,2158.359794360425,3758.4003968724,5710.568923494293,31034.428300396503
8,0,71.076357992737,2208.975798090483,4584.322103583301,58.2437340080999,159.632663494782,62.1345194325417,252.4647656808089,164.895806729979,697.714430732158,253.9572681321446,1172.295678753092,322.636508151248,2704.983578867949,12713.333213649325
9,0,145.4456857688256,1876.658353310045,2684.9290235418594,125.8880667957366,175.1188954864996,533.3231604099266,96.3537794316987,368.6377457229852,144.449083299562,219.0027499036148,2028.353748787708,2127.8811808686814,2903.1045205544647,13429.145993881608
10,0,33.6961224886211,786.087761830382,3182.37145949273,21.997285847031,26.6185643863232,0,69.80838010041147,818.9182615314421,78.0440503395272,1598.178629706396,1692.1405171603103,0,1369.535497715621,9677.396530598795
11,0,526.283260303501,650.2831862326196,2187.438103860111,60.06646271735063,0,0,103.82871393423947,46.427677219836106,0,0,11.5832799581058,0,202.27161833167472,3788.1823025574386
12,0,838.270068840444,2824.0328241769125,12856.118376803684,270.6786453291735,514.522611658813,25.6971288008764,195.178979614557,1050.993783220628,38.2080263548501,447.1058215479469,317.2608801197759,95.0753004289373,1054.183258880809,20527.325705777403
13,0,8.65836815764557,238.928818659422,18870.311885599614,214.41043097156913,0,0,0,835.65343871573,0,0,118.468743724422,0,498.065004751401,20784.496690579806
14,0,0,2506.65126695877,15481.345721136142,245.07281615024772,0,84.0379247924909,6.91457006544474,867.6667005983415,104.057231745126,114.6212905275154,6.45359872774842,395.27516990936897,1266.6003758759273,21078.696666487125
15,0,623.420652541186,1598.6020034468106,4951.7703509631565,37.030959675721,2280.8922762210545,453.100959421621,453.6135391758883,256.57061564937135,121.931026669673,39.6984898481471,883.5118610684666,322.740745419121,3594.1862636926458,15617.069743792865
16,0,845.186074246041,2821.244649338447,3219.137928290293,703.461159709923,233.971445875359,676.275032277137,22.4911842491919,80.7359455897834,139.224763543522,48.2990717361684,2416.381732102307,1465.423369510072,2348.975496812524,15020.807853280769
17,0,73.60882877617621,387.04611191430047,5437.323803553594,488.7670192678693,13.1882392078408,0,55.0721370710402,581.8454354768852,94.75659961005101,849.0055074335348,358.4073589069198,0,836.2525669601849,9175.273608178399
18,0,553.1139090919446,7430.229326527375,4128.699893827415,540.19398760738,242.555444368012,1393.3497831280238,540.8298809355393,801.8574237761325,162.52026446414067,790.023122182554,3012.3722431912506,2602.2817935714256,3590.145510430411,25788.172583101605
19,0,1268.69049646719,1077.5473487327454,3179.5123780468075,0,199.609513151443,0,980.4613645801486,627.1685091500179,2396.5723826616972,63.6033763104704,1481.2404779005665,0,2033.1362315658123,13307.542078566898
20,0,1284.054168360016,1618.053976667308,1313.2925690715467,738.466589005129,313.904673782985,0,436.99237354538747,0,345.044391640915,236.24949531159172,463.655910060575,296.843470886582,5156.19358462015,12202.751202952186
21,0,30.0463284705826,0,1390.9436377725108,64.4524940259604,0,15.4601328420432,772.1688288943194,528.172977670017,394.8147826164076,545.3111815674332,1949.5433667935831,201.696640562254,2964.3205640498586,8856.93093526497
22,0,0,0,501.1657411966323,0,0,10.0015943877551,250.79255390269,541.112502863439,3258.3672558312287,517.4182931319685,848.1088318788402,0,758.5266691770222,6685.493442369577
23,0,139.1737265498295,0,1405.131515008527,0,0,337.03865375124013,292.29614191734186,0,4758.775599179673,1036.8648824857632,1812.0303447994347,1037.09715077423,1367.6508822066037,12186.058896672645
24,0,912.77086362414,464.12355593559494,3259.5010082875056,23.1052219245269,0,860.3369659672536,0,1681.978706953664,4843.667025161752,1867.9475449284616,2967.651533313499,1613.9819377624012,2986.370353828737,21481.434717687534
25,0,358.99098700490896,445.93029481639905,1360.051721158793,0,195.47027460019,0,32.2724600338532,402.31888902684346,574.2253366477606,746.163712250451,1561.7889954726527,37.7278948267743,4717.401318955597,10432.341884794225
26,0,284.76534351949533,136.082495297536,962.3668246467275,0,0,223.64188098282585,258.1655701906368,535.2990618668211,1293.990231142206,1527.170102153673,1422.9533085010098,401.304876611743,5180.404163251576,12226.143858164252
27,0,852.6068144209448,747.9079388974048,6728.235576948284,743.444273925869,55.6837149187189,1434.5979749588814,639.1235650707475,1191.1193183590524,18885.509937263872,1872.3665511027284,8834.805186303241,102.3378681109551,6398.69611264909,48486.434832929794
28,0,112.6348156393552,284.7522122205599,2327.4991286284458,715.4970821788,142.747659747806,1864.144658497799,283.9243656591821,30.5104609909898,2244.561691346149,1009.663062542971,7893.333371404256,404.75975194869704,4002.0719913865737,21316.10025219158
29,167.91275787984,2098.791306213945,2213.0569592986863,8710.471754688619,0,817.7713934959303,9244.126634411063,120.269245155147,316.49931674344487,18991.694021830823,1107.749091982536,18213.479523840684,1350.8624481875147,8388.309885289153,71740.99433901739
30,0,341.11868162717633,173.796776893621,1492.637143284839,44.0267741180616,0,233.717546338714,0,526.9898700280919,2194.173933172859,761.7331709474798,4315.970187464483,0,2625.881046840004,12710.045130715333
31,0,966.8005029868169,732.4929556752996,2469.8421688136573,263.630547486818,0,192.612522047556,774.4115501456326,482.1971636438364,5072.547407217181,2744.8311741658067,5228.434011477511,2994.56217795301,5528.267742941786,27450.629924554913
32,0,2307.9518660504746,785.5959015767376,6757.662834612341,0,140.467515865371,10188.799259065572,556.9186049630633,1287.7312687331,3129.545450926753,446.9918067733542,18095.95707259096,1091.6925955798613,9135.681229068614,53924.99540580619
33,0,388.83906773448314,41.8784048822633,42.24331550802139,0,0,0,17.8888888888889,0,291.1595146052647,32.2553767108089,303.09508190283196,0,186.0400475341651,1303.3996977667275
34,0,689.7746884624664,22.8695652173913,573.0293866122945,0,91.0670397184885,0,342.0787510268594,1051.22373074034,2699.573960581658,961.7688584517865,1732.2061197310916,0,1480.8865021656304,9644.478602708006
35,0,439.203875372505,104.012238457156,8299.223991548626,456.554731251013,405.548838386892,5243.053648963354,152.970630162124,3273.5947761447346,5960.238933953594,3606.831481373552,5888.893374010688,572.6164187931798,14011.094652173992,48413.837590591414
36,0,549.8981592360032,1906.177138067824,6882.666638575808,307.3056495963913,158.088263691865,325.275720085227,733.4023467100842,1391.1641998796713,2808.4585776129416,2956.9888163794094,5673.912507805346,1099.3232257648492,11013.234109752028,35805.89535315745
37,64.3517746593978,119.446375605012,1432.2005796018184,1689.0946504891324,855.0540538895793,0,445.2250014802598,0,0,444.013512303119,296.6337260837318,3062.8963697644267,626.5834437028414,2302.7874958917305,11338.286983471047
38,0,0,391.0142838680314,1233.7057701567294,1993.2849657754468,62.6043944019091,0,0,110.425311992514,0,0,73.1052631578947,134.470451943476,19.6041397649675,4018.214581060968
39,0,472.9300860268552,1076.2145906623928,1806.973614095406,0,47.1579701047743,285.247190865677,353.61077242393003,47.0818135711606,2636.647398749861,62.9416430333917,1417.487271837183,1107.2399084470053,3078.9504560549735,12392.482715872611
40,0,1352.3168811897922,1384.6206485350958,1806.892878159972,363.5189704274368,182.7794353991334,1378.1771250457666,389.9155467452798,31.9573618941708,991.4482356923462,458.295379017916,933.243287019649,0,2870.932802693216,12144.098551819774
41,0,1779.8183972028046,2633.4556333117503,4523.8184164247505,578.127369163232,0,1525.6057044853922,368.9807221578957,1255.327680982928,2002.1440105430809,893.4967225098626,919.2442990975761,0,2561.7080746700985,19041.727030549373
42,0,708.4026140404635,2776.315329895342,1884.3628589792472,254.56757040773616,0,350.182762681788,32.5586022283316,0,0,96.180936235547,369.91538333235417,0,737.157929247767,7209.643987048576
43,0,188.6440692646853,2788.8040913943623,3384.0026840397277,111.2283297571282,1398.4833679946753,0,1210.8608431668222,2244.3016254607046,5134.264784690224,747.8404589581395,6525.197977026106,656.6882726388208,5791.341189987231,30181.657694378624
44,0,0,1108.8131370066023,2854.247467095625,137.977866093655,51.4177377708453,868.67055233632,2755.249433441436,1426.8712824356355,3938.6427436023855,475.92506499639967,2556.666953266519,0,3057.85382812289,19232.336066168315
45,61.9197263816765,2064.094944381417,6878.411435526188,6544.28129524452,223.745910238344,798.4901479369939,511.74547117054817,1009.2465355152856,2752.3769067694307,3613.00550357919,1036.0183646637877,3846.054054272192,2127.073842601957,5788.453826489034,37254.91796477056
46,0,926.1488254529095,1322.5533840619453,5199.892568868791,1059.165253708701,0,345.366863143352,0,418.07089675815325,823.4363294775351,24.9158913081029,1410.8674975767503,49.3724137021442,1858.9143348398527,13438.704258898237
47,0,918.2485990876729,854.526053571078,2483.35745636354,0,196.765877358216,242.415560905323,863.7620638401678,109.724610996213,694.259755124421,315.702434792576,918.931886644448,0,1099.9652749850336,8697.65957366869
48,0,524.988901353891,1253.2859272734331,5742.113749814992,111.306780456761,49.9515898726514,198.320630134269,524.8199526948343,292.966345580563,691.4813315684939,1688.3074035364984,498.7870899017972,209.0329983496954,1548.8392965947685,13334.201997132648
49,0,1646.7420243166025,784.0774398841019,1798.8712214484008,0,579.8594477306042,529.3684422350208,39.7181752834891,105.4504355130264,5009.538910064911,1661.9033066366776,3395.2807234495567,0,2753.9578352093804,18304.767961771773
50,0,385.18393584903856,0,1353.9925104115212,0,0,166.481829398511,156.384135841525,0,0,239.453080143551,328.9321507786534,127.11984937822,1062.1409062287837,3819.688398029803
51,0,453.2859797799507,0,593.1802479772471,0,176.331642281764,262.056722280693,0,467.390904124613,1900.75746715703,925.7442243737141,1941.4150955986208,113.891235315301,1752.4298487671522,8586.483367656085
52,0,1007.4411440261856,0,300.7265011602916,0,127.600082112907,246.096371251392,215.770573155089,0,982.5002560501201,672.0288851632264,2834.1718411109237,29.25566280084071,3166.5661064450223,9582.157423276
53,0,933.7000210122163,89.2034171462723,3222.248285061116,0,54.3794863731984,461.74756214729666,332.568385436747,141.4195145128641,7886.431832710403,2273.768939871883,3597.59866235525,214.78603377901536,2716.4253805810913,21924.27752098735
54,0,670.3075369395365,181.1743788607382,2715.609822383345,0,39.283070181028,669.6326104414218,58.2850052537929,584.4931396154891,13054.29158501706,1766.2292524796092,2707.363236207298,1091.8178814130188,4235.202058408882,27773.68957720122
55,0,940.1126599719438,1154.4587939737007,1881.0410310406307,275.1259865001008,0,360.941731163879,956.4214937967384,1611.5333806342296,1006.8011876694987,1025.5181327322357,4570.499748161062,419.809373939472,1680.5957605433734,15882.859280126866
56,0,540.1773021259181,208.8526294031683,4570.763496707338,0,161.37408844752238,339.37205773434874,589.225452532611,28.220546634882695,3732.357721575153,3516.6294018204903,4503.3239763791325,0,2892.598442784025,21082.895116144588
57,0,2481.0226458252837,848.5370696256009,3419.83375291838,427.97095445424134,0,3348.1284158966787,309.4032875898789,843.9205589706613,12453.344199414712,1298.4277131892482,11886.90648758288,89.2078907121588,8278.004956908411,45684.70793308814
58,0,473.97960381529856,413.008204406725,771.7584478605662,0,349.13610025745095,675.6035889384668,441.6147718482972,638.527520649047,1025.944444921877,993.6591105405371,6456.2309380730485,1531.2111671237133,4001.5426417014687,17772.216540136495
59,0,859.6283810796828,1770.4514681704222,5992.0081120946925,0,0,1973.092541314626,1140.696546846214,1394.4895273829811,2177.308347441115,473.7082298282036,6953.987599329509,0,6761.25614001002,29496.62689349747
60,0,549.104636890844,331.59374727445345,3265.929985208574,0,0,333.1166280099869,1907.850159324075,453.0813779779511,1445.0299577172727,1095.5637211554342,5535.385230008606,0,2265.7058244209184,17182.36126798812
61,0,570.2637005925824,1312.817648792706,3452.4299389039693,0,0,330.62919247042777,1113.816197792848,2135.7197028225687,1698.5968596368116,551.7232633266616,1646.889397192762,0,5367.369488591097,18180.255390122435
62,197.170802125541,660.49251901776,254.3186472787772,598.1531420839146,0,966.62454357311,0,772.08501530752,595.2733550932223,2880.0923951611794,1191.7574308218743,1387.587294621669,2471.825874243293,3457.995034315124,15433.376053642987
63,0,273.653133641173,0,347.018863299087,10.1105442176871,0,323.031220398321,0,966.5751363829759,9257.52376939622,94.2666904124467,852.9972643748846,1380.5599911970312,1391.5630224479469,14897.299635767771
64,135.317504969285,2294.0599712000303,1275.1030556229882,7431.060066346968,483.03729022038107,649.8201075061847,2340.593231981258,1307.5157903150653,2567.203185023916,4120.599420990708,1144.9845561132115,7940.97452572169,0,10464.984590737413,42155.2532967491
65,0,168.094865219636,278.824838020163,1877.091939128709,0,0,195.4459002604275,730.3845875890513,1418.723282690798,519.3370143239143,3879.4094269217712,3914.3035252486006,0,4532.919778304366,17514.53515770744
66,0,1627.2644992525593,2529.096241464134,4895.556023773842,0,153.634267001355,460.20782351435827,620.8629593186913,2575.9166149962753,3908.533942225671,732.7098502401572,3763.172141053845,0,3092.026296019704,24358.98065886059
67,0,2165.759600543644,51.2927887927632,1032.1219333650383,415.83119581475,0,663.9870142457588,0,0,1867.0137796125068,541.6262956218906,2406.3421579760543,0,3179.544500222627,12323.519266195031
68,0,3745.495884334055,1394.6489972322836,5178.061196180394,134.51071904039011,87.6480190933853,8857.846639569032,2844.994592052132,3427.6450558149904,6740.730658144802,1213.9142503181026,31320.5890932371,254.59482315291,14142.550291502514,79343.23021967208
69,12.4034284134947,2891.8545433530426,3258.994654983256,6746.542925009983,0,121.614928908045,3044.0133514519453,783.089827256502,1209.077903709981,6894.997350792928,740.3195624673447,11652.75963031804,9.72222222222222,3701.894448225278,41067.284777112065
70,0,2325.4142109379527,115.99082342589422,3624.8101470962447,213.650400510647,68.1285450809949,397.2608102967928,349.2572951669863,693.7497661399151,2659.0725237508123,729.5084871470132,8951.48180295045,45.6321643199701,4472.435529606412,24646.39250643009
71,0,1692.0878447823966,417.771149225484,2351.9909924839685,2056.524298712469,0,73.3474056151281,1958.355260028824,173.4559160409315,2134.3699284921754,2274.6864335629043,6343.4238784601175,0,8313.976443240092,27789.989550644492
72,0,498.3641451041205,945.0982392823465,3332.3653415560593,237.98705014313,121.974482468992,878.458120112646,323.6825760044087,615.7008687670524,2233.6555197130056,197.8377525392992,13306.359640398166,0,5122.74618715502,27814.22992324425
73,320.015528840722,7472.177316171901,8826.391230690719,16798.719249645168,1425.9251038369712,1355.8254838354967,19922.77982403625,4191.530927865031,8071.1771724915825,6994.355807095865,568.272874391397,57008.9840576887,442.757959175542,19984.34103282108,153383.2535685864
74,0,1552.3278620133165,5305.786633388362,7459.794823088275,110.001943290643,694.352419796021,3903.4198677972454,523.381030410658,723.1630295421165,5317.351686217474,933.1381208550384,16533.885870009693,816.9166987555502,8469.339014014875,52342.85899917928
75,0,256.8827445545703,493.14329274963256,2775.8717670063807,490.262897537117,1036.431538678168,1442.623562856078,404.24599037615025,0,724.8986941517819,995.6273803599141,3525.046093739784,35.8894769927096,3190.749392461167,15371.672831463453
76,0,890.699877975261,91.78270710944741,1507.8312697673764,0,257.2482732951193,1232.9026991835633,1073.6035696304828,1264.4073100955409,744.1686677388745,192.9939309838188,3575.3692299660643,0,4437.051648463023,15268.059184208572
77,0,170.724017791563,117.4193492461865,2851.417956458297,361.03769590167303,0,1693.7751999839618,834.5573359020716,1217.589883978032,18318.881808720223,1088.9384644556303,8380.205982662277,983.6959267163636,7622.693707035412,43640.93732885169
78,0,1159.515010969854,51.9786142350623,3849.7215150283014,681.919060335582,188.3927890571259,1625.9650920781803,2140.0130712406035,2333.6376725341875,784.5530605433546,301.22324150907826,7940.723528561552,0,4688.590503900254,25746.233159993135
79,47.9784089820608,1480.8448949698177,1848.0511576333572,4338.708213184275,1259.7142477141242,10.9842697487672,5603.655195146604,418.7153062372872,1421.1094576699606,9299.83798164885,1449.2768209271844,11606.65453293638,620.6342232140565,5709.564501666487,45115.729211679216
80,0,772.5169275086597,878.3132105562861,4680.042671884675,0,0,694.1663350671583,768.2339530881022,2034.7964883575391,3220.36686110237,2412.410729394865,6436.047337042357,500.9942006159938,8639.377426844609,31037.266141462613
81,16,2301.808172136547,1778.9209115134558,8800.969597926765,1289.8999604651185,583.6656883642611,3591.292943678712,619.9242647223454,1314.572288899823,1666.4353912699762,1424.4743698329,14147.95624097718,277.57392918093,8833.053054872997,46646.54681384101
82,138.046525159056,2944.5058578091307,3216.633026517924,8984.129455223714,972.694293421186,129.5733556252803,12360.144535418936,626.7784442983107,7092.818331936639,3203.22720506153,1347.2573739877712,19317.786975663632,1896.4210847554568,10380.15513750194,72610.1716023805
83,0,2082.166485779768,1056.714725292395,3315.927289322443,131.279475918166,193.6035551670296,419.6447219725236,541.4007370269068,3090.458128293853,1634.4693491808994,1067.9530632551548,7656.862823947416,378.34326715674314,12145.708508095886,33714.53213040918
84,0,1771.706125280729,154.94604484965538,2256.960465380515,0,0,203.25077401346888,541.764998263331,58.615986345502,1837.585874528434,2334.9678030524315,2938.0309374306194,0,3565.796745599904,15663.625754744591
85,0,440.8059167659045,66.4599678379874,121.5949494949496,0,13.2727272727273,60.0952380952381,769.5135434072895,320.47790169889504,378.1976693088706,863.264757744836,707.6265890725153,0,812.4345288978384,4553.7437895970515
86,0,250.14244321573184,175.23360677478829,1016.0473300609924,0,62.3549582683983,72.4133172116107,0,19.8768147339542,640.3586282008205,43.40677055146066,1262.6191745878596,0,175.9124030864495,3718.3654466920666
87,70.7856880189881,125.31054996951002,92.5680697676537,1517.0283500588505,37.2263758710747,78.72239686461549,0,466.77067750561554,0,1179.6279647099163,179.5427697173688,3203.810336633293,0,4795.890338376437,11747.283517493324
88,0,1236.0046295404193,233.8698822764191,5251.462805201207,84.5839507528222,548.704894197796,149.7235242214341,1358.2710780552466,1287.087733201678,2522.135200306231,1520.9350192918332,3595.475298055723,0,5577.697758429305,23365.951773530112
89,0,580.3400741709779,270.025895425409,128.3274036951,30.6621690036018,0,0,233.73094938150132,0,1116.233440285415,48.6,987.7884597026515,0,1285.3364908885628,4681.044882553219
90,0,474.0063131408564,256.5582341586122,1392.9077954180411,0,0,0,267.87182874771537,414.5267098066496,1647.330548150655,725.5666152210763,900.7915671502096,0,1472.149438555241,7551.709050349056
91,137.010125209934,773.912313807378,5702.10785154968,3967.9266769693977,0,1123.040907513301,1697.5661619187554,572.120462863984,797.1020130485074,929.2598766118441,748.212583427749,3728.120486067792,496.6211083825449,6522.333093568277,27195.333660939148
92,0,640.9590268276663,1122.0094666446944,2532.9677022383485,92.24475001318359,621.320474945098,1358.550030289714,26.6666666666667,836.530938015254,103.7575326577695,539.784135716908,4743.880871887605,2147.5402474389466,5057.354095833688,19823.565939175543
93,137.574798053023,221.61951617699208,1523.2513554279235,5396.425643002454,834.3982931843952,507.89973756062483,6450.017915505066,563.8583583831721,567.4805414187283,1574.039296618211,909.7180687840428,7088.59495546555,76.389489806394,5020.808518195555,30872.07648758213
94,0,333.3756809759803,2223.654309070298,5479.647563280685,410.1311074154576,0,853.2781440216673,222.789388579397,922.2930297056449,875.6316572828247,1616.8036541321262,2966.2826733841953,0,2709.345233431288,18613.232441279564
95,0,291.9772761228877,34.4235735286274,890.2138255035837,0,0,110.228952270601,579.3127686837092,588.6655228820216,548.6920712642545,533.5018498782986,2575.4718841543727,0,2851.637943902938,9004.125668191295
96,0,402.30120814663707,309.6685879096311,1316.2141171575477,0,62.6754399997408,311.014980812012,274.8906997354378,315.365385412441,397.5637704607658,617.012143587089,1812.852613469047,1509.6511143231585,4501.203151449558,11830.413212463063
97,0,1140.124678372507,192.3534306539106,994.2775306500406,18.2594953630566,330.6188355436614,764.8820080910224,464.711151907055,1180.5554704033607,497.44468299357897,275.6690852531953,3412.7095118747266,0,1696.263298726118,10967.869179832234
98,0,127.1184671571373,324.8989883851941,499.6848405486066,1387.6678322404855,324.5697809348162,132.913499796706,0,679.921270407342,53.8174655509062,0,1271.9930075874638,335.863021549902,1525.8493756577748,6664.297549816333
99,0,915.757775843356,6263.093082979908,2903.4632825003528,3974.3526435960657,0,1204.475803448295,322.339458558372,290.5085279692005,721.6241282564699,92.9157376533265,3839.4390797263745,296.7940982676173,4898.791841996641,25723.555460795975
100,0,3279.149146442002,3683.3538852616666,16130.42821034555,589.2973593924971,431.0101587809542,1060.6450664565125,1924.528628571618,3069.7855130311527,5210.115295709488,2338.290080320179,8532.823710615176,1814.7653836649324,7161.589151322568,55225.781589914295
101,0,593.3722914774144,544.2575737543531,913.1109879225943,0,0,287.66028809108786,0,305.0155883332367,2726.4781216822603,1406.65913296723,1385.7195876013989,0,3900.0310988304054,12062.304670659982
102,0,504.07530811336926,424.367521481705,1699.8274844452258,0,0,0,425.23592039258,2175.0356129074494,1270.5783378662957,220.2234751433523,2319.6076949176736,0,1575.752650606432,10614.704005874082
103,0,788.3765560981021,134.21054104174831,532.3543296967243,0,0,0,0,219.443970584171,566.2189830264971,41.5790678751773,523.9275631007104,0,2458.8280444354045,5264.939055858535
104,0,587.0995402759282,12.4709194134226,867.1198966101578,0,0,0,27.1731807828084,122.33651987632965,440.12650459654645,43.819146118763896,726.10672156218,0,1245.0025394943566,4071.2549687304936
105,0,135.6911199332643,363.865161590586,1448.2254159477852,225.886430316801,443.232053232196,2212.5287113279355,111.0663247989082,396.9298899274344,447.39333674386035,258.44189158262236,1488.2656093037683,0,4307.751560974663,11839.277505679824
106,508.535390572867,1048.4954381202906,2605.413918188498,11898.06134702954,120.4762900823527,26.144262768148305,649.4326081586664,313.565364670323,1607.6502000667656,132.31307831066,46.2552758812225,5519.193304149376,119.4547170643005,2339.799629051979,26934.790824114993
107,0,0,578.8914528653647,2520.726572353482,362.12952520423744,0,1068.9791437895133,803.6260189536503,798.6745886473434,318.8061761115227,723.9799926696362,3870.399677202763,841.616754988313,3917.309455732222,15805.139358518049
108,0,106.06665228244152,991.7922348896947,7924.819752233571,586.4888330520223,0,132.7637116788471,75.97038383822,796.20489033399,179.187887522014,81.27495114570212,2539.5564363698672,847.502000927008,1676.0570626356462,15937.68479690902
109,0,531.162504493713,3212.9330213302333,16996.482102906037,1513.5877734359442,250.127667352503,750.195565875345,2318.7093166006807,596.322557799598,3894.629401054789,3465.8313840590736,4657.136386839288,299.553928165935,5881.887299738341,44368.55890965149
110,0,0,1738.7815184887309,7067.773578962024,456.734140145767,767.1401906947419,270.898135670403,1282.077620047292,5936.001450313429,459.8422434437868,365.1664576450861,2011.4379311714993,540.268080672873,4128.557792082853,25024.679139338477
111,0,291.903744904379,1038.007963271808,5003.9095328772355,1119.475772499692,475.168683927178,838.971052568749,243.241137250976,416.997132604423,1381.0916014717668,717.5297619587604,2057.575108729514,0,3837.034796831768,17420.906288896247
112,0,666.5809471812022,2684.757992695215,2654.1763609471013,1748.9441404452473,0,0,164.956471992746,1894.4571908647847,821.8477677095589,761.5872789341638,4389.271248208957,0,4717.228360606394,20503.807759585372
113,0,312.641928859911,4957.7824293424765,6426.372407172584,1741.2656891901845,3581.9406525286913,36.7981039650923,122.941568395931,799.4498735481966,2378.6321836123147,383.123665186997,3475.717760707371,0,912.5401765672299,25129.206439076977
114,0,0,0,0,0,0,0,0,0,0,0,0,0,0,0
115,0,2183.0907156556327,2179.745642247756,5891.510713229793,681.0887849965302,299.553928165935,0,747.092531567878,571.130886749636,0,1775.126698196958,444.51132211849296,571.930058056931,2854.488927103135,18199.270208088677
116,0,2950.606702405071,2161.512262414284,6775.351776674063,2356.707043056054,2028.114642591314,0,965.053815276327,1025.079287584191,2437.6394011369603,4356.505930468835,1306.1233842392687,274.517879313365,8531.685270034244,35168.89739519398
117,0,1186.323366610029,1062.479646168119,5098.656061013799,3445.739551565392,294.441413664456,350.793926881045,1126.186254090591,453.686456065781,1394.5656076491289,910.7534203681907,2511.581153264299,0,4293.185899828575,22128.392757169404
118,0,480.6600115676724,688.740624072034,806.6240645667019,325.37669019032865,73.6814896750858,0,449.9358222311278,1002.756224983443,0,335.5567037808306,776.7375645362757,0,399.2891525892949,5339.358348192794
119,0,3643.633192284186,0,9280.528504270265,258.40506452031,1248.279839756948,0,0,310.548921044133,1553.3570916365234,1996.1729959369673,2049.1901039843783,467.777633265494,4998.16469756855,25806.058044267756
120,0,0,0,0,0,0,0,0,0,0,0,0,0,0,0
121,0,980.3517586598598,1210.6924471387092,4642.230353512272,0,1780.60667837729,545.771739347134,553.066558890787,968.243376182088,502.050429621096,315.87633014751,214.62006241686,0,2381.5343673762636,14095.04410166987
122,0,797.543270126996,139.158335175503,4545.647077047552,0,318.780486496023,0,0,523.3430960429561,505.8521929981776,0,441.952741041223,214.62006241686,2087.026836048225,9573.924097393516
123,0,187.808984059175,0,1947.57189106328,0,571.930058056931,0,0,1064.142951231606,0,697.690315315078,0,0,2479.0267316284844,6948.170931354554
124,0,589.546526821466,2232.9062642636013,3162.8639728125545,979.693058108328,998.620049793432,0,1166.2717414081253,397.124116188485,15.5096424673754,270.30757452557,1057.204816620907,47.4240240381525,1927.223172946808,12844.694959994808
125,0,845.802925442151,953.0887773638132,547.583420718137,595.432587633593,1124.289942636944,0,758.812351704307,0,228.421930773885,3218.739815002101,1411.9239623923993,0,3426.920003530437,13111.015717197766
126,0,537.457640990111,379.4820195685606,3512.769648860582,0,0,0,394.863355413402,491.82898891114706,2673.777642133446,481.15740999021693,1467.0579565083774,0,2064.7023442980903,12003.097006673932
127,0,582.639140014152,1610.9472225666193,5728.12159254046,928.4605997240031,382.560938082266,1856.9558427729064,453.52057284921307,2803.5058943784265,3216.264274651315,2111.849125541052,5382.047100162012,181.5054668427404,3896.407660836333,29134.7854309615
128,0,22.5722679627144,379.396465310995,3949.422538458144,71.0248086757825,17.8778199920206,40.235122228783,49.66429647752419,0,2948.539258525719,33.022859114224,995.9967616719525,0,1273.576632408627,9781.328830826487
129,0,34.4276891365976,350.965332751731,2694.160915477541,0,230.6661222042414,223.96569286835305,1214.148840082705,753.635145925561,2071.582867426111,44.89692793837,4496.488910554141,0,2869.5506973608553,14984.489141726206
130,0,99.6450419866633,28.2045374531447,468.88487924735085,0,0,0,45.5721765721798,0,1537.57535658229,10.5252069343933,921.4425334503799,1854.3279242585231,654.381940422627,5620.559596907552
131,0,456.992516768706,1296.2265840690911,1826.2094148183044,0,1876.4469030121145,13.7311544770485,0,719.8678537309772,287.606060003351,96.8075316278426,2264.380703444024,93.2662109830811,2563.952047271373,11495.486980205917
132,0,0,447.97026394178874,280.0662806539269,224.537352245402,240.0194629390313,0,0,0,1036.5719277858327,0,0,333.9727114984705,856.2926714539042,3419.430670518357
133,0,286.5549142806647,1136.8429571618387,3426.679324006795,300.167324609905,230.575470415821,935.7980244454499,203.986149816103,1515.3104794386932,1620.838727973288,1462.8088255435628,4827.806019180778,1477.399529491129,6171.344450455616,23596.11219681965
134,0,330.7521997398856,724.6917625019418,2431.8319797977647,0,973.086276758418,0,510.8859010907016,1581.2165732428875,3459.7716702457583,1976.6672959811303,496.79943200976254,0,1933.7771994835605,14419.480290851809
135,0,297.296348299237,399.12835335282887,4197.991176842697,23.7887565876596,223.639771902733,574.004456958822,0,350.79433517310656,2932.6762704170505,265.6862974032091,3547.7960297742825,904.808555576323,6117.0240086162075,19834.63436090415
136,0,1376.3889394449125,2836.003042188846,3556.3955250982267,2109.7151931067688,714.2562570239741,219.302619834874,876.2807547872278,1517.765151597174,268.5986298983323,619.663006401303,3235.6733600876655,107.599063374338,4003.4086423500626,21441.050185193704
137,0,913.06043310964,2076.879534529088,5255.874095981521,1361.6441311620074,589.12794388148,0,1847.410386504827,238.99380882909608,1092.9569920836027,895.7903589806128,1710.7228369724708,427.240888946987,2627.3189943924076,19037.02040537374
138,0,1356.2248684575356,3769.0136931000898,4975.703095431549,428.35564218038706,0,0,0,391.4517817930297,425.26688970267,446.2481411689205,873.6267885321492,287.307166335473,2376.161301634042,15329.359368335843
139,0,665.1006746163991,701.139885470522,1375.97871470117,262.027105471481,0,0,195.7037348728132,923.827850705045,1749.3686968638951,90.5411752375201,327.64003758470596,0,2026.6938493772889,8318.02172490084
140,0,221.071020874439,570.0423225498164,3671.423982192618,0,0,0,1987.4473725854832,0,0,1287.9396445727434,2660.710700673499,0,942.9006212429352,11341.535664691535
141,0,5288.366876302199,1269.76135097217,6417.197495688813,1096.6926764496327,799.994181583616,0,3750.4792287348528,823.1267686824409,404.7032641552852,2472.2877772793167,3551.4160339800783,710.903053975705,5769.630833411075,32354.55954121519
142,0,1236.308154268143,951.142763251768,1406.8900541263254,209.9563359462,2944.444213537436,0,354.427729644077,2021.789010082883,0,306.055236600784,1058.192009539854,0,3036.8723071069567,13526.077814104428
143,0,0,0,0,0,0,0,0,0,0,0,0,0,0,0
144,0,955.3440009267541,434.962677765443,7472.4745659307455,3419.412026337201,1508.4105598175413,1091.397065244878,891.9508586688551,406.20626237534617,2403.8599882859057,948.5953435551521,4022.087610052491,613.375320840363,7791.818888999273,31959.89516879995
145,0,190.22011845906215,0,377.23548767831664,155.0495553225485,0,0,424.7115901600291,0,0,513.0020996796,509.4518374668716,0,487.8626701096521,2657.5333588760805
146,0,0,0,0,0,0,0,0,0,0,0,0,0,0,0
147,0,603.429882287,1333.6566740191513,1661.522478561158,0,397.10684541532146,0,125.889169837106,1018.078700510315,191.330696525356,481.53751043705694,1266.8739301609378,0,2494.721169212815,9574.147056966216
148,0,183.05097931839532,519.931962069298,945.3860172111973,0,0,196.442500944991,0,894.8831545422322,1132.043278016743,1234.389295707279,945.4642489565708,0,2024.1495758175688,8075.741012584277
149,0,0,0,0,0,0,0,0,0,0,0,0,0,0,0
150,0,1828.458961457829,3216.4318874722167,3443.051984219397,959.9824128073179,0,0,637.195055636188,319.463939571649,1537.7507329922882,1143.431546414984,641.8979987398833,0,1770.569062386635,15498.233581698389
151,0,1178.6756244967653,427.7054126076107,4534.810834358796,646.537447896317,1320.1455339807933,0,381.673213000742,0,527.9792934382644,1089.0955593910714,1304.060039823235,515.200657296082,5256.756822697108,17182.640438986782
152,0,0,1203.337548266628,2392.340225296424,128.8094020082293,494.769239897792,494.292711666152,82.1752201551379,1725.6059688220794,157.006581361799,595.7812672522022,1661.372918166323,186.889770306412,2687.6590123011415,11810.03986550032
153,0,126.629756123752,651.336743288801,1239.816012285366,0,0,0,371.74664575526,1271.14490740849,879.2353740240831,421.0551427096732,798.179457261316,1044.0473051953882,1309.5924632070542,8112.783807259184
154,0,2160.909544161341,2671.3581233844207,7545.188355846485,0,397.8057184962795,2216.554085645568,569.23650705353,554.640057773481,1216.1508354642633,1248.1886163874922,2251.063427242946,203.7029628385607,6120.188650125542,27154.986884419908
155,0,559.355071087445,1552.73863768024,517.060896986406,325.27875310626,469.4127311172079,0,969.6076805473502,489.967638984349,420.111415349353,0,0,0,1763.7741788644482,7067.307003723059
156,0,71.3527327828781,1506.6707386751243,5775.9806415458825,583.552343278865,171.918940347894,0,366.6878108074596,188.794276149233,3349.5839286110477,771.1143661014181,3366.992685294861,597.2322263126567,1573.0400233080045,18322.92071321532
157,0,142.714709143863,1375.2699280927495,165.8037946666254,46.3023970904424,136.886333161228,250.845574059272,147.057240262733,277.8031460159787,0,157.37178895421,134.664466073925,0,710.014112321853,3544.73348984288
158,0,0,3056.0993496900664,6004.395008736645,320.015528840722,0,0,445.307887327585,454.01528897456893,1300.776278055576,903.830929873028,1295.7340378750507,0,3111.781307452801,16891.955616826042
159,0,3272.84635631017,1293.914631076564,2724.1338299251615,1538.6055328473526,440.132607339018,116.181107985347,3201.336233548079,1548.334822497278,997.5233298912998,1916.2845228006868,197.991563013519,0,5921.909895313492,23169.194432547967
160,0,412.23478293174946,2769.6671289422948,3141.8078113361653,33.6588578447737,963.776634310221,0,0,2829.769887000185,499.7964567684112,1718.857622239263,2314.133160513437,1632.65938264794,1359.2798684074169,17675.641592941858
161,0,1041.304067264462,3966.6397762841134,9041.063869761387,6374.320110996154,531.6641818720484,450.839534204915,382.1766270099219,1255.663493302828,2725.4129589835015,456.9593766458343,2269.127889383645,1815.074328520146,4792.462364535841,35102.708578764796
162,0,853.2721447463923,4709.967755291152,7540.706625900582,2045.8128701220248,663.200522548761,1927.0608763625596,603.298442911376,707.820165536444,177.981364724821,2565.9091422808847,1261.407708668014,496.0913508583192,2231.26452375847,25783.793493709796
163,0,47.0098637071808,3626.169057781923,8053.700217102516,1479.2718711132968,568.737383917535,0,982.993631550812,3658.999982576213,178.009260679054,140.242618556622,1678.020947495804,0,4783.254381352147,25196.4092158331
164,0,1899.303646086954,2338.9722765827087,3747.0658095003146,2115.6898628747936,971.9101889489863,0,226.156288472208,708.4606427225548,1778.689983455716,0,2844.771344606559,0,1869.8363475398685,18500.856390790665
165,0,13.7924133341994,1232.1661844365256,4043.5132214152336,634.8717010903226,532.6466416500649,0,31.895527849824,499.95401034125285,0,81.8816658584264,0,1060.6598708302809,1357.7072552490984,9489.088492055229
166,0,496.626536098625,1884.0163900609641,6223.871239912009,362.026881327,1598.178486608704,75.3622196125883,1896.3867437869187,1423.1218940247484,8031.080368083811,1630.9048712320368,5999.359978265932,271.080063518006,6434.99216556234,36327.00783809369
167,0,1396.8665999798654,226.3949317675735,10427.018215716462,0,75.4420677609381,459.459728259934,5723.981420049495,1444.7314662262447,4812.929145296223,656.2787493926892,6046.827218130324,0,5644.312612850471,36914.24215543022
168,0,356.091198358975,614.1693195782035,8325.803415611166,488.652499925258,36.2682293295809,732.5165571135288,638.409836813835,320.6779999053539,2902.275414905697,3047.012160649542,2003.76856864908,403.171496890752,6656.639022363975,26525.455720094946
169,0,491.6226468381474,1002.580862503201,5294.008775792592,1313.086301776692,160.901729567503,0,1628.698608682998,281.731932745326,3839.27212497045,661.5288358574053,2416.849445558705,374.255544386725,5996.722394850341,23461.259203530084
170,0,381.53089350802907,809.4594504152427,15697.047394398767,42.874525759565,412.93649602031,126.136558778322,2622.6527884353145,1572.0866750097073,1457.435642999146,1043.004468350009,4486.472063640247,353.223944529646,5369.843101457947,34374.70400330225
171,0,236.590403016508,2268.665444135789,3086.8959198998555,72.9656666142562,0,0,1439.982161683088,579.3676101129649,1701.948978953357,1815.480648420336,1121.8394107147549,269.107204468197,2988.5654229627153,15581.40887098182
172,0,0,0,2936.161178294918,452.017876998946,168.971636422685,209.557074623156,1830.7976938317304,1185.781137807909,92.7681490952764,349.49907507690966,596.784547873427,696.607956291887,469.130282725287,8988.076609042131
173,0,612.636905134261,1196.816628458566,3071.811299586241,270.68916401172487,0,383.269024573805,820.9769062205119,245.55101036236,368.514190408904,203.550891585143,359.8014928418711,0,3290.8796648085677,10824.497177991956
174,0,0,386.69393319096,3297.408612611623,0,0,0,0,0,0,997.084943220008,1656.8164096559933,0,2303.0978043080245,8641.101702986609
175,0,200.8493824258402,745.825874196736,1549.205274365978,841.8486605515191,328.921522712888,0,1747.2293381868922,866.086277424267,889.6171086513859,78.2232349887512,276.925788343598,554.031035450717,2423.1296039135523,10501.893101212125
176,0,1149.9431121514822,1918.237804491906,2539.600005840681,191.081732604783,479.07645885876,0,70.0821688563809,61.1096606047181,753.6041099761245,1936.8347694883832,461.19227222602103,102.544484872842,3286.9851639468825,12950.291743918962
177,0,284.8328607605784,0,415.71283985784606,47.4240240381525,103.175480868719,0,453.6569286201657,47.2508522026642,0,0,160.888888888889,0,1426.4354529271266,2939.3773281641415
178,0,0,451.171007557682,0,0,0,0,0,0,0,149.428736676603,0,0,0,600.599744234285
179,0,0,0,0,0,0,0,0,0,0,0,0,0,0,0
180,0,1641.5740812553718,1639.5803443965983,2346.521547167869,0,356.605962403378,1166.2798613814314,0,538.1531432963343,91.6316287047646,746.8813595183226,263.015493988308,105.510518702183,1803.681975421678,10699.43591623624
181,0,3129.739002523992,818.1619680446028,4712.343385237984,418.8264541941326,319.2233173722932,0,261.686674707934,964.125427143264,2072.857130299341,2438.0238587087674,462.738607088211,0,4274.134969337956,19871.86079465848
182,0,1289.0096141509011,548.8388756538089,3314.238335186849,951.3169793269005,1176.6025482141845,50.0833595357181,0,0,909.602828032977,424.94248812397,377.67827723856107,192.71624286644112,2494.135326806832,11729.164875137143
183,0,819.8433811508829,435.706996621401,595.1177999631935,1860.7514008147712,743.85987276596,435.706996621401,801.315852859169,1281.106135893883,1014.783662063576,1411.711846461706,375.647346641212,452.291721595697,2646.9951999657515,12874.838213418603
184,0,930.6908523035071,245.2427850218932,2360.391346216952,109.499943734327,119.956171783228,0,638.947009627221,0,0,295.6314210387702,213.7707163792756,401.298237167198,1091.0527845356523,6406.481267808023
185,0,506.3933168616901,368.471636002738,1306.3537928840965,167.547791008492,586.72273485099,0,510.36754551932097,1222.9641204813013,0,0,312.103189271241,0,549.991645534913,5530.915772414783
186,0,158.5497366091535,96.8845799007261,79.7123323278428,50.2969261032692,62.5247556281292,0,69.4624596398999,139.49513350072442,902.1440916902109,524.524652813221,0,0,820.9008476615812,2904.4955158747584
187,0,0,142.905765949708,2395.780272680614,222.153057277438,0,596.738075849638,838.235789128308,1007.2323880872608,0,262.449753799778,1185.1275276370598,0,3190.7232300468986,9841.345860456702
188,0,0,326.093518744837,2854.22836096069,159.536272702883,1603.8622544739342,0,835.221916193831,596.738075849638,1014.8655213851772,1376.7744175577857,1331.698624050722,459.4720638781518,1513.7592259558678,12072.250251753518
189,0,752.9998682089479,910.318981156744,1440.1331817113548,0,0,495.66175294777094,2111.449132045411,201.710352859277,706.1930414273818,510.249935022808,902.1079176696226,1827.783649743774,2541.515955253269,12400.123768046362
190,0,510.84987521861,1534.7826142273152,5763.235134596977,708.4706172834279,730.54703731231,0,0,482.893379489057,3000.5733741727117,817.394814626761,2598.7119538099482,314.279527847782,3590.7350908224453,20052.473419407343
191,0,386.217693375275,0,4296.104020155976,890.4974951306181,568.6817475248442,0,0,305.045073606884,190.968355051034,165.91466956409732,0,262.189740299398,1498.4442302831355,8564.063024991263
192,0,537.1102023388551,412.598609221245,2364.3723448589612,240.978884904391,559.319810606572,0,1050.0028373278951,345.178885437847,886.2041409046116,1008.6942657355828,1542.165928841636,308.598635502316,2504.8185381737194,11760.043083853634
193,0,230.128644193549,89.145958030034,346.2220071705222,130.500918590818,1926.3676794721591,0,452.306769474154,622.727162606184,0,496.76142322799,270.149052757594,175.141819819096,1165.816514603608,5905.267949945709
194,0,117.172358651958,1252.1443410819238,2548.640200227748,0,82.1814918609935,0,430.3617053445834,326.670457974337,399.571016770218,622.648026922888,442.192638473374,0,1672.3133727054123,7893.8956100134365
195,0,1119.670450645396,1184.521308520907,4990.420973794766,384.741490902015,0,277.214047643652,931.879020356482,1034.197205241252,308.927212476156,1355.368186616926,245.275942448986,0,1117.0246079231745,12949.240446569713
196,0,624.004098008176,0,3059.9124839957863,384.901214165534,384.901214165534,0,178.28989929649,0,0,514.58220244933,0,0,1578.214077029284,6724.805189110135
197,0,122.342675108549,809.1331613105766,1972.8629823072515,0,705.257874818378,0,0,1161.5843523519382,835.090746630168,373.162080748028,858.6191260965151,266.99272197026926,1964.6912787711176,9069.737000112791
198,0,371.3031429421539,1774.909023845546,4033.199281055527,105.662497757722,226.806672351416,847.978860545897,294.897287808088,461.9619758880961,8307.617614918083,4102.969051811022,1940.371244696372,541.721097608345,2152.359641391031,25161.7573926193
199,0,1998.267215729826,3827.7887398307066,2394.1100698848304,2609.565691399138,781.8308662112461,163.474967699282,2243.090081060476,2307.606300591773,1107.3636866366587,691.0854376093374,395.624456535609,0,5173.145372549207,23692.95288573809
200,0,851.1191916967741,0,0,0,259.595431496822,133.406712098099,187.404135601652,882.054276845029,0,853.289887451271,715.6021792360696,0,1108.4685608295529,4990.94037525527
201,0,856.32461622455,411.521763459891,4581.492480277039,0,69.4624596398999,0,503.02632363456,381.757937407026,1599.03843417901,340.319759440339,553.409357680531,224.769674114635,2464.0293104320076,11985.152116489491
202,0,1586.58630729574,404.31757915833293,3953.854930127902,566.675638714926,1760.201623459635,0,938.0105150643569,216.871241475923,905.5450755829211,1379.071390989044,1805.9401998287071,0,2560.915788325011,16077.9902900225
203,0,908.527638843444,0,2096.378991200672,247.163724582113,227.654538600724,0,1764.208492126089,1649.973226312572,0,1225.534440182732,0,0,3492.6816862403734,11612.12273808872
204,0,2748.255136982859,829.2384954292089,12982.811943814371,535.335441575695,1691.216668661662,0,1397.69642272666,2862.0765774686233,4646.684514465929,1861.287119534392,1662.600217513041,0,1456.8354522226507,32674.037990395096
205,0,1795.0456272895951,1035.95477162259,5404.438285612035,910.65172034171,1676.978704956708,0,852.7405103042629,1139.143498005059,1656.5583060883082,1267.7802611499628,1283.3397878571482,0,6191.29310021374,23213.924573441116
206,0,288.265860784022,1509.5794704779842,5376.3327223030165,248.522324742507,442.85406905507097,474.566678817524,1631.212886651949,1203.455634967971,495.41126788765627,1614.004782212718,2170.697285611451,80.7359455897834,3037.6187104523574,18573.257639554013
207,0,0,0,4489.9393601954625,2589.01644568109,0,0,1245.1400255536869,237.202103307604,4789.659736887078,804.247236438169,924.9755752146892,710.30364698835206,1688.460015938966,17478.944146205096
208,0,1259.928283724421,2848.9406277147314,5954.709904319881,362.026881327,0,572.097917004608,1223.225651148049,1399.433136713384,7561.046810398787,4317.6756282966635,4070.503647165251,123.131232312463,6196.820662234005,35889.54038235924
209,0,1980.356596070116,1734.1378866379562,4476.877624512947,784.717660508749,1582.573793285149,1363.913204326398,1475.3888310938078,235.379689123302,0,114.0666928224055,1813.9022948928432,483.95370093180463,2172.1544361919937,18217.42241039747
210,0,1755.8993621108812,1123.077591061849,8497.230838478528,0,0,88.2254930966852,382.05721618233093,1697.922628997582,1218.0330074878718,1226.5852198208074,1967.6991550885307,39.6054101533097,4279.811793193668,22276.147715672043
211,0,1003.631098104777,1430.686030184329,4578.131945574678,70.5942109611079,1477.1395247415,280.046856210331,455.733613375675,780.428998031717,989.8485079615971,891.1384930527689,3220.781670183628,1199.655977331905,1764.8658050034364,18142.68273071745
212,0,1300.150231783221,1956.2710896207843,4651.461425615463,257.803704628545,1280.282520829484,0,533.0334333846249,2315.055093450876,440.060857059873,2242.664736170675,2420.074308847869,0,1867.5146999790993,19264.37210137051
213,0,114.673700725181,2992.8669960201564,4980.246818509556,214.126334810221,937.7551462213701,0,2085.571508839387,4356.801206346688,1321.683743870704,1624.0795860616047,2734.2064095435653,0,3330.4194231211277,24692.430874069563
214,0,638.3793551859754,1475.0000301542418,3953.9975059377143,0,0,189.666456054391,1012.865455622034,1284.645361288235,893.316847879392,1089.1900822470468,2446.6792864094523,0,4457.919301233931,17441.659682012414
215,0,0,733.494866751987,3231.845834648263,144.385473057927,1265.0782640310454,852.024362408329,956.591963358195,2202.1392131342495,2644.538897269348,1629.1112908511025,2848.3582716241276,540.34906377766,1505.2829816879782,18553.200482600212
216,0,883.4239871082631,1573.0512891803587,1146.4267014041548,924.93677487598,186.8565653650306,759.0635641952911,512.714804575852,470.618158654402,1079.458016631214,1069.0064990884982,1205.191051323277,0,3183.0413423232085,12993.78875472553
217,0,474.93226480054,913.6206430851964,1668.8530442106708,0,838.832099670336,0,294.056854752069,470.817112630372,1209.3218536824354,144.2975226511595,1051.2365344126447,431.37373412635,1282.875359915043,8780.217023936817
218,0,885.246816195671,0,5805.124898611932,383.269024573805,649.8265936593041,17.8449011343382,967.5442951223899,491.802872808383,467.3475088992422,861.8934376640701,2838.798772017341,0,1964.5663429924496,15333.265463678925
219,0,174.435682568453,1515.197016261199,2414.3726565026373,0,679.004218730063,0,0,920.359473888441,685.607346335979,100.975702763535,786.891997670837,0,2668.064956150864,9944.909050872007
220,0,1347.1145265472387,954.0590984032495,3558.870644966007,0,0,0,596.527388857572,0,0,0,1015.711229175818,328.423685687191,1867.0959174480408,9667.802491085118
221,0,2413.748073794338,706.795155795383,11647.786001167047,0,729.5437492781209,384.099533134658,1274.600955203084,1590.974829072798,0,252.57222797707,1401.7131513895065,132.405812386709,3886.4033834767743,24420.642872675493
222,0,210.70860766717,818.4369817086001,2736.155215718136,601.972104203058,1048.917163304738,0,0,0,4046.381998974968,1425.2076344971538,3276.6307831355775,504.567118102019,2712.590718335061,17381.56832564648
223,0,133.694272460684,931.8518009063233,1762.2102778704923,0,334.862930930926,0,0,1047.574072557534,557.719263827653,1216.7883495435333,133.694272460684,655.8460059784941,2887.1153320885887,9661.356578624913
224,0,0,110.087833400884,0,0,0,0,0,0,0,771.775864924508,0,0,472.284533649615,1354.148231975007
225,0,3069.580823019593,2308.0194073447356,3458.4400545715066,621.9347822188461,1803.517462241244,0,292.614762193842,668.848813722576,544.507366967927,140.439035278439,216.683357022734,0,6159.9065890920665,19284.492453673513
226,0,345.366863143352,933.072573927408,2129.13740708063,684.714474176403,426.789679202244,0,538.145849872011,711.712177824656,386.217693375275,1078.1257889065869,718.841884355531,0,5389.869629788653,13341.99402165275
227,0,1204.26293813425,2835.539206779058,6936.00561988995,323.031220398321,0,0,0,603.08087737784,676.3213811288119,3353.3915987680357,500.4104895381858,477.1765775195501,5182.572377628566,22091.792287162567
228,0,2157.34730182315,373.561573173592,481.74276408689917,0,471.666679386546,0,0,777.874039682501,914.192339256416,127.102758405988,1622.4480576192184,0,2345.2053353561532,9271.140848790463
229,0,1024.381865777314,854.6375017178099,6300.283419814804,176.164044567,2672.831897409447,0,3458.512278915462,1488.8568407012522,510.38445436234,2512.4470683230847,264.408631966137,0,4294.372776683939,23557.28078023859
230,0,1724.998035288659,569.790750053994,5932.259412470112,0,0,0,0,1095.893473755098,3593.39776059371,1483.2240457910189,569.790750053994,0,1652.507326303808,16621.861554310395
231,0,1850.586042424154,1142.670885534861,3111.3861749157486,603.4804503016791,1426.2692772739892,0,604.340109062792,439.328426460618,554.4905383958,0,0,0,2022.048017698545,11754.599922068186
232,0,1279.454462953341,205.674867463027,1463.8176676958792,1040.147767461993,0,0,591.002716847759,1528.423136047801,412.278908819131,789.976301234656,256.6962207936532,0,3031.518193520304,10598.990242837544
233,0,782.0874340673689,182.299058229611,1577.4934674170192,341.633589617122,572.583960309862,0,673.780958307947,1003.672832966993,0,2654.5074607277256,829.728656395973,0,765.996162126091,9383.783580165715
234,0,3195.705987474623,2534.80525799355,1062.5055275137108,800.717453957996,520.265344658255,0,1293.7741988922412,2094.697831369158,0,3228.288176448492,0,0,1595.184239479805,16325.944017787831
235,0,869.7416710665659,2378.13406571098,6033.683032405707,0,888.9882917936499,0,1219.719455475579,254.061878272768,0,2526.1306277336325,2307.5242144485483,500.680895728595,810.895457549486,17789.559590185512
236,0,419.627560689305,1283.706965448474,1707.281667040481,0,77.4375713525094,1273.0486101145482,1088.6232552294782,529.3418872979672,384.83698365041835,2169.144716619679,2723.3276269462026,761.7179848165829,905.1185751834188,13323.213404389064
237,0,694.7144204936958,1166.4175567593568,6305.700602950492,0,40.9723484960304,76.136211353574,0,684.9917371880235,1100.0603624017033,293.2138139400625,2192.858773843479,0,1033.9975886929494,13589.063416119368
238,0,476.5640694232689,2866.280110372981,1761.8125396861271,0,243.246656944117,488.0108169865892,501.226175677422,0,1526.5895817787668,247.48014924421489,2889.8506094249688,0,1907.5224706245072,12908.58318016296
239,0,33.2851737505782,606.90309590022,3105.2286227522895,71.2920919129202,54.5390798144177,102.547830813113,953.5490042186902,797.4307568226211,5337.518007006141,843.712979507228,2286.8171160274287,0,5203.533910611653,19396.357669137295
240,0,178.43132148883842,1677.119765070094,2846.1835184393044,0,376.679476574543,291.5784057326843,833.4417146705997,204.504534734262,3945.2580311606393,970.5006034398227,2411.234651143572,302.3364072616385,1271.4189388263258,15308.687368542323
241,0,445.750709146763,3339.3407951842373,4689.076045813691,366.19901304146214,90.4728974827416,0,184.112491422398,340.978915552906,314.88791193488606,0,1766.25664958866,0,720.1018959504497,12257.177325118191
242,0,559.6577813482293,6008.6813599444495,5634.962053310963,0,829.2091237951652,0,450.30415760706194,559.853855187522,179.480615140625,335.5043054143455,527.5856309734299,0,2956.569943788697,18041.80882651049
243,0,817.275370166262,5105.617577803269,6352.202126136947,2192.595282904475,792.6108672401409,218.129261713986,716.482964707831,576.504905780016,163.142001111608,3512.4748231028384,2580.909023047094,411.903507141398,3886.030724539411,27325.878435395276
244,0,0,0,7504.982102066633,0,641.033385802488,0,900.917974596299,1370.673798932624,2083.5859472664647,765.0784896335942,205.19485556968,0,1150.211252851546,14621.677806719328
245,0,221.7433294088562,593.5686056047833,432.8539335735668,0,0,0,44.6027886286863,59.8973980738435,557.2616960992655,658.043223921208,515.181444867539,0,1185.495196444651,4268.6476166224
246,0,426.622484215384,795.0378127669915,765.8526290339368,0,263.212714815402,0,1503.2786005762127,0,0,354.6429181909142,2702.677638641244,26.9288216882621,1217.218018563996,8055.471638492342
247,0,2127.463564092166,757.232480765531,5244.572644249324,142.098363555593,1365.4290564388125,0,0,315.234505429666,1674.908921746396,3540.7208685743853,4620.352850661093,0,839.235612809784,20627.248868322753
248,0,0,0,0,0,62.4113179666735,0,0,0,0,0,12.4710374369847,832.388992375671,0,907.2713477793292
249,0,282.666370268212,2865.348112845548,3200.963365479702,0,288.29084183414204,0,390.065019256858,0,0,0,0,0,785.4627860293301,7812.796495713794
250,0,74.3421940473406,237.0723381704188,4267.027111166877,0,0,43.8120628775622,1236.366469813447,0,1535.585331515283,845.4364820330763,4249.209158167965,218.677150121446,3388.6783601248626,16096.20665803828
251,0,0,575.742597543477,2126.359792349174,0,0,139.000172013337,241.195453587305,0,294.9515188624706,542.9189724531124,480.912574810134,0,2394.314084242093,6795.395165861102
252,0,193.8565443060133,72.6627987583132,1442.8567303371494,332.2211846155192,424.045621441986,456.90993592788,188.4205093780002,972.3898196930019,31.0869410938341,1289.326064776667,769.796556920284,0,137.010125209934,6310.582832458582
253,0,101.2949995993652,861.62870472394,1644.748324245772,17.3811124022627,0,41.8876393706608,116.626078806572,42.2970037103656,49.35809313179925,0,707.2425261627011,785.6972842663341,1289.5581357968942,5657.719902216667
254,0,910.554591287684,1283.7062179902923,7514.893357735269,324.4806800993301,631.901539969324,685.0455173447235,305.003394547503,1388.2989646561332,3934.848712021465,1963.725056862374,5023.0429596341855,905.9981430342486,8344.511726916382,33216.01086209892
255,0,1741.766403531275,2045.9347393816247,6084.1547189390685,719.861867143638,2356.08963408737,188.843731027831,379.058259901852,563.871402561732,838.3795126853527,2808.2317769154897,841.3866971316379,0,3054.121279037804,21621.70002234468
256,0,93.2144869024767,1787.5410355515291,971.599805179565,872.0641144312808,532.944611869533,0,1195.750610058674,186.4289738049534,0,387.18820237372506,1456.1988627359497,0,957.381917022793,8440.31261993048
257,0,282.838376522902,2836.875196424042,2499.072731599113,291.281313135526,496.413402686685,0,515.581995810901,450.40799903596894,434.059686268327,584.300608493254,1471.4551412169048,0,2006.998309630496,11869.28476082412
258,0,2474.218194392035,3245.9544678122948,2119.2968160226274,1577.963636799914,1082.4823732158693,0,1967.5800492757492,1851.216651284356,0,518.039469159126,1604.8860345443138,0,8390.129040642445,24831.766733148732
259,0,811.3867944096748,0,2111.3694717282597,0,0,0,0,0,249.16983020294,668.2980069592189,910.3062339583989,0,950.429017944457,5700.95935520295
260,0,314.304420082971,200.980321344366,472.538512982836,0,200.980321344366,0,1731.2052333354682,1578.004703142154,730.56264108816,188.125649208291,436.32291235329103,282.838376522902,1146.156451466132,7282.019542870936
261,0,2832.452877260676,1544.5317965416962,8579.517449242423,829.1917543605468,0,0,2771.613932233974,1862.975490443604,0,2310.907380490536,140.209832338166,0,2055.4486019552555,22926.849114866876
262,0,2463.3810495842854,3207.3606451225537,1737.550107946864,0,0,0,1038.2768089796662,818.321037570756,2790.917806795787,1098.1783536229582,2371.237028469749,144.385473057927,2293.566516043411,17963.174827193958
263,0,913.657304835102,4094.5837814115503,7181.350530053268,139.644468217543,1604.6910879948732,154.487202286406,605.132256788797,1154.028781911602,1719.346369235972,1082.328836371176,957.8843803603,0,1666.1282244646616,21273.26322393125
264,0,1524.031253708294,7921.288634517546,6582.984162025573,675.173118843892,2783.013057991713,386.478047925909,4281.635735429219,207.756349975662,936.3620550007164,1602.6977692098772,3665.5916038686505,190.304010043573,4509.073517427789,35266.389315968416
265,0,1293.36080216344,2260.083166371473,6121.893284519811,215.920931387691,0,278.793912375749,663.2322582118617,556.564346447244,1926.2000962755017,697.153219233767,0,0,3990.9620624823665,18004.164079468905
266,0,710.871281247378,265.4666816534862,981.6003589735328,0,0,90.6680323246992,0,168.9839290907797,0,285.391198971057,472.657065028665,0,476.47047419343613,3452.1090214830338
267,0,729.9625904304654,2960.2693603769376,5556.743453844368,1801.8117119205608,559.898147765879,0,181.57242243881,418.548376519884,331.907858867135,874.961263332372,2185.373457313579,1036.9009598078678,397.8139166665104,17035.763519284366
268,31.8200459391394,416.53550119723315,245.14527522691589,2041.559830249538,77.2793562356187,34.7998220657412,707.648762021756,113.9886192417551,64.2535196709236,906.1589232177988,472.67220280405274,1180.371911024265,0,2786.7848005793994,9079.018569474138
269,0,313.6690870233617,1616.195217434171,2771.0123047316843,127.475539541103,568.6902659001862,131.097931911396,558.4228413532779,1014.5534581808902,2763.5218004770677,917.8210822357886,3379.129657414861,309.684378282348,5917.471243479122,20388.744807965257
270,0,221.8473211887238,974.7057126418101,1536.738636761994,0,0,589.688626899497,2495.463888898037,379.38980958617555,1047.038453265054,351.6807458374074,2053.575683184654,0,2649.4799490400906,12299.608827303444
271,0,0,0,641.8728635440291,207.756349975662,9558.354048111654,571.7670555935404,0,0,0,0,1382.718410417595,64.2467600525887,309.68987006660086,12736.405357761672
272,0,398.32295010478714,93.3316098545191,2998.0192572884566,625.5088809225097,1106.571153316296,288.29679239442873,785.9804774877401,898.5936410027401,929.5148086141216,1209.9903824681066,2213.6326382393295,31.407716405317,3814.694075018409,15393.86438311676
273,0,1919.114448191131,1011.2385779411844,5966.538505663744,509.36363294602734,664.5946468251191,0,1149.8577101782291,1020.535279679023,1693.3020810629007,848.8108743484395,1641.7814372641428,143.328059389256,3184.8167631737997,19753.282016662997
274,0,224.5635826414635,1880.736819467645,6566.311407087491,298.6078710885086,1001.7715152635678,3607.7176797571974,1758.034931119087,4095.183029701579,5195.080024650907,4468.688320491073,5160.057727374345,2372.6221208940137,5582.080461681442,42211.45549121832
275,0,623.243811315848,1028.99986480552,1764.5436713180588,910.863178552268,423.5903717733032,1923.807863633073,1801.262454348454,1597.8495137304851,443.1724775466642,327.6137916659148,1992.4121824498525,0,5499.074991731671,18336.434172871115
276,0,1013.453339084508,1389.447051865718,4878.296103250529,500.3198661913984,1283.736495484756,0,534.359923196033,1310.6334347068207,555.3945016258504,3685.9854988626334,921.6434126816471,0,364.71801240865307,16437.987639358547
277,0,801.740652942983,536.266986081858,1987.384858235229,0,2921.5391009076984,1563.486545932962,1692.01752274384,3155.3991517479853,848.6085429676099,1766.019632365487,2105.402579312385,81.936482229047,2651.4850233515735,20111.287078818663
278,0,2818.961695119422,571.849233069981,8099.159722641182,1088.763781354709,718.637229235812,116.702836695945,1742.234424002468,1318.77237912471,1195.230970561444,1919.604731222229,650.9705182626101,468.856295904178,4568.948561443604,25278.692378638298
279,0,323.660399093687,374.683837142725,3987.6780736895553,1232.823524706756,1011.948877597606,0,1779.6601186657708,431.882024607083,218.847833970176,1651.540079761316,348.594612776257,0,2947.780791391261,14309.100173402192
280,0,482.37134623752,3952.651676569167,3947.630335942221,224.854314971445,834.5528727228831,442.4373564246515,1622.623657792795,1682.551654447675,1095.4615076787795,1308.8129153010989,4702.372349107516,216.8218918217803,1842.941841479166,22356.083720496692
281,0,0,872.03063712281,7181.07274314816,36.0136805758223,140.59984172704,538.2805415381071,262.052623690522,807.7140421822528,3096.5137917259453,2894.077773712677,3160.150631591547,174.685997014741,114.373964513706,19277.56626854333
282,0,175.666435200213,1037.9690109600149,4769.691787262889,0,655.559429941757,0,1634.736138319982,248.156962125036,2534.211776247989,1348.5895287018802,3253.247105225382,83,3802.93784490589,19543.76601889103
283,0,1822.772112569406,1497.758080721988,848.3094280696739,0,130.140961583908,43.4914765905578,210.6406592194857,476.908381386718,160.087855224687,43.4914765905578,1869.5534106714647,0,1110.830793845926,8213.984636474373
284,0,587.820476135097,1219.4816561678747,2509.642313480437,1957.31460683045,729.02793158676,0,1028.683643848582,130.204279672616,642.8286567201701,787.668580874623,173.9626505909587,0,1144.7043370301287,10911.339132937695
285,0,5621.582511455859,1264.7846802921033,6739.305136508263,0,2629.8417968522012,0,0,0,1209.4652306891649,1401.3566425611027,1124.962890162959,0,6602.85547021498,26594.154358736632
286,0,455.333205579794,5747.244006321386,5965.349555536055,809.596293973711,3813.6372272560825,120.8046169622332,406.6275198794979,363.977406437342,266.835084204818,89.574512204066,2338.0733668957637,511.34675971239307,2912.613701789648,23801.013256752787
287,0,338.91469082682397,1485.6837471863612,5753.261545158546,346.764119582382,386.308180836805,0,1106.718433772209,1206.7945783639418,1500.192867105255,2070.485559018898,2572.603038542422,675.2474185432964,1343.266848235168,18786.241027172106
288,0,354.10226269278337,840.8108730341744,388.03626177282297,0,55.4665199900471,17.8449011343382,0,76.5529656060981,2259.502065693154,976.410310777243,4028.950768366095,0,2401.3060752169745,11398.983004283727
289,0,1374.861311443562,1612.0380057647913,5104.582688410926,838.7726708447375,0,0,360.06781347783203,519.806929674398,1832.6605668766488,1389.4033032584407,2866.612568359281,66.5275132400118,4621.376881649838,20586.710253000463
290,0,1008.162120477019,869.1818008230172,3917.6481142149505,657.939295410657,1953.6416171831113,0,2343.310932130316,856.834743583761,542.736566248959,911.6477951572244,415.0404045076133,0,3399.0126829073433,16875.15607264397
291,0,2865.491968344089,0,3967.0097446351047,1707.376661498528,651.441575259839,0,0,1643.401215457638,1590.4659462336388,1133.326778053791,2300.000466270535,190.4463031779183,6479.4265244487315,22528.38718337981
292,0,2668.3419240887742,388.377448830387,2410.197858353106,669.550194492431,2410.0962473444843,0,1161.764510161008,1224.7249963170973,328.047471639713,2169.637318154274,887.7503092582449,0,1148.910983285987,15467.399261925508
293,0,302.722278459021,0,3964.698796688743,0,2796.236864964319,330.0309591528553,877.4171196768091,655.874818487025,1161.739128073102,3889.883623634285,4929.866952137828,0,1846.09152958001,20754.562070854
294,0,5363.6132501170705,0,6613.201493716148,896.682802219448,1471.5658575481807,0,4542.143270042485,0,365.215684433054,2961.665829089263,2925.947452140565,0,9449.459189900568,34589.494829206786
295,0,3230.141520605742,1063.686438813212,10876.158459156744,712.898205960545,2188.0578379742574,235.2942437410013,2756.7760638668933,274.041571479604,497.10675075962,4641.496447225512,2393.135503613959,56.4863281041898,7508.638208035079,36433.917579336354
296,293.54848108305,184.446142460587,0,40.024653348232,144.421489112355,259.250412670967,0,146.774240541525,0,0,0,146.774240541525,0,1163.5844443349529,2378.824104093194
297,0,230.4476836132356,547.1440278762263,570.8970891573226,75.232934343954,196.5235038745113,0,142.51487350093169,182.4677995683436,0,28.1754714895985,83.4218528299538,0,705.2161213642447,2762.0413576183223
298,0,7647.285471797437,4021.5403475343874,14554.650159645516,2114.8343564570073,3166.9035187037393,61.8674823663159,6029.153686532314,1601.9464015548783,2279.508504449358,4552.309451336195,1123.868403696944,257.211187634227,11843.181792075193,59254.26076378351
299,71.1209170032467,773.9515364291693,0,420.0773042555916,0,105.733665806508,0,192.68136056912,162.152275597318,0,102.478565138805,0,0,102.4778703262468,1930.6734951260053
300,0,0,0,0,0,0,0,0,0,0,0,0,0,86.3851947914799,86.3851947914799
301,231.141547311078,3649.6978896495993,7896.063685819045,19098.241466344447,387.82887910981384,810.8420213691229,7211.865414550505,1609.9652773064768,4387.420154827163,6002.806949098304,3585.3117877954587,42123.386786115974,128.697398767356,23604.435851554,120727.70510961834
302,0,701.4419923508397,1747.7720239860805,5838.086740843212,1241.848633335773,123.785852401721,1030.5983323176913,207.00237555137988,498.2985566510568,1961.9417040702251,2839.5216847180545,3558.0765975984555,1074.233378505302,4689.663555966207,25512.271428295993
303,0,883.3216935898541,1262.0685379710926,9492.016450667345,0,249.25015553058,724.7788578367275,608.0902683329236,328.3330167172884,3326.062621571572,2761.3756042430346,4551.253299987546,1610.3653011368112,2071.2937093785436,27868.20951696332
304,0,1275.9215527544725,2337.3601148819257,3747.908766919789,512.6469338916711,308.6349567770225,2760.819755477475,373.56132537371445,702.9782570974197,3401.3920129222133,803.4104115776116,5679.549248929328,491.93308885260075,7656.916384567752,30053.032810022996
305,129.970226477036,835.1258804585871,2949.0110521686383,5779.852174521822,293.062613113788,989.686534845674,1375.6280367882496,932.533336504706,232.7637053519411,4427.182192618351,2521.0549555543985,1479.8374998476954,762.817836620076,3172.5849400562306,25881.110984927192
306,0,3572.3115412197412,1652.7859709230972,7134.737908872331,1919.9208589926627,259.2435551565474,134.695143335248,2167.6836387906333,3467.51862089776,993.7734523562331,1490.1017782152037,1801.3395109499147,130.204279672616,2515.6887987543173,27240.005058136307
307,0,1381.514890084818,1357.67994123417,2344.43875795156,0,435.895964502584,0,2206.6685557411647,669.0889500518452,587.7502113130661,1607.347064058365,256.863391901923,0,1836.137267897658,12683.384994737156
308,0,4910.265888698561,0,4766.725601645089,0,723.3356323482059,0,3150.205890200958,0,2510.065893246645,1043.216500404004,899.867070447488,151.967575921059,4475.895812648966,22631.545865560976
309,0,340.60068413915997,0,583.7819361717079,357.356618544744,434.59892220984307,0,803.407494025751,319.388163934673,426.7844016644707,958.389919976168,319.388163934673,0,1223.973263762649,5767.669568363839
310,0,626.1933573212399,147.489650879191,2441.362733738123,1077.277447350742,294.271256034318,0,1574.412235241099,690.299151545777,0,67.3704488696109,0,0,2729.981902249516,9648.658183229618
311,0,446.23883195537707,299.989383649895,1001.5403383212551,0,0,0,1017.019155957074,201.640242544398,646.5480171257486,759.009886934396,269.321989337788,0,2123.923824435576,6765.231670261508
312,0,5889.701321907185,0,5716.20963168778,0,235.448243074525,1101.805154343077,726.615644172129,0,3819.281628349032,1226.8329568859965,48.3190034833974,0,3384.45201619782,22148.66560010094
313,0,1280.3234409897293,2330.468030351009,4214.240688321322,0,853.437620075819,450.420833575494,1852.097337116365,542.6312344182572,1038.233869287135,888.8237715138741,1705.909937837616,0,3434.1764002761365,18590.763163762756
314,0,572.6219894722612,0,773.9089777761369,0,382.29119196333875,0,1248.1996246947813,685.257679635693,254.339412178474,759.496105294118,0,0,1131.670818445524,5807.785799460327
315,0,1981.75953183639,403.67612883555,1239.3407958520538,3626.2059450167153,659.660716082619,0,8893.660424806096,541.46163202704,812.2356779980989,3060.5265289560607,2463.8258275748867,762.817836620076,3880.0568114533826,28325.22785705897
316,0,2436.342227101927,543.011206524622,3711.050966061624,1436.8845781727107,2658.164101901596,979.687102319581,2048.479692245046,2111.9620206454083,656.1186654269313,3003.529670172199,342.89949387158697,231.297800301216,6547.668253352731,26707.095778097184
317,0,1199.3324320160436,81.3720118599469,2671.953830734673,293.3750777457351,960.2501293777428,115.411263699417,692.49935487043,653.7862101585879,4821.060194466874,1676.9326164563065,2907.504938138165,283.8473119235574,3621.587669909685,19978.91304135716
318,6.45833333333333,390.174381975754,443.1424576213004,643.7914167403726,0,0,26.23118279569892,0,515.8652449660012,3497.7526889902324,474.7442090159987,1276.583564041513,0,2815.4841246756787,10090.227604155883
319,0,1450.83786716946,959.7204190523055,3811.206895226156,172.69153254790768,249.25015553058,136.0093233046393,588.714031020894,1162.440851541155,891.5183911748246,502.95255958121527,5176.2033193373145,1181.705903465323,5434.09771379439,21717.348962746164
320,0,589.6442410877622,491.4677321154681,2747.056194028956,20.9425755578259,466.07759941808627,202.6168462840405,465.4531083469656,58.514559108856,7721.021993391951,2258.884280695929,787.9502616372757,618.8442888692372,2963.1765054220286,19391.650185964383
321,0,2041.9525016927164,87.9995164586654,4254.631730665935,915.6503043257148,253.756027656768,229.116780583824,1018.704744067338,1495.7992920888953,1038.8882559435974,361.9335540621988,235.575347495996,0,3495.408987209927,15429.417042251578
322,0,881.369446387692,810.1816239859788,5131.623720228274,60.8239302863505,254.0368251515764,263.47717394669303,1062.814003080968,1248.5866808475798,1798.286250250737,1384.6555465882725,8835.793861836977,0,4490.269232287654,26221.918294878753
323,0,1222.9048261060511,1794.220122397148,6221.4773625387,133.498602851567,668.5619181117514,797.572028025829,548.800863463857,1021.8937521516364,2713.78979579125,878.3290632883811,3656.4843107077418,0,2892.512212463283,22550.044857897195
324,0,0,442.41367922673,2308.731042972785,745.9035603928929,98.3700986232776,83.8051201955451,776.607856137688,353.738299133077,144.939728694816,561.953773284366,1547.6587869076538,0,5667.8247265679975,12731.94667213683
325,0,2559.464141435864,0,3175.175700225383,1520.88913808784,581.8522711716271,0,0,807.04723638949,1625.4404084912271,1678.670336999147,4078.037920655703,390.782007166559,2493.875461726318,18911.234622349155
326,0,1619.9284216103838,155.031642700932,3693.2550038976647,342.171820704651,5056.1104839258405,0,109.126744511308,564.1496738362459,722.3938336309059,803.7990381542877,809.7477573154849,0,3480.394440382669,17356.108860670374
327,0,585.45077897991,0,522.5031348236589,476.184766655611,0,0,595.297825949776,0,1169.77101130361,270.1509513943396,3116.058984369776,0,2133.167020606466,8868.584474083147
328,63.3287791854054,154.0847353862745,27.0590648832083,2242.973313091904,0,47.9122294683323,386.3114353251572,0,38.8951665415213,504.9390074914608,577.614028673209,3186.9853870197717,63.3287791854054,3620.665413005676,10914.097339257323
329,0,671.1302973217587,243.44969854318,4418.378971457085,96.0870441985785,947.3603406330081,144.939728694816,0,287.814714584232,771.6139527359073,290.9231073173568,915.3992788784469,0,5503.999386360069,14291.09652072444
330,0,137.7203356415707,1600.6529796291743,4198.313487212779,591.5269492557127,2041.3878464471288,406.2797974561355,640.3422522209315,509.0733941662902,1756.4980029189635,1408.048184977328,4891.452762329683,466.1598945248671,2973.674573830657,21621.13046061122
331,0,1330.25728039468,76.0195072977054,5889.412364769354,0,430.31864790242514,0,0,366.06938070712,1324.631880875201,1715.512550927208,619.264573331679,232.2197338018319,1390.181554736084,13373.887474743287
332,0,3186.8592695163375,519.54575455156,4496.106580643729,180.582851427558,2978.5508736782303,0,1917.558760002682,504.94926394282,0,620.434804831108,692.2821970987391,144.374915699545,4055.2770701434592,19296.52234153577
333,0,1010.8991233939804,3471.672631845927,3030.4505520166044,843.9133515923111,522.613706338405,0,1967.1630808555744,1870.1995192391712,1171.87093836327,543.5887727516699,1326.3977630235183,0,1695.016889955544,17453.786329375976
334,0,1119.0345835219791,916.17632006051,2974.829012516485,660.08102381736,516.1503974671584,0,0,785.2545100576331,298.7610056038302,578.1792417244822,437.8399556163982,0,1597.8903461126397,9884.196396498475
335,0,1643.241637711521,1753.4754500336187,5514.533267077286,55.3277227372962,240.596442228352,76.4786262480521,316.396818110156,1198.1268466305621,1146.106488041697,734.3998192283528,1371.1719375517189,0,3179.9247497958563,17229.779805394468
336,0,897.194273367296,0,2354.8479128027066,379.596581919169,379.596581919169,496.103504479272,0,0,1649.6574278488752,1567.8496826258097,3408.872454478804,567.791566604992,2229.66699513983,13931.176981185925
337,0,1484.834047574684,0,2440.2367255207337,0,303.589970469415,0,283.747560068048,0,1117.3506916901129,2862.0271807364447,1968.8689087631649,78.9921521386747,5028.816489449154,15568.463726410431
338,0,864.471945268508,661.258796523946,2063.1091692817736,0,210.788600212733,713.7963281034465,0,1252.2876161076822,111.695014662757,87.5587909122897,1792.8131271395753,0,2987.13054772392,10744.90993593663
339,0,2855.670664347731,4496.734582922736,3541.849291673631,1313.961047504008,1736.1077646292629,0,253.053682869989,2621.482915124332,25.4070012672085,379.2667060880573,1800.135891590914,111.320858942608,3487.746584181521,22622.736991142
340,0,0,0,883.8185575790637,0,0,462.372021112952,526.060727721548,0,3845.8863253720497,14550.609378452476,1884.001264435419,2779.9253903856093,1993.248204375828,26925.921869434944
341,0,843.2975589495022,464.378517317986,5730.382315110219,0,280.75826817410393,971.6483259659501,92.4791979797254,480.8332013667221,2008.2384832569323,2795.5839161234926,3369.435116448174,118.505510254194,2345.601569700287,19501.14198064729
342,0,534.5573744945463,0,2173.2177801936073,0,54.2166975744884,48.8502824186275,253.42219028824832,185.27952596988425,101.486209330317,656.4085517429063,685.3369877111298,0,179.82343439533653,4872.599034119091
343,0,274.282724904564,1456.81774562519,798.3231028539918,0,0,0,1797.5863962005756,1024.875366516437,1338.5188702811456,239.5720560884435,2609.464847441382,124.07082719418,4265.545799110747,13929.057736216657
344,0,122.3474510197842,0,0,0,0,0,0,0,750.325699440329,0,434.4165580649686,0,216.61595340568573,1523.7056619307675
345,0,2616.728197900318,2905.751135535887,3885.4944474112312,974.6570082981431,675.853166002542,175.711764762456,803.133984210183,1348.1658068216657,2074.594866669108,2858.0075397823293,2781.6744331134196,1189.7091974270306,3285.8228920804213,25575.30444001473
346,0,1380.8699448652353,1482.1333888220752,2959.8550262269923,141.422263619907,335.975845377654,0,0,223.927156222573,194.257617202329,625.033868344183,688.7611219046651,0,1887.7814399694887,9920.017672555103
347,0,0,359.168604811576,271.431339595411,0,0,0,0,0,0,0,0,0,0,630.599944406987
348,0,1563.060864426716,11202.579946874665,16955.995508995467,7605.038072143693,1601.644758280563,0,154.540372120555,1389.2339379304967,327.54053853443514,772.154517328406,1068.5767961679285,3737.146033830156,4866.064996932589,51243.57634356567
349,0,127.5024805606762,3559.016819947387,3217.544526003222,5199.047377434255,37.3061811372947,0,375.8109139553154,0,0,0,12.7544358317945,0,1049.237828066426,13578.220562936373
350,0,0,299.901389664336,0,0,0,0,0,0,0,0,0,0,0,299.901389664336
351,0,3710.966022300172,1571.0665645544632,6014.175921804551,422.000371682899,568.548001848528,0,0,1578.327177065793,0,2317.4799783016183,628.297860408071,0,3248.0345160668344,20058.896414032937
352,0,1002.923913666314,1138.627609038655,4381.824880831371,298.080442919379,2355.82172959208,0,0,0,845.2532435484936,518.732784167712,864.5925734102631,141.422263619907,3523.375581759107,15070.65502255328
353,0,0,0,518.732784167712,0,0,0,0,0,0,518.732784167712,0,189.41978972774,0,1226.885358063164
354,0,0,0,0,0,0,0,0,0,0,0,0,0,0,0
355,0,0,0,0,0,0,0,0,0,0,0,0,0,0,0
356,0,631.7127438230541,321.722042598106,4044.828233366118,0,400.350666252879,0,1099.546812788494,1220.4027429484927,2394.264378034044,2253.625139590404,974.803645485864,338.650130709266,619.392370215283,14299.298905812006
357,0,3204.6584212899106,0,2063.7338671712023,0,1399.395814697594,0,1582.873359309916,849.0930037116201,3922.626057007335,1876.7577211081623,0,0,3943.9477579287873,18843.08600222453
358,0,53.8571428571428,310.3571428571428,69,0,0,0,48.2727272727273,53.8571428571428,0,0,0,0,211.9642857142856,747.3084415584412
359,0,1099.817665151391,1707.000760917354,5046.45097986297,241.858396980108,143.279730259018,402.37029744709093,436.738953314808,915.372186593927,1988.3181041238815,1402.2495130386951,793.4116524905468,469.026630740722,5589.268147824482,20235.163018744995
360,0,0,0,98.0389286772024,0,0,0,0,0,487.57619231484193,442.869593983047,4266.971230444711,0,1104.232494182673,6399.688439602475
361,0,576.6724980821377,2083.57335579983,1022.304420581274,368.966974059286,0,0,237.860145308571,1198.452936242966,0,0,0,0,2783.902013324451,8271.732343398515
362,237.860145308571,395.089015600419,1755.673625047817,675.3347701442252,150.131077159349,0,0,0,312.10068725772,0,0,0,0,1543.378261003377,5069.567581521478
363,0,62.9544521889846,723.959096375457,11534.991826334342,386.69393319096,95.1755255669152,114.16242721409968,1601.6338425816407,1266.7406210281183,5990.00215522788,1610.5879698711587,5384.150767024776,2338.1148059863813,6234.223012062394,37343.39043465311
364,0,144.00142887504398,1267.0980793050971,8030.143295642712,1865.779069111215,498.1427292829272,2536.6884960980437,2404.1821252471036,1700.8388999015235,4055.721737049146,2568.4651226004703,3799.2424680732065,739.3344058312475,5176.180606015794,34785.81846303353
365,0,720.0958315124633,21232.30948495868,4429.142089824521,4799.136324739059,1240.304958257086,84.2185056263528,224.17480113399952,669.5820910080632,70.0852851419304,0,923.7656347359309,0,2531.330647930665,36924.14565486874
366,0,0,4273.782749370754,1367.9829900665209,3133.280056517576,530.5915509608382,0,37.7612825209146,903.566630877696,0,0,471.49552153928,50.2637107268775,1084.7462098214878,11853.470702401946
367,0,568.8694773800061,11176.689470799884,8063.963669390852,2317.634756743011,1030.7413834040167,0,161.655322246551,3018.379652388496,230.502595663652,281.639863144855,2682.7861940364683,125.173160554999,2844.89473442266,32502.930280175453
368,0,40.2934994070251,953.1497896320221,747.951600061834,126.279859818493,0,0,1798.9070652832,0,4669.286646414641,734.3715961743901,1860.44099573052,0,1403.6420816236289,12334.323134145754
369,0,1721.8873995510487,5137.8598518592535,3626.8028852582106,0,799.825222397766,0,1856.56499570712,141.330375294606,1978.7768835994768,929.820350798734,131.429413837908,0,2538.292288795547,18862.589667099674
370,0,1747.990457683722,978.5383496169923,6470.537595394576,443.345320630033,1155.38969934753,0,2274.929397590653,359.203081455901,1078.6208783446575,2023.75756658848,846.001703545952,0,2990.308095757772,20368.622145956273
371,0,2334.6853553694973,940.2321838507564,11599.658748117918,714.287766417503,1428.56334320795,633.1216191594217,3490.4454841692486,1433.8570763649127,4258.307331576346,1470.2425711529158,1733.9972230305352,0,4887.343762197221,34924.742464614224
372,0,0,538.940907746594,1697.8112148989153,0,396.5477483019664,0,438.463849132915,248.020764829538,19.3190881994879,0,120.495691934863,0,3405.5154969770474,6865.114762021327
373,0,678.513956094997,2493.378644263108,5544.139370652897,1858.018478863656,979.4345425387328,678.745769206086,1537.9806426231892,1619.1584244048258,698.232933522521,806.1957244687189,4121.233820588087,0,3520.2555895007754,24535.287896727594
374,0,1910.3715517019812,2369.392329549175,12473.416085006931,10446.064472364997,1835.012887147941,0,1358.7699330123069,964.0608816730692,630.6351724337802,425.043345845872,1695.168930604071,54.7540245534447,1201.7790729158653,35364.468686809436
375,0,0,1819.7255400640431,2412.700083935694,5449.959255117401,9883.069084906709,0,222.782632122271,1542.1232961377202,1633.893104004198,0,263.8602825244592,449.4817408330426,5992.712459961775,29670.307479607312
376,0,3456.796935205406,10284.55513478681,5375.030574073229,3143.894738763987,373.43124212988,977.493355449741,2087.67894672482,1316.1488862012948,39.3937295148335,2383.5932638150816,3206.4162622212875,960.162130337463,5089.361515995512,38693.956715219334
377,0,354.133257025421,9877.260208450492,3385.0984872753124,4414.865516368476,1656.997253761935,0,1234.9571389563318,298.179676709517,730.2407301737111,0,993.473547053693,0,1678.174165379988,24623.37998115488
378,0,5729.008540640254,15107.096531130454,8184.743881611541,4743.060263969108,0,0,789.3341131435229,6715.248842984088,2406.82433813119,2256.334367831055,4819.544214713451,336.548957677536,13942.58388995776,65030.32794178996
379,0,2179.311068837997,15949.58905540658,5079.895906171636,9687.66582163124,227.654538600724,872.570657502076,980.226118462655,698.056526001661,0,274.1869980595052,4347.483250841977,0,4321.556967938903,44618.19690945496
380,0,2309.2392951017773,1037.956725080026,1804.4133659297208,0,329.3354783663122,0,1123.081830473296,0,0,840.382960902496,484.843658766452,0,2195.4693927833127,10124.722707403394
381,0,3876.1814972471807,2125.24654949082,2707.3183380518935,767.636357354442,438.8002896829,0,1299.9618275402008,603.342130918373,412.7287554626415,537.5760860525,270.586620289922,357.933476002137,3895.3122068013326,17292.624134894344
382,0,0,0,0,0,0,0,0,0,0,0,0,0,0,0
383,0,4735.355422449968,1209.992658336132,5807.899876898231,475.637443244082,750.7518550334381,0,2523.8369401745063,171.618037313747,23.9275819050795,459.38683935046,810.149693969084,0,3458.695148460989,20427.251497135716
384,0,878.8676572946268,1024.5870655158826,3184.8039500956993,134.32961392589,4494.836190146973,0,4910.408757208444,842.19534346347,0,804.4375948810922,0,0,5596.3938229607775,21870.859995492858
385,0,1204.053398652512,205.96310085208,498.90290683947694,340.526864566683,215.771315085868,0,1085.60852835681,0,0,276.723883879106,0,0,1815.267235003837,5642.817233236373
386,0,0,0,0,0,0,0,0,0,0,0,0,0,0,0
387,1739.4203311238325,441.993627514723,1580.578095381514,166.9075997766649,690.389143159937,0,0,55.6625340831629,0,0,0,324.666610112313,0,39.7333844580777,5039.351325610225
388,0,784.217067178066,16058.81556986744,6163.907884517906,2220.922358088899,2118.604996960329,326.12591516124803,370.65273811802285,772.496338975987,2081.3090931727193,5597.843921059414,2344.350855289426,2824.757137830609,743.9171312828566,42407.921007502926
389,0,336.31902071641605,786.0387842434035,1552.2568573029907,60.9501080734928,0,0,0,388.888174244343,665.992567568018,376.478534790163,118.04897305443,0,1267.5981590829829,5552.57117907624
390,0,2644.6507866806573,2484.5282734470734,1744.8066736229605,253.226699298694,621.824342623634,0,670.740908980345,706.2160261295029,188.68386781898,1752.8454981857751,579.201984642577,492.908143673686,4227.316702923728,16366.949908027613
391,39.070072219603,553.25,392.203187382893,389.5,180.4861229111564,0,0,68.6363636363636,0,428.645130988156,0,288.3,0,1142.688047064186,3482.778924202358
392,0,0,0,186.409514289405,0,0,0,0,0,0,0,0,0,0,186.409514289405
393,0,310.497346627156,0,0,0,0,0,0,0,0,0,0,0,0,310.497346627156
394,0,3451.325584738608,3571.453932769145,5704.456424822691,2070.045960292752,325.570435564805,515.564995579675,515.564995579675,768.042627465876,1854.601839143349,0,1220.6492163991638,372.727759612195,6955.741303955748,27325.74507592368
395,0,0,0,348.737659258332,0,0,0,0,0,0,0,0,0,0,348.737659258332
396,0,2285.023083677741,5825.873702747351,5622.03302513978,698.97826331333,2060.950256318939,0,1727.697742312567,2035.950107122546,0,1593.898753504268,0,1261.0747197003589,1395.4482393276,24506.92789316448
397,0,565.1383661419727,0,634.835865877069,0,0,0,144.192165537627,120.212094768024,0,580.704107890129,0,0,1214.3483696981953,3259.4309699130167
398,0,3043.7057773521037,4892.512158494797,9765.011391960212,1684.7483642711793,578.159262592536,306.2784784857621,2151.414623061525,1897.706122300644,1464.9528651435571,1708.759527226041,3798.832700556015,1404.6665812396973,7135.794965126598,39832.54281781066
399,0,4344.318796347078,2959.541251433344,9533.448104731144,501.354165316648,145.209936037456,395.599997071963,3524.337456753759,4359.463452050313,680.7198401669409,1055.65206701926,980.114831588838,2343.915871462281,3727.8109324127777,34551.486702391805
400,0,2534.103243858891,4893.3325843477905,6574.673642976201,446.118185634061,0,168.75,1232.2961592572867,679.62107699642,3097.136309166385,1638.3967233439798,2727.2098564804883,256.492544060665,2532.594052412519,26780.724378534684
401,0,4762.096921665553,11419.354894950386,3906.6027991663254,428.853070846546,1213.041543251659,0,2545.7729341332292,1249.330556389462,0,3576.0493055690454,373.778325043029,371.835327455675,4922.207161096785,34768.9228395677
402,0,3164.8768142299614,4406.594001424044,3956.5014850832586,456.55689879992,1107.810209299476,194.168498470089,359.99740644860003,1311.428565745171,0,1262.891805911617,1520.469168561413,0,2777.347443210439,20518.642297183986
403,0,2578.5480066503537,12819.251835845886,6982.751781772486,450.535323426379,970.8732749361529,0,394.166333177642,2434.55509952537,115.858469784843,1315.884171009162,545.746428121332,0,3323.8637625315387,31932.03448678114
404,0,2294.041128792697,4900.344607716606,14639.050323416404,902.797226694508,884.087419349532,450.535323426379,3347.526868540253,3869.036096722864,5913.685629206052,10078.033512793898,7269.446456778062,4025.4706637407826,10314.562577045566,68888.6178342236
405,0,1199.0787093163017,2703.1404834679147,1801.0417612958595,0,287.447284196855,0,283.85126739107614,727.560504844066,0,1193.102805281492,531.984481418683,0,629.1623297587556,9356.369626971005
406,0,438.45256646875583,746.4339442269154,949.6583209401035,0,0,0,571.1712246497025,430.9949561361536,0,252.1518672379443,0,0,1673.3099681434817,5062.172847803056
407,0,8291.328596524305,2121.8743850063292,9174.570248048854,568.70650369786,303.64820583906396,172.871335537766,1874.4127269472208,1820.153411867452,3726.530550134735,4197.232163389793,4087.9260614448663,324.006275314343,7438.878709725214,44102.1391734778
408,0,429.555256862252,4507.195129905683,6625.621065511158,1330.9628227570047,48.4083905409197,73.2918551408282,627.1765642178909,1258.474645571687,4709.380252092041,695.0182587974273,2452.424292690973,0,6790.883995885973,29548.392529973833
409,180.962799273635,664.048700127564,1552.8975770907507,6457.670571749676,1353.60917274781,753.90506110398,0,387.10998659529696,2006.602097984731,1520.246990456943,618.6921310787997,535.8655084376072,3366.9601599406506,3636.972336281161,23035.543092868607
410,175.936054849368,5187.82904515886,10424.261938045747,5065.00815605787,2211.00811370544,910.520689658933,223.452262003637,1064.925781055584,2635.106088284796,1074.75497921119,997.1143740131649,262.2027587106062,0,9336.321770263756,39568.44201101895
411,0,1742.890559213458,2208.035655362695,4067.6801862513703,0,1289.711054082341,0,517.13016560024,692.014024353804,561.861037123185,741.732725676903,1203.7007900524427,0,229.723791186691,13254.479988903127
412,0,2187.287162189061,2015.846987272296,1749.3619024984791,0,0,0,178.424967811958,790.043655349753,138.791847302238,2291.303164996867,159.823215848584,0,649.452583743275,10160.335487012511
413,341.38974258123113,423.48094706445744,3076.759641110627,501.7598033413964,332.206006029027,0,0,218.38334761477896,637.929581139597,0,59.667453132081,226.7635082812541,0,835.9714943757219,6654.311524670172
414,83.1052631578947,689.8688596491224,1024.7093974472991,751.9722222222231,223.452262003637,83.9375,138.444444444445,531.6872076023396,0,129.583333333333,454.5138888888901,382.43859649122874,0,856.9698614068328,5350.6828366472455
415,623.3530353095389,965.8276080543552,2380.7872781762726,3788.483715725428,245.10950034653,649.016252414718,0,1355.4749007735873,528.7014603110181,0,1347.0860854285213,989.186825966531,255.375637497147,4126.306891681568,17254.709191685215
416,1132.9703703460573,1254.164163651482,0,471.634909069765,0,0,0,215.709633435582,1686.8434415246688,217.838502475413,495.474067001877,1017.1943333515848,253.796406594352,478.966450702525,7224.592278153305
417,0,0,0,0,221.259522837613,0,0,0,0,0,0,0,0,0,221.259522837613
418,461.31327630421697,892.947093503426,137.875115215893,1002.651913310109,563.378539339789,0,0,859.1004596430683,0,247.8729601560896,161.647237327572,434.121457544048,198.9554913708663,1564.6015708977195,6524.465114612798
419,0,86.2660412242162,0,0,0,0,0,0,0,0,0,0,0,0,86.2660412242162
420,430.42717812400184,336.7826778308433,95.6146143611753,923.830360320241,0,0,0,75.5290661362236,396.47083326443897,0,314.4662459548426,183.7879511688192,483.912680011909,1546.9184873351803,4787.740094507675
421,0,0,0,0,0,0,0,0,0,0,0,0,0,0,0
422,359.92156289215905,838.221776372336,2168.80174226909,2798.234915265664,874.9511049285043,0,123.89174769685,357.113807205211,449.89027143623423,761.8114480852009,1325.2080084530514,460.5019498162792,1403.635548947846,2267.689672782452,14189.873556150877
423,0,0,0,0,0,0,0,0,0,0,0,0,0,0,0
424,0,1484.315790475208,1060.8545814578167,6316.345983361009,604.3960379891109,719.851893494113,1230.248911146708,1050.2972732401604,894.4131678810065,3660.5442521345526,1075.8852706706975,1957.1656943886928,0,4295.060653442996,24349.37950968207
425,0,1066.41498775662,1133.912029173737,3776.085222471731,647.12809516511,259.399752042101,200.276679264654,1379.938273106363,1453.1827486612367,0,3452.012663425605,4497.335261689973,1018.473336312694,1987.163394973394,20871.32244404322
426,25.6000408358019,218.849587109014,529.9786212717302,2687.989592339967,0,430.8372300148879,0,0,332.942456039211,853.6564352506091,1124.9657769829475,1431.837087297138,664.847081945725,1074.08653142424,9375.590440511272
427,0,0,1020.203364377302,3831.9345477165434,36.0888660129541,79.1195742609956,115.613088314623,1484.1094661048553,229.705225968462,902.3819349139026,282.9366160694247,1941.0682390719287,507.0570160274538,1703.4548237180632,12133.672762556507
428,0,546.1265352037428,19845.615727920373,6016.183622945195,0,167.531484205915,1343.802726190098,510.1853445535356,169.3899729435187,1735.8816121410048,737.464348695282,4530.59823874955,622.299068278933,7894.0543901013825,44119.133071928525
429,0,2445.1204711820183,3801.9872156550537,29279.567520148576,1607.28137899597,1311.4531607244865,1554.4263442140289,5588.453242882211,3839.4236009585698,20770.71064552751,6391.119196789458,10417.846408541858,9444.547893485713,12849.64106681594,109301.57814592138
430,0,174.453990602727,530.015520540246,2377.2201185312792,0,394.509031509512,1470.930324111304,362.810074532485,985.5218587413868,806.1751798856512,963.395431092264,3129.207994435188,0,1049.309530252116,12243.54905423416
431,0,0,558.13230612797,826.8075301525929,223.321005243337,0,0,0,440.665508432574,300.752944875488,1369.5114650142548,3621.04526149205,486.909633455172,168.852921133353,7995.998575926794
432,0,95.6785541018159,0,1320.039019318594,457.61063409457006,0,0,527.5323994060109,309.647765137695,758.990774311816,0,483.53950135722,0,561.5453874804531,4514.584035208175
433,0,1622.0294230026614,1274.2898571733322,2373.460536011865,1577.165243903106,0,981.720704906763,861.371219739555,119.09040141835,2798.800352134005,0,3333.6390306583726,194.123862920647,5659.956204957347,20795.646836826003
434,0,36.9970223118046,3212.4914366821195,6583.845770958611,791.5216277606659,0,463.077689780696,587.61572690942,425.231622304723,106.029012758221,1241.334172755762,3400.27799609786,0,8059.412179472712,24907.83425779259
435,0,1314.9996432532096,2755.70535610145,4446.944872034535,0,391.872842259923,0,612.368402485901,411.63650224397003,1346.5113630108935,934.7361246391441,4011.9201110160393,0,1340.4443930487748,17567.139610093844
436,0,2450.656404662497,6080.090281909126,4785.531314665561,0,0,0,3653.6769993704297,198.792656928755,1508.350045501046,1204.097062571579,3127.6253147853567,0,2472.124495189174,25480.94457558353
437,0,10.1701536636632,3152.850892947103,5194.00526324656,762.3899233902209,36.9970223118046,762.45289739086,2787.7099691396315,3716.5385994135727,322.761682649848,669.4357459307153,601.285433877862,190.266221872501,1173.267280756612,19380.13108659096
438,0,3115.094310882687,11094.605044130769,11147.311668412032,679.471852152805,1456.430785605968,1156.6928274672,5224.967566375051,3523.494803292062,1328.519992246854,516.404512892925,3193.729415470411,897.070150536464,6620.321497245583,49954.11442671081
439,0,389.833001773502,357.769010907282,11003.55849412718,0,1423.8041700362648,897.070150536464,1694.9154319933166,2160.301983242682,2622.762928286203,3079.154571637784,9054.302014032452,409.774743166898,5851.279320050073,38944.525819790106
440,0,3574.458151132133,1965.0034168677043,5452.208003766333,1053.214458640282,996.740031837998,0,2225.540805241306,1167.9550998324287,3108.955304289512,632.4029759443506,159.305639440905,232.207971027809,2543.2750648001524,23111.266922820916
441,0,56.68925136606301,167.425124722705,90.331753119626,0,30.4274576022319,0,0,46.1598362488404,15.7323786466085,229.27288077329308,23.9985971694776,0,1335.281854826478,1995.3191344753236
442,0,111.552040574101,21961.367436274944,3605.3561409756926,7605.270525603918,842.453555207004,72.37778328874988,1111.759675582822,114.259140547521,286.364643906069,1134.638594545768,1781.46511739643,0,2452.3395845694927,41079.2042384725
443,0,1978.483897124171,5733.862386751447,19921.69320184226,620.542448300287,798.856156282948,1302.533382699814,2828.213282434681,850.5259780946119,5478.882079582781,5901.060217591392,6573.530927189769,2662.698160558129,6385.477907755704,61036.36002620801
444,0,2414.9918454713243,2056.935600736522,5557.236878459305,873.532328086678,2126.6977753139427,0,4636.484960001982,1707.593043452226,0,2654.3477581779507,3804.6491875538345,270.21602709215,4980.5353769084795,31083.220781254393
445,0,1703.2348347010227,0,3789.5265805718145,555.113102288814,379.748615760882,0,0,0,0,1319.921976549193,2459.320035615491,0,2003.719529848716,12210.584675335933
446,0,220.080257398433,0,1328.865567715387,0,0,0,731.521884656242,0,0,366.717894343076,1008.33094744109,0,0,3655.516551554227
447,0,1205.231436517096,10263.239346925013,13690.296606086082,0,1912.491379348908,99.4664346803498,5948.6118218673355,1435.3901850061968,4505.201601912292,2797.419536461611,1814.5834349672464,225.4368485709098,1470.044686628514,45367.41331897155
448,0,0,3085.578466244106,1317.8964731061171,118.772104525385,99.4664346803498,0,248.1887032081765,0,248.1436322785355,193.14075233245015,244.742518415945,0,208.82763870123568,5764.756723492302
449,63.3303578448188,148.44395071759502,795.6541412107033,898.4958676325471,564.345227631787,0,121.776896292239,455.6575115741901,365.188939557677,102.899659785057,183.1692966678485,214.8244615266837,0,0,3913.786310441146
450,114.017744252873,32.405783045977,100.099425287356,424.51207580733455,0,203.1081537356316,0,91.7845853858785,290.96081776819904,0,168.411717752235,826.1170577905493,0,508.26237265845253,2759.6797334844864
451,0,566.8928161946085,2431.0100610566906,4426.394546146158,178.8070402298851,0,0,486.115050087083,590.755991234642,56.6846264367816,325.72096637449783,2028.6386161466671,283.97137206257,1020.893403430342,12395.884489399925
452,0,176.747579131144,26034.32656310802,9211.622921134818,1730.1164609613782,2402.6164743926483,614.088798671984,1547.4489984376075,330.26065649802,1770.4576276035002,3480.786471726755,7703.757583826131,1407.756934046895,3874.7311849461,60284.71825448501
453,0,221.043291861312,13694.639403097106,5035.2655505930215,756.9595027613169,697.756986281758,358.662781902815,614.8785059765299,1663.3278138878632,2568.686653137528,2164.499962846534,5780.022696112906,497.6486820995653,2011.94560335325,36065.337433911496
454,0,585.1685730069071,2989.7466629433297,9041.570339028538,0,232.70703695474,1186.656264138944,1891.03073449407,622.755074617178,2697.287445434619,3627.835923046037,5043.266553089201,216.7832686815468,3624.05427765175,31758.862153086862
455,0,1523.7820356350046,3692.711593644653,8717.333527188495,1519.1704881238493,932.0494795846861,1368.4521221383154,2991.7437251146516,0,4182.883483477949,2498.0628273634507,10168.907338667696,748.4695319446276,6595.486388876212,44939.052541759585
456,0,601.9435839217849,5013.142466199239,10376.005516665831,474.15509118865697,1661.893964898655,2035.2284693200147,2188.8639392497253,6563.9510084744725,9974.197934758176,2434.378913753529,10017.976091858756,3949.348385321397,9241.384123892058,64532.46948950229
457,0,6015.958344076957,4415.0896699179975,7485.8585180845585,0,1774.427489457314,0,1123.6968682302331,974.280980745109,678.149330593875,1184.91343716047,2356.2477144735326,0,10099.752199171908,36108.374551911955
458,0,3725.1660579527834,13176.629006669602,5617.851186443187,6950.521957855824,0,15.7889968698067,1075.913826224911,663.44080545828,4283.435484989821,2302.631735454819,2970.1112910649645,0,5573.234527315811,46354.72487629982
459,0,499.128260994146,2204.6143828670506,668.694458997628,659.40278562956,1527.065172955914,0,0,0,0,513.662254740797,2071.933489906337,822.6666140650291,3238.919148982782,12206.086569139245
460,0,1914.955660647938,112.069047024846,128.246261731533,0,246.580608997035,0,0,843.1225452558122,0,373.609592770242,0,245.716651932644,408.9453293035762,4273.245697663626
461,0,0,52.6592467456626,286.57895818107,0,0,0,0,0,0,0,0,0,38.6424902697491,377.88069519648167
462,0,2127.700621891429,12778.893454055344,5220.532959655721,3072.315291738695,964.006739833553,0,0,1371.102127442821,817.272914072546,906.5121772980133,1124.533030255876,270.01335795783,8769.05607556445,37421.938749766276
463,0,3284.14811302637,4997.9973994915545,13953.459908541328,2895.828218206397,619.022956991996,780.3468838117393,3470.040478733139,1683.7852343183808,11164.326087674111,3309.3457571364024,3512.161041270855,2518.882086457032,6375.581368781632,58564.92553444094
464,0,1955.79958026097,11744.249844793554,9227.983984314604,1192.6104507642858,0,784.98763934336,2358.400582327054,0,1398.408561834312,1178.305858165053,3592.7591083506513,0,4323.99684074344,37757.50245089728
465,0,3122.298625072279,16211.055577476593,5965.593626739357,1338.377306577841,979.1495483727899,0,0,0,606.5095731153933,1115.8937289322523,42.4810953506843,0,2089.228313294095,31470.58739493128
466,0,1562.588469604526,8940.435452086516,3856.292819117079,577.020988562932,0,0,248.734090569339,0,1602.5488750505183,0,1323.084194912117,578.269734020292,2231.580121654359,20920.554745577676
467,0,1071.33129525129,7115.045462723282,3540.3000806326113,583.795293586666,1081.91673240022,0,751.162580676609,400.804171413257,1384.371102739021,432.87623071488093,583.795293586666,0,4199.933388055677,21145.33163178018
468,0,1837.230461219047,2463.077599112825,5787.9882344845955,681.913067694279,0,0,1100.884518660688,141.896143976888,4234.46892371236,5214.932989293299,3210.799086241449,1968.3951393232544,6507.126150650182,33148.712314368866
469,0,2559.5016096993418,3049.1468176289477,3635.270485400451,212.427784207672,882.6152018566968,0,503.934943463927,905.2521813111101,41.2656756597964,446.4195544863299,1004.153288668704,0,1271.7088496246652,14511.696392007643
470,0,2641.40785468461,4475.760613692557,8928.463509480089,1994.0241597763893,0,0,2970.1341070224776,738.448074020059,514.570531118009,2357.031838831991,4053.461915191494,0,4537.957101268974,33211.259705086646
471,0,2109.654526570412,2504.0523124768733,1714.739294976335,0,0,0,1078.78890581973,3141.9856601217393,2004.5404506652408,477.098529638801,291.458929803823,487.100372526808,3696.431475170631,17505.850457770393
472,0,0,291.458929803823,1660.13611682574,1127.76373478129,1398.064800873977,0,1037.16070284307,997.9064618393991,0,502.868593649519,598.115169873679,0,1826.3857522414587,9439.860262731956
473,0,0,3753.99182314994,10608.46777420459,1303.5623495779942,1725.73229852601,164.911302247634,2946.514312658756,0,593.8306907371209,3206.982554534424,0,0,3589.998630382921,27893.99173601939
474,0,1127.168657708762,9833.340072235258,9216.066302915158,2016.963826339172,632.3887299634159,0,122.914447522878,1018.3406678630258,1527.4776614680018,3216.271699948258,1095.6282560787204,2649.467457809909,3532.432665187127,35988.46044503969
475,352.7499155662103,517.258018405198,1535.3977380581573,1427.203050944138,0,406.329507027905,549.10379296142,559.1535919010599,77.8412230842692,0,118.258193319658,237.7478001804235,0,1744.2837692010637,7525.326600649504
476,744.917982854804,6585.327440299935,1749.4770955771187,9557.32945552502,2719.948515368864,887.494425506283,210.063903880121,4918.109435066806,1954.799457366184,7082.322843758051,4886.32921027816,3028.7500439892856,1538.9439680492687,8730.40661204231,54594.22038956221
477,0,66.2860900121626,33.8513303595734,820.463511249451,155.6040062639328,58.5671354050022,0,151.7945692254155,193.933865181776,0,0,484.29666621875094,0,928.1626715747911,2892.9598454908555
478,0,431.2644388479531,614.1264685293639,516.2419507891648,960.1714817477908,0,0,260.7075013970579,0,0,0,201.640242544398,44.6149532698887,1077.55181201975,4106.3188491453675
479,155.97084322084,183.8264984582299,188.4308497978424,1286.5508237169606,316.0493983689479,142.673103424306,129.620377948642,219.3446966227371,408.782929222966,315.157608477187,661.7853504590263,271.2509847837367,578.168752268223,2635.3831387263444,7492.995355495988
480,0,2535.7736448423348,2803.3668602224684,4157.72912715005,876.160517018949,0,95.8441766717726,1429.5591409474723,1139.383738358105,653.4624944331159,813.4303852285722,1891.3040886521735,472.3203021843274,3316.534060773255,20184.86853648259
481,0,486.61127589563,724.122716669405,479.0228256819877,417.491155705921,560.171432543913,0,638.7914698732241,215.342603024264,378.800936182046,108.66163043982,126.410807804607,0,1514.4812999289584,5649.908153749777
482,29.6103238605192,195.5686876474667,0,29.6103238605192,0,99.1677513059154,0,0,0,42.2629622477269,0,188.477061452596,0,179.1582095284075,763.8553199031509
483,0,1819.274953205676,724.6224059978058,2060.771447282858,282.409930725912,92.5315221133423,79.5843521894598,567.407908820301,76.868162694939,492.015305321728,562.8504286024299,259.948900479886,266.110703343168,2430.3839232566165,9714.779944034122
484,0,0,0,0,0,0,0,0,0,0,0,0,0,0,0
485,0,0,0,0,0,0,0,0,0,0,0,0,0,0,0
486,0,6035.785031567509,15398.238232851989,6112.004414857518,4046.056802177651,1005.8998102790196,1574.83820799995,759.423978953215,6316.237825397728,6561.850549841281,2723.124456309697,4599.731946788165,5511.819104035708,12628.37102088968,73273.3813819491
487,0,4460.229356431086,5770.522513700142,4951.5349204953345,1802.782604792218,1540.528116243234,2139.611874557269,588.3827531068033,4590.783761756785,3256.736050647073,2208.311310238425,11127.426329995087,0,8521.65356373415,50958.50315569761
488,862.8710725018628,694.5199238096236,18998.41261478495,14599.55680375704,4083.7837949143695,189.1212919398705,5727.615894695439,720.978086220473,3616.855635670332,5309.585702335029,869.2452579520309,23222.07169700904,553.6112616075959,7973.352081076348,87421.581118274
489,0,835.6261355197,0,3156.578178645339,0,0,1249.7467936306796,0,0,0,626.526366001983,945.055523303549,187.346263156294,700.7368441768018,7701.616104434347
490,0,1823.8468195533544,151.337283552543,2678.3052902496556,369.234085365541,826.602859750749,0,400.073467128138,604.3156208776657,540.7348282243571,295.355815882013,1162.949926884674,446.622823122784,2849.0169421932515,12148.395762784725
491,0,139.380644076881,72.7578342822761,7324.762489336803,1499.871482181145,351.176817853673,0,202.338140788457,368.206041735672,56.4863281041898,2171.5432155205917,588.515078245996,382.5976074488729,4201.949988766889,17359.585668341446
492,0,1105.1425723602881,1036.9503101906098,3750.1476744104966,2129.521028760507,342.438162812807,0,486.160790546517,1862.064546669862,27.433465196906,550.2251457048957,1059.161985545236,0,1510.0533477954707,13859.299029993595
493,573.033811629619,429.83204290626503,1751.7501768618558,1744.159112644504,754.520163728845,0,105.937551028391,0,150.1045108751119,54.578423828776195,1237.5312759893804,101.31786020197691,0,1739.3908549496018,8642.155784644327
494,0,4765.192229496222,2342.1847252094767,5161.099597958144,324.23152331805,728.865508359956,952.101778017775,0,1395.3699225975802,871.3576813180871,1164.260790189513,2212.3071363186277,668.527757553372,7602.012791799189,28187.511442136
495,0,1530.7542275058122,1770.888717054028,7032.777124951409,0,1974.964809058531,0,795.188240069533,2347.675632299506,863.2313253805991,605.545123917517,2419.0264894053744,1919.223994039329,5233.288075134478,26492.563758816115
496,0,3735.4066639614266,1256.877762937911,4759.748869290123,283.677943183385,0,93.1505573246292,2089.8677815517876,660.150050757795,1693.0256349386823,470.6326908889925,1121.305826787382,0,5395.344444395775,21559.18822601789
497,0,296.826115628217,3290.5744900958175,1986.891445407579,210.36809252845,328.223871506828,0,1337.6555804564946,464.799284389145,0,274.684961299904,242.032127660543,0,1745.0029836420613,10177.05895261504
498,0,2036.380493984362,1002.867183034583,3637.4238103773914,292.904561905005,0,0,1287.666619420592,94.837653332578,143.6416053370193,868.1974436808141,3214.0375638545715,0,4526.173568026171,17104.13050295309
499,0,1104.708394745534,4074.427801082989,9721.890894300483,0,3147.403162777114,1315.7243893529117,194.6171271698468,415.62643239620087,12598.01929140108,1704.0244152358978,3647.962789845637,3662.8514546813553,3922.5856236269738,45509.84177661603
500,0,609.3367433746797,605.13827733755,11471.550851370965,1078.7428909760647,546.5879339181014,6537.901682104705,581.5776725148654,2404.9425639112173,2179.564355789614,807.932068408715,5175.77438582215,0,3449.7963323116023,35448.84575784023
501,0,153.614542165617,950.2992531643649,3304.995140180304,0,0,1029.206788566011,1362.119469452628,693.0537471308253,398.764417533681,30.7793954428444,5505.727758684363,419.811591443058,3385.6253959148057,17233.997499678502
502,0,3775.254901216656,1466.4000116290224,7924.041049809624,274.830461715387,1662.27606763335,603.1689017459993,2038.679047509895,1474.1860087227606,1126.3327758853875,3986.3670688543702,7686.3439772970705,2753.126050138894,2990.715476807176,37761.7217989656
503,0,550.093583565675,269.269480732833,2164.161317213021,0,0,0,1269.264490970926,595.103926858574,93.1505573246292,1150.8554389640367,1931.8566582772453,0,2036.8042858875376,10060.559739794478
504,0,0,0,778.8369525830867,0,1145.371392266823,906.629559989829,0,1191.395682815065,562.979690774749,1502.3108875586393,3213.559949236591,1454.5117446314373,3240.711687721913,13996.307547578132
505,0,1498.1272745197268,1209.93611984369,9042.445290404397,306.122878552479,563.560092725383,308.079612245158,3388.86631931942,1006.2458744341392,610.7501929419402,1358.548341181934,2861.055583791088,0,3455.8453218966433,25609.582901855996
506,0,0,3324.2246435128477,4522.530997081487,435.976824987834,2652.345240131153,0,1012.97353733025,0,0,1043.380034546154,1456.3110155350018,150.90546733194,878.2723404619101,15476.92010091858
507,0,258.0838450545826,1103.0448751629,736.98432401886555,2440.3909250263673,2.57509734436627,0,241.20777576843145,130.4866859788879,367.07325024058014,611.5879624489102,1307.703226350416,1063.004535167366,883.3531278578664,9145.49563041954
508,0,590.2660328838654,1953.153860805299,4268.320303769996,423.287386326688,482.17454989677424,400.153397691192,93.1505573246292,701.8415403367707,962.709240005022,626.303208703526,1301.4017104943916,1095.78965836328,1606.9625727252642,14505.5140193267
509,0,3453.1715381615613,0,9519.942853166833,1075.822603728034,1019.209237733868,213.650400510647,1862.4796916407547,1502.7729360766389,1539.437259404132,1362.5810907857365,2519.9758816170265,0,5979.667793920623,30048.711286745856
510,0,834.0653648439329,1245.8032179318218,4025.5723850859417,306.24826289714576,564.2568015170241,0,355.5657272844,707.834879633303,0,893.3728804159441,2197.838791058349,0,3461.8602802126043,14592.418590880468
511,0,1559.6055816531093,400.350666252879,3834.3512068338423,154.368815998378,948.418682920847,0,839.559010084032,936.976395079546,568.257521279645,488.524601750573,1265.277720594739,0,6326.375795879478,17322.065998327067
512,0,0,6282.261302967944,4116.120617481391,2338.115218557883,1055.422270539063,0,754.4533884808844,178.02686849037,241.776695889956,844.0189642474489,895.7040612962262,0,1659.7863681385436,18365.685756089708
513,0,308.3799351231752,6260.211131404517,702.4060879376052,2406.9188835613427,0,0,262.79180264742126,733.820573836812,163.142852767599,0,1158.398076922302,520.9080040824954,1257.9050911698444,13774.882439453117
514,81.8394217013464,7516.268033228158,3139.340356504033,2512.268086837218,932.970013688835,304.7728067060344,1430.19617875417,1097.66455923275,1538.272188801261,0,1059.1615186521674,512.6657014678133,39.9055150467728,5224.643789612092,25389.96817023265
515,0,50.8393570542639,0,143.1117652056085,63.6342688697948,82.5884334475893,0,0,280.1560492444351,0,0,363.18019204528053,0,558.237175586845,1541.747241453817
516,189.078958551851,1039.6170320102185,5047.499951768806,9816.386876805524,1427.5702476909391,2279.591077364628,1602.3689570659508,1939.6083985544951,541.336088642365,2487.182348536833,5159.7435129201685,1850.6012303146856,537.900653579021,7837.625838248099,41756.111172053585
517,0,498.560127690035,11573.053213659376,3227.665953240172,985.1791810603285,205.78889243841,0,557.3398248701919,926.888807900618,2101.989011994914,853.8628458102249,1508.4990927302324,0,4022.154603349733,26460.98155474423
518,1776.5066478235933,4014.87775774536,8065.697767503248,11199.422040905822,382.82743943262307,1804.481755302405,0,836.7408388656821,3633.242560982326,1730.7330558654735,3188.6952965038267,1310.6000962621492,3871.8922960045265,11834.833407154269,53650.5509603513
519,100.610821473862,508.82710333675607,0,100.610821473862,0,132.897938095909,0,0,0,0,0,0,0,1359.682116212024,2202.628800592413
520,0,0,0,0,0,0,0,0,0,0,0,0,0,100.610821473862,100.610821473862
521,3331.40943627281,1523.054713325675,753.7032389218865,4199.48006008991,0,257.922362972625,0,348.206532245364,1701.396789156264,0,2097.522227216382,342.459801202879,0,8287.159116778423,22842.314278182217
522,431.060660002177,1472.9693407422062,3009.152672170224,5159.354872126284,536.615768045527,670.646461263913,0,1448.17874684094,495.70581708853,603.2684889936481,1576.2156891452,3199.344607385615,1923.447401096451,5405.491694092074,25931.45221899279
523,0,125.2843966087861,0,0,0,0,0,0,96.48504114492619,83.1032178510541,0,69.9522035783284,0,667.6474391786583,1042.472298361753
524,0,1804.6841613695872,3025.2041856889114,5693.221140222937,1370.377038405316,1992.825841401716,0,2504.87193418479,1096.067647192492,1025.867081951009,2228.7836015937464,0,882.809498025229,2867.213329298382,24491.92545933411
525,0,2841.123805266408,9011.069456074181,3323.460682175302,1832.6925771736344,181.267509053692,0,4006.4560500123553,2438.480740893435,2586.9665204093153,2918.9580167345666,1092.5344670964853,0,5999.663268395244,36232.67309328462
526,0,2692.627996015704,14011.378796657007,12950.940887715828,328.223871506828,1604.516303287747,604.427548333457,2027.625748042252,628.890508815388,2160.559564350847,8184.86458104741,4155.793072501624,2124.0694108586854,12884.021145246965,64357.93943437975
527,0,620.8198533893487,932.9979557806363,732.794772247413,211.508801863536,0,159.176635455508,321.4237676612689,833.141930095314,105.065447179769,287.785824406226,147.620029389321,452.79873643357513,553.6223059137569,5358.756059815672
