origin_zone,destination_industry_work,commerce_work,services_work,education,shopping,health,leisure,home,job_search,personal_business,meal,total
1,140.05342323464936,1408.4367630970926,9418.7735187309627,2919.9157483081203,84.40706241877966,988.62012770374918,422.17832666196773,66739.352520377099,78.969451608053589,1906.4730808007985,6247.5331657064553,90354.71318864773
2,544.0492247203033,2823.664007773265,2882.863293474401,1899.7385067209921,626.60578195673804,44.438505553044465,373.38834809970746,69960.660798931814,0,522.69267511103965,3125.2726355990903,82803.3737779404
3,0,3651.2154702676817,6266.5371905611109,5489.3456305564505,258.2220563065344,1227.3759355406353,233.52027898603737,28597.065721883864,0,416.48231926636663,2767.3250469765439,48907.089650345224
4,0,4305.3466464004669,9913.4868735121381,3670.4513317752135,1591.7107032884974,1056.139881527854,2716.8648321524074,30994.282352466147,0,7463.6679374395007,2634.6418959885605,64346.59245455078
5,651.62097732412951,2383.6327436095135,10956.438966975678,2584.4811502290645,1186.2494456188388,0,1458.4296518617339,100028.27792183211,0,1754.4651937237761,3855.3038709295611,124858.8999221044
6,1106.5686103097773,3078.7763129439018,10831.718754179661,3971.5566956282955,664.87107328742286,1432.8183196632381,426.82467919981764,45369.643283028658,0,0,316.8072959504874,67199.58502419127
7,885.67317459315427,1498.748115650279,5952.4083360815866,3891.4205630896181,2204.0445841001842,543.85677976489183,495.50579070912966,44717.933419345238,254.37999687701213,1106.1833419453119,0,61550.1541021564
8,534.9974734739867,2771.1505147615776,2141.4878727053833,5758.4899539114576,591.88945406100822,250.50940683290287,195.09594772765732,16457.660596229198,0,164.11377724065395,187.74236200641283,29053.137358950244
9,213.42444113780311,367.47445176844951,3578.3333055758721,1750.9313345905273,363.17171494273123,34.266164288339503,1110.0103433141444,21857.74249109202,0,172.64626261324463,1743.7160438736917,31191.716553196824
10,103.30244069881017,534.92699279221802,276.24613523002085,1072.6354775493594,33.142128685132398,33.375128402225087,794.3289880829758,17471.935063401994,0,165.50068104794269,0,20485.393035890676
11,96.152071195132692,695.92444423354686,796.94266432030338,1960.8328826075804,289.27535868046101,566.2535445746455,595.54668155502179,5375.5696879566503,0,327.52679291986897,0,10704.024128043213
12,769.32638079388516,1795.4020337177863,3925.7594837504594,4614.0494689090119,701.56369246500515,661.40461027939648,632.48133834173427,29202.305005322043,0,316.03316363348961,682.68799416911168,43301.01317138193
13,0,352.89636336556697,100.26125416815889,811.54396594489845,25.963822977887158,31.657250592104379,62.86697620510914,29339.862365694211,0,41.517739790966303,0,30766.5697387389
14,0,1136.1277012024389,364.62913650555618,935.77149526560152,134.18504642384394,16.091817312007137,102.61563892887773,40865.621466358789,8.0450727003645746,465.045515533713,700.1544517340601,44728.287341965246
15,253.69754066618975,2036.6076454985305,1682.3735299366067,2464.0654637462808,192.84443887552416,480.46132929045285,62.023631678068575,17873.222221689488,0,321.56770339225676,81.197333643966758,25448.060838417365
16,4487.3187621826964,2485.1733604104325,6237.6433532987448,6180.257836961352,951.96471782443791,704.63007491120698,765.78417823418329,27606.484669972971,0,777.8904757233197,15.703639519772931,50212.85106903911
17,143.44502843801931,1977.5515897339317,2373.3631754089333,3162.1292285608497,583.10012266255023,430.86676976297048,145.29988901284065,15089.641273860332,0,149.32612230566764,560.75288642686303,24615.47608617296
18,174.20460637806411,4243.5504797976009,8641.0228693561967,8845.5817063111608,2541.8767225495594,281.79414860369354,1281.548892014933,35218.588539658667,95.368863315193622,3336.764975592243,653.35381976550923,65313.65562334282
19,175.86980284687127,3014.3591061191664,7795.6339768865864,6058.9274215758933,758.02850873862099,392.38495009731264,0,22844.624406294352,0,361.27556362149176,290.62119598494507,41691.72493216524
20,944.92202916616225,1830.1779239013683,11491.799913616238,7284.0241144904876,1481.7475715216319,1839.5693707232192,1199.2788924019087,13385.163572880068,0,1658.0045234314446,0,41114.68791213253
21,514.13532248450247,1139.3993427503701,4955.30676758558,4917.9684316642788,1247.1016485918217,970.62146731840949,235.44372529261454,11294.498112590351,0,501.35781390223048,0,25775.83263218016
22,274.08613252332725,972.91020517248467,4981.893192442174,2031.5199320785669,486.19811709786978,744.78301304070305,281.13699973820678,11489.981111701281,0,418.75777473463518,0,21681.26647852925
23,125.5697081687606,296.85536770611913,1653.9687245700643,1055.7764291049766,120.5410983086512,0,107.90564600305191,38125.785032282394,0,199.02342832030246,543.18599238784407,42228.61142685216
24,348.19796049480999,866.7665209223228,3684.6563106284798,3696.6964334993986,0,1577.2178347143008,470.37468827425926,45008.788758472714,0,457.98081174473703,828.61757636913649,56939.29689512016
25,444.74633820192366,1165.8443748633695,8246.4268835227485,3497.6822917257891,617.75756381954807,883.39049507776883,1668.564370124355,11892.053016096728,0,424.00299180771265,461.08250417607502,29301.550829416017
26,338.04289392750843,255.79716210341758,5037.3851507955951,2806.4244060810843,572.95026356387552,161.0234368136143,84.30944097316609,21302.568428754923,0,906.06758247738594,0,31464.568765490567
27,487.20721591826543,799.65204318085023,6689.143474797811,6163.2733694743138,1052.7917141341616,895.92627458679294,1224.5795383976854,68690.599946179209,0,1871.475986374171,1387.3401761219959,89261.98973916526
28,268.44602677849292,414.13379943698328,5205.9997748330061,2387.5267466661785,614.75514700317251,963.49919773035015,1527.4167795725857,33655.095228217855,0,441.74961592942179,596.83747866399153,46075.45979483205
29,136.1277678242229,632.92461953855218,8432.3468919246679,4405.9280491489017,468.14509893199204,871.16942782542901,1713.4197669199118,78688.316849570299,0,581.36083083527865,3503.0904290892699,99432.82973160852
30,429.85130626898035,584.78135075277487,6030.86424263753,4679.3128920263089,665.65519307599038,1260.9275755625904,1775.9117796155863,20078.463920542039,0,1668.8244826416801,843.11964797270798,38017.71239109619
31,1911.8104668737487,767.18254798488886,8387.1465003422454,5526.7385268511434,1540.5674945877602,1531.9656546392068,5648.9772546239492,69088.378179703112,0,2273.3563378204749,2755.3429402123506,99431.46590363886
32,372.79870097849567,433.19618442424064,6978.7931014441765,4103.4541563350722,617.76813360559106,764.40694063949468,1885.0681042191068,60059.91848201734,0,713.19327384138739,3518.6316218184311,79447.22869932334
33,174.20460637806411,53.976295126682459,471.37483098083362,786.04279689563566,207.21990300942332,231.40632424971423,89.220946166835631,3794.4266453730365,0,116.18123584852633,201.61887091845904,6125.672454947212
34,221.32423835007384,367.12843300096904,3524.865036066285,1588.3058577345364,327.35752026617774,387.89345579511735,708.41998734093681,14219.477107249684,0,576.17274759948543,128.67954923888354,22049.62393264215
35,636.28056651095528,2566.094320063748,16961.859326804381,12659.481605000776,2235.1769617706336,804.66618567330988,3519.1438694143671,54692.416660902374,0,893.87325225392192,1738.1019029376562,96707.09465133213
36,300.73864513080395,1432.0489761143294,18591.17277892795,11424.869876833438,1808.1727594024385,1229.9279752961177,3129.4528577470278,48843.448642406722,162.88655418847208,608.9789774910098,1120.2594460574846,88651.9574895958
37,271.89234125663438,393.22936219760044,3923.1444461035085,3455.2760428634128,214.56998319367136,105.44014302920297,920.01226798626374,11206.748656988982,0,203.34115358114042,180.8930949958534,20874.547492196267
38,57.278385298012495,1182.1420944394265,524.00755410713555,3339.5365215673687,201.0228385280804,107.69741571047516,311.63048757833644,5639.4873201135906,0,81.012268540233705,0,11443.81488588266
39,467.97059702987463,1862.9353246548112,2323.1361822470485,6256.8098019224917,424.15591380603786,0,700.81304755634233,18620.578184554048,0,529.89247213469912,0,31186.291523905355
40,258.39246335304546,2140.4577766073162,2964.7346056086121,3528.2962118488831,303.69288977968557,197.82147392454888,47.192745825124106,21970.119238514864,0,978.01416826591048,159.7287163041423,32548.450290032135
41,616.88758495800789,1739.3718309620363,6679.8788981751923,6549.6335616320821,1412.5468311251516,785.01913235100562,1577.4262719548117,34902.849413330492,126.2829017667474,779.11388963039485,0,55169.01031588593
42,268.98362027292933,989.21709397459335,1672.465274136953,2770.7608506952374,173.00338318277932,51.432201345939951,217.60700434166819,11091.462453050788,0,51.337153387221669,121.87706681436956,17408.14610120248
43,898.68364405250497,3845.1746676220564,9170.0989992267878,10664.442526661516,1073.6497561947208,979.37279129102353,1497.3554928802457,45223.745600673086,0,1510.2650491296893,1187.4406431103905,76050.22917084201
44,27.772070402335164,1022.9622510283493,5973.6290408756267,2866.9183681189484,312.5886715758578,1033.2881943713933,32.964831477274927,36518.28272485589,0,3800.1777844176686,1164.6258783717726,52753.209815495124
45,1285.4689362096515,1507.7586049067554,10688.226567848937,12929.673130607096,2346.9745787495071,3126.0342121099366,1357.3607554855425,52616.091835822837,0,1518.3331867102343,280.30336366666825,87656.22517211716
46,1451.7826198245632,4223.4583026377013,9594.3666464458729,12865.420005413987,946.80490658167332,183.26208877636972,1307.242284093852,26205.094449595668,324.54454878635198,423.35047527125101,0,57525.3263274273
47,652.77077837763431,3004.8739598172833,9728.9695657168304,2498.0122215992983,1021.3390030850486,621.42622327812694,1324.78384266792,13583.268316895874,0,0,0,32435.443911438015
48,0,793.55036685772711,6709.5187174322173,7524.7310657968237,2533.1901470771836,254.84864434970453,1021.1422088952947,18874.267112233672,0,0,727.64703377371438,38438.89529641633
49,289.61305404884888,652.71573080255405,5110.5596236024085,3382.9402302205976,632.3592583422942,1482.7611566930686,963.38847985286918,23786.956345674771,0,422.76263083457957,746.93619149742813,37470.99270156942
50,919.53602531679053,780.83150764985123,2227.0563562298398,1865.606057793563,1972.266096975331,770.33954862789415,190.10243876942693,8675.5677771034443,0,70.278207835061764,0,17471.5840163012
51,742.81072545577877,1259.8107289507304,4622.0747765199585,5402.729020880839,1040.6056060804615,963.44600164367648,678.02562580242761,12965.88335009229,0,683.38974224683352,0,28358.775577672994
52,85.458018438083883,979.39101166043019,4564.4574420600575,1414.6125729256805,1074.0643099395411,1272.4911628313491,363.77297830053652,13344.236837725131,0,1100.2461299686165,150.79294739781255,24349.523411247235
53,113.56726017175362,855.8341440293251,7295.1841978159655,3097.1013345367614,320.32663723495193,816.17866369155979,991.76993062190138,39012.782901262442,0,746.78600008058766,2818.0065831964494,56067.537652641695
54,482.77535327757857,362.88019833649764,5485.8799931579761,2048.0438288967257,1597.3667882050152,218.1310399224914,2109.7686038622401,42123.078997205834,0,246.12770460368407,1790.0594876225309,56464.11199509057
55,940.95149427673186,445.19342061643465,6624.3583739409059,4087.2496300827202,965.81490691104875,259.79780732176317,873.42205024052726,34272.459100728978,0,1608.6524083611798,642.22622197489704,50720.125414455186
56,1020.1734279365658,583.30982033772659,5149.83355348655,5140.5358746752372,1386.9132394843145,176.9984623522345,2621.2249852356849,36178.985374557844,0,1882.2528466708625,129.75129110197835,54269.978875839
57,418.54892320601783,682.59121911404611,5884.74137414912,5980.8556911917867,1666.6654359644035,1505.9532048758024,2382.2596517196644,48838.244380381526,0,1298.1413133625849,941.06364179493346,69599.06483575988
58,923.15191315529091,1537.799399641882,11760.800814518761,9466.7208321422859,1859.4023253873231,1844.8250674716433,4723.0673319797397,28280.806071080347,0,1415.5492958300492,1605.7632402434774,63417.8862914508
59,1497.2520469004814,3089.691646531332,14271.90792558899,9407.7287149676522,4907.8007202991976,1922.2230284879781,2882.6970183509902,43084.176525177332,0,3728.6080320495967,1134.0585985705818,85926.14425692413
60,1040.6352951779456,1151.2244685491871,6362.5419086542515,3855.2150970379789,2984.6956386036518,1591.1554725360502,39.417285874837056,23958.36392120357,0,342.01188346010349,32.807029775529138,41358.06800087311
61,1902.9952923430753,557.40370439408798,9172.2973963884397,4080.6037227610732,4481.2086955269824,925.74240167440576,1523.4519703685344,27303.55628735535,218.92609761576733,2651.6561174227436,395.12534238351964,53212.96702823398
62,83.699037368526604,457.01419288915946,2375.2029164916194,1203.3176482560932,403.30251135937277,344.90228305775668,314.22829618221772,33675.349068439347,0,546.67328796639526,520.49912764517899,39924.18836965567
63,112.60080488913206,100.35741303257034,1106.2321629876926,353.87696094054189,2791.1957932088644,339.48715454510727,116.26221713471438,23263.653695906072,0,965.2763284723967,0,29148.94253111709
64,1605.3174185419139,2458.4443172045339,10925.744620162706,11620.258452908975,2530.7627651189659,1343.7929088403541,2202.1493676612445,53170.415640059262,0,3476.2841754111059,1911.7822378331982,91244.95190374224
65,735.87642280588739,826.20945723229795,11559.408838067237,6180.6981435928501,426.68876069728327,866.67769057978023,1608.0038766058278,29749.013227960924,0,1030.583749614382,492.46438382225341,53475.624550978726
66,516.08523499963303,782.72785650471894,5271.8877634900909,2994.287286171369,654.54662669792822,455.69750074276544,1082.1495924076298,47475.529644884322,0,578.43184332987232,1056.4439456162645,60867.7872948446
67,479.17755642075741,455.4673831356057,3718.5120698199335,2130.0349671328604,780.83152258839925,244.14922557529061,615.62007324020976,16335.018583927456,0,712.09861397439056,19.085751605578086,25489.99574742048
68,450.78201570771438,1114.3339859311168,13542.898240413779,7556.3382914154354,532.68404184074325,1000.1775516519775,2354.9088288877128,73435.716409678789,0,909.81293367005469,3390.1899257663517,104287.84222496366
69,959.59253974768694,1083.216032959109,4727.1891191083432,5339.9949482301408,478.340310444061,1162.4822396223544,1083.5490388953015,44471.002119003548,0,874.46454482570812,2353.8562778773667,62533.687170713616
70,293.98094777660361,1537.3043135174153,4742.2940797528236,5763.4380064142388,0,934.38638687342927,611.0651304605185,35326.667542241172,0,548.76344057335723,2874.2384893306589,52632.13833694022
71,2307.8867707604713,1137.5593475947041,13551.207362751131,7717.071740795991,3873.1824706860734,187.69626143864389,9347.6763338352284,40579.408592685846,0,1023.9656263353668,1804.2586324444123,81529.91313932787
72,239.74080061123504,217.66208202528628,4640.6919112848591,4714.0764820203567,1279.1914245143696,788.79615685182966,999.76423389807576,24677.738518784863,129.89154918835274,621.42058726697337,1318.2551189144531,39627.228865360645
73,487.02234456238671,532.02697763665105,16803.016894295193,8885.450540296908,196.02989882623095,1424.2097686993079,777.49412679070656,113696.76022217551,0,1087.908918571462,8242.2104672915757,152132.13015914592
74,126.0439146159656,495.08220139446996,6421.5675065386622,4142.9658844185124,634.978891149834,628.43281078831296,790.16262799881395,57021.779899638219,0,697.68415983215129,1817.4167009207463,72776.11459729567
75,257.73396245879746,836.60087147507113,3948.6155659943533,3007.4498798485561,420.09394847882692,816.18166873310633,1397.6598379158595,15117.288186074584,0,1564.3307065848592,67.627569705622335,27433.58219726964
76,130.03457467476227,601.85829590044159,4237.4297727793719,2104.0334577092358,324.77933146743027,384.40583553379599,599.45744981849418,22244.549655442446,0,334.23946556630455,379.07812023335032,31339.86595912563
77,333.19074348350063,323.82004447746345,9953.7448516742515,5050.8721990626254,3025.4228157242301,1958.3100493161737,2127.9527048921118,58052.667561089365,0,1278.3388298864709,1503.1099301669171,83607.42972977311
78,516.34479523965126,623.45776960934199,7202.5427021435844,4361.6533117402005,781.62469936145692,1290.1520155386072,1220.5666925251141,27278.729086779305,0,370.34630159317265,1301.8681883317518,44947.28556286219
79,287.57650333897482,723.09129322999513,5228.5266804621278,5097.9577228988246,528.00185479245511,447.25484159132827,1594.1103306200532,61102.810666070371,0,1460.4914669138241,2193.4936534805115,78663.31501339847
80,414.13562116160051,1320.7817237920633,6418.5829290471711,5064.6420491615299,1230.8980752328703,1376.6267595512586,2377.5144435447537,38044.387006161152,0,464.13388261363684,1767.3297818162318,58479.032272082266
81,306.10985810015688,378.65178177074182,5058.3305390396317,4246.0975589225109,478.95559622801807,844.99007622623856,2053.421528045767,42283.709146853675,0,700.93848803699848,962.13640312877158,57313.34097635251
82,945.05430050454436,575.70724228403128,8484.2608162651486,4975.0385687049748,676.05924581719512,707.35842451203314,2871.266840015287,85073.114087169277,0,1477.1994206063121,5152.579108725552,110937.63805460437
83,609.82769620215902,798.5854413550453,11474.800757443678,7603.1943203459259,1315.1902257718521,916.12823874334947,2279.8845886831041,39497.727601406092,0,1751.8514908069271,2166.5567155441236,68413.74707630226
84,237.53754433496687,425.04074751874714,6705.8582416156187,5366.300544837075,612.68995526267327,368.47292338805721,1796.0552883598311,29425.389217747685,0,1740.4778994463213,1677.5860050313829,48355.40836754236
85,113.46213433801738,220.64786265389188,1671.023950537543,1284.9100089850197,1089.669982740967,163.17814215031251,438.60520368694682,7097.6919234236775,0,598.9034003801811,340.32723178383168,13018.419840680386
86,86.765358169795391,56.691324476119576,953.41624343546573,722.55922664269713,178.60594061474589,237.81284000232841,575.23980703897018,4554.668425202628,0,44.185892198875734,0,7409.945057781626
87,221.73654545715291,578.24846439498879,5694.3735464112915,5425.2564643152091,916.41346954076664,270.228262996919,1934.5047478326503,20318.646883190086,93.162995604484124,1283.0598189317343,85.495833003471631,36821.12703167875
88,941.70528265913811,2233.7118865778739,18476.018891064687,13063.258259150529,2599.5906166523218,1401.2411404466636,3778.2074442882317,38077.755212589589,0,3162.6660727596022,1404.0692248809748,85138.2240310696
89,226.32320107872769,385.25445504751337,4701.582658403212,3156.5948419113633,964.72105515799092,639.99339887151461,431.09292977476883,3723.3200058830471,0,182.96721163180308,0,14411.84975775994
90,545.81687655729195,395.5571904848174,4575.5766749128425,2955.3696511778708,1126.305657692925,1473.2571238973264,980.27153006328751,13640.433819160316,0,665.25433984332017,239.86203826674517,26597.704902056747
91,778.04601802012121,2058.6821867396534,4067.302145556097,2499.4709772134906,54.238596325738307,952.8313752550506,2137.130939117867,38192.508246703306,0,1721.9981543447698,975.86645088975217,53438.07509016585
92,51.95737130395738,555.308171842408,1322.3936272469907,1632.7498168869354,35.791697704671911,0,1973.4503686619125,32883.190809881555,35.791697704671911,384.00235769072492,1624.2346671154319,40498.87058603926
93,164.74670284971981,263.2271930301506,5588.2260213545278,3697.9350915816322,1669.8702765066153,1310.8688700916364,3768.5258209633184,55146.064643685357,0,724.20366872560612,1256.4154737132717,73590.08376250185
94,84.920164044984887,725.90603243723865,4874.0664511999066,2271.3864854007388,335.73695304517423,395.28792934241983,887.98664895916227,27836.028157295063,0,528.49188603486311,1553.6205973119681,39493.431305071514
95,567.28446100895098,439.64529708028527,4290.1979560430036,5326.4597021282425,501.91577018121075,670.5879158076541,2413.4632624543451,14291.812994719481,0,2042.5049972416627,220.15391551760001,30764.026272182437
96,282.44122747020816,322.50059784842352,2167.753537524728,3748.7108088029181,494.56020070284734,417.86699258880742,366.55182660798249,20372.329193533482,0,367.79372879951734,55.269605492912106,28595.77771937183
97,378.66042948799878,1015.5393007329039,4865.9780285682673,4712.4672083010846,864.10593530811798,1182.8102389803191,1497.3531872277263,10155.698264019406,0,462.12330694073466,456.98104592159001,25591.71694548815
98,236.99151580077427,316.03152161343331,2935.8086580875161,3616.7297344829794,385.03496851450842,360.80288420889627,1142.3951060137363,9998.3707676647609,0,1267.739554806953,37.316104143078235,20297.220815336637
99,1070.5432056853192,917.49046387527767,2310.220397978982,2838.6973937960597,2410.9283047535696,618.98262452282199,353.84606413845728,17996.201559855668,64.209398675630581,410.75543915957564,840.92307409769523,29832.797926539057
100,529.27663809954231,4417.1508477567713,14569.808478456587,6434.9539660202763,1281.4095015237865,1339.6793956409865,1158.1093398154833,97222.194897543814,0,697.81669420017283,2642.3618283596775,130292.76158741707
101,545.11264767438956,209.65301031853622,6108.7294917472755,5888.7418934591724,445.86803124372716,812.33781070771192,769.68381739759923,11550.965820365851,0,54.965341108721617,0,26386.05786402298
102,384.08725123216675,388.25165677585522,4567.3367988774417,2199.1350279620792,352.01508620467905,440.66259451248595,789.91301322883248,17309.285807308494,0,720.80702658096664,24.166764981663253,27175.661027664664
103,0,64.186953597937844,829.85327732021733,710.73668790953241,131.93463096664442,113.45314454731448,233.81233113830905,4515.9562491033685,0,276.51112305665708,0,6876.444397639981
104,392.00140677004731,205.83568998099724,1936.1985206390425,1826.5229681182257,349.71343401566787,267.99303874971042,306.26056446482835,4288.4195280131253,0,322.6075272947391,103.81250578112882,9999.365183827513
105,717.06860348014447,624.16460053757555,5378.8904626841713,4139.4579174128121,582.1140796645451,672.80959780816386,1222.764759205691,14722.831847379166,0,399.57018681946965,415.53983066047624,28875.211885652217
106,28.985406918884912,925.81445755336756,2615.4394536479031,1760.6776806191838,332.68167970792541,77.443278134343444,308.04797047653017,22404.644066357374,0,262.56046781314745,335.72044762227534,29052.014908850935
107,564.44526114167627,1314.7342414709531,4301.1019068792293,9396.5919640742159,140.91595932090681,648.46168698315023,1908.379436773238,23091.01712697227,0,866.32484773832493,431.42666406320632,42663.39909541717
108,384.11268782629713,251.51127171961886,1973.6005706829728,1762.5723308819474,445.29484923703507,297.04043304996054,0,16952.22371512149,39.875784379226033,97.612243815686767,8.5640200778505395,22212.407906792087
109,5857.9873052875846,5149.5078047598527,25104.646811845083,38622.891782262253,5013.2657777955164,10940.213491712002,710.80470772842318,59285.740953000422,371.16687594658197,9958.0167946291676,0,161014.24230496687
110,2851.5990350002462,2604.1188188586525,26625.736004559534,13071.864697208814,5589.7583068943404,5656.549016042989,1029.406208944526,38855.282910901893,0,625.33693753164164,581.90722282306945,97491.55915876571
111,3488.406984082631,2118.4635658386378,17061.822226415115,16014.857466815405,1929.7820941674461,4157.0864239001048,488.64705170717315,24331.194678891425,0,3049.9589532378382,0,72640.21944505577
112,472.30669355845822,5169.4089325269706,8976.5208734347234,9210.212677042251,486.75793247860986,3011.3199977149366,594.46066246040482,27378.762288919159,0,982.11745135189199,0,56281.867509487405
113,1514.3582625153313,4333.4233539897859,4472.9423174484373,9319.0839140040571,2128.6302380568163,1215.7303001257274,1674.415861724457,33210.836550935397,0,1069.8965006355463,165.97614251404312,59105.2934419496
114,-,-,-,-,-,-,-,-,-,-,-,0
115,2165.8312418560208,2385.4579604252613,12615.97823686138,14120.15570829866,5714.8346211785638,6258.0445653910429,2842.8744127165055,32428.926036918223,0,2114.9802186494776,0,80647.08300229513
116,6766.2119275160212,11800.796207633122,52302.04947685526,71417.599322936774,725.54456195203306,1101.9521820034465,556.26183399672323,89293.034782388553,792.72189086690514,3966.3177646678591,0,238722.4899508167
117,3629.0663799093313,2096.2405258234317,21698.038351667863,13863.386281500516,1734.8389264970742,5013.7632219931475,1210.295508589061,34839.603270665692,0,3080.5174764136686,0,87165.7499430598
118,432.64693690452435,1998.18711923513,2426.8617339377383,6523.3318978132847,329.55584550888204,701.55886139595111,0,8908.7609522925304,0,504.27052390863889,0,21825.17387099668
119,1473.3294648611259,7216.579485747262,20047.922968768791,32046.462872804972,1498.5536804862597,3830.5769833397853,0,52096.931042542463,0,1769.2308349872917,0,119979.58733353794
120,-,-,-,-,-,-,-,-,-,-,-,0
121,8214.3412983524922,7526.4205590943775,19569.08226943358,24733.565117513484,1278.0407409478958,2816.7598292986727,98.858618527446637,36993.390714421439,0,4451.4219559611047,0,105681.88110355048
122,1904.2997424530067,6007.4884113818816,9588.3510858398513,20989.789396169192,337.8551061505554,304.81324408937388,304.81324408937388,16915.099216932918,0,832.42209229506011,0,57184.931539401216
123,3030.3387435808854,4325.7877641422183,18184.760548433555,25843.785395839874,0,600.3818830739333,3054.8694331765437,19069.237310633205,0,1130.3348440153677,0,75239.49592289558
124,1378.4555088469479,8213.462667743961,15232.651236145844,20749.18270229398,2145.7518509651745,1555.3408602165559,316.50967311917304,37479.655330152927,0,1073.5104632880198,0,88144.52029277259
125,5288.6372549348771,5853.5057589420039,12178.679153426161,14949.784527533757,746.30437028198958,2585.9006850850446,2307.5351257141579,28939.32076651273,0,489.73019698335986,0,73339.39783941409
126,1266.2896786142721,4828.2641349390333,11308.261792052643,8797.3346562758561,734.84773276312467,1164.0479175428709,1279.7123654743687,30516.452161156107,139.67958940703727,270.71098256061117,0,60305.601010785926
127,1485.5771125756621,5395.4691534886242,16141.813513076217,19708.273898689094,1275.4712855867708,3310.7643045455811,2100.0720956780569,58269.242872965136,587.12105876067528,4595.5101931761365,122.87062755338762,112992.18611609534
128,104.35799260863934,100.26969462062809,1083.0802932829529,381.23345178817306,94.845330351576663,450.79237266843603,735.45930044400586,20799.802123813359,56.311404984194198,135.47088475778176,43.380199235682753,23985.003048555427
129,130.53354736488103,240.99087256279745,1622.028538968897,1298.5208025327859,139.80726019826716,807.55245673432171,95.895453396512039,30258.954922337351,40.258022260097142,76.512030605414083,364.12603455661565,35075.17994151794
130,214.56721896057252,1206.2700011823256,2102.4636470740902,1883.5413179509153,320.19401117196372,356.74000512026151,0,4828.7205675488995,0,1994.9893189057814,108.57176607402769,13016.057853988836
131,57.403443177077385,103.67470751573254,484.48375839458663,364.79323567112237,18.183893571417741,109.35303787477616,120.20573710055403,17947.181277141844,0,8.6091694618547852,0,19213.888259908967
132,1003.263369692066,0,370.93289196348189,0,0,0,0,8837.1837630005848,0,274.9200049826984,0,10486.300029638833
133,3467.9177723249704,4590.335256182344,14386.966934693133,5646.3716108122471,868.45470745475461,47.386072066212357,1162.4945724200272,43745.172803271846,0,561.26988370387642,298.26819293748576,74774.63780586689
134,699.43086925279272,1128.5103357201031,11122.615888219183,9492.3293904211641,2805.9574154899569,3263.9407198729136,1483.7072118364115,32037.814266365167,0,1110.865998024497,0,63145.172095202186
135,2307.5697010997801,2295.5884036829088,10189.205101119132,12705.170819457837,2733.2173580965946,670.89257835777721,3588.0096278371871,34327.907529008255,0,1160.4034598491562,0,69977.96457850863
136,2099.9455989731446,1622.5545784381352,12011.746211584705,9789.9751464151432,777.46777518161275,4649.5567393584197,795.02717075511634,34529.90787764659,0,1981.0393710003364,989.29156519490652,69246.5120345481
137,841.73754569185212,3710.3687546224073,11560.032301684998,15984.962615895087,3408.4352210933394,1362.3377501039977,1020.4190239935441,29445.047601795202,0,2673.7930097384078,404.18282205300073,70411.31664667182
138,936.67672735087604,1456.9157919763404,3143.1573151801549,4386.8168565185479,81.189416026752511,554.73438012316433,1837.2989117496447,21342.553382965751,0,472.00767563632951,0,34211.35045752756
139,1602.773280751426,2462.355307051339,8467.0093010061591,11487.208705445008,963.95920849607023,2418.35053170217,709.99572760872934,21062.809484994668,232.71877505014726,1287.284254152607,0,50694.46457625832
140,2253.4489753316811,3592.5262940003354,7551.7157604687145,13032.210514602893,2068.2220001927371,1766.6807614128102,721.5738112480999,23691.398157584368,0,3155.0591680636194,224.06448876058806,58056.89993166586
141,4308.8821422914334,13119.398510329527,32513.52685347612,29436.0537335753,4498.7472874760169,5454.0506861447757,2297.3218940808474,56669.836660948873,427.33367708584774,2935.0273830382162,475.39365426533641,152135.57248271228
142,2129.7648247669399,3359.5712234040152,22968.712217526496,18602.598763630598,261.73210604599484,1268.4279234871592,0,20131.50931364463,0,1983.4063837166325,0,70705.72275622246
143,-,-,-,-,-,-,-,-,-,-,-,0
144,2153.2302637354423,9283.5820014898927,40568.370710016658,40867.918610862012,8204.4440449918438,1527.3275402964484,3548.9814140589215,68895.339197769499,0,5061.1129502135382,578.16735638300122,180688.4740898173
145,31.963362061745702,371.91475199613029,2455.5947925940513,2198.5619081928394,717.93655250702329,194.80869603467434,31.070921271567368,7143.5399518512631,0,143.5559820505153,75.528240723680653,13364.475159283493
146,-,-,-,-,-,-,-,-,-,-,-,0
147,114.28325182734805,4662.5627681382039,10857.521678196619,9066.8431880531207,645.9454698633109,2080.2843172291468,119.5801915279601,15843.898349884128,0,1880.860439245376,0,45271.77965396522
148,435.92689528108542,1537.9746276667777,8549.9452045066446,7697.0203831653935,274.4079554288773,867.86038828551432,185.3176825113473,14132.802913783664,0,2138.3862016640342,0,35819.642252293335
149,0,0,0,0,0,0,0,280.00685782011203,0,0,0,280.00685782011203
150,3906.6814761826358,2057.1112265114566,18242.043769165393,12272.498973677508,364.88595587605778,2022.337289541475,1791.3931063200566,19419.513063852799,0,649.94526009266804,615.86913069476395,61342.27925191481
151,6324.5221722369215,3976.0219116597013,27837.803470996259,19561.690751884405,1561.9007245250741,1492.050536478675,4852.9287465802427,33245.908583534983,0,3817.8993053469703,0,102670.72620324323
152,1336.7439662590109,4942.6326617410095,8212.7856532427122,11028.987225840772,1911.9174751734133,4860.9009657861334,1459.2676847268544,25267.10221829146,0,1981.5449987201182,0,61001.88284978148
153,762.02184407819811,737.9444944889118,4686.8249179560071,4734.5445348465728,2441.5187847738393,2106.8964335685082,1279.6798917680326,13123.258300265778,0,380.12188008077601,368.76673819355312,30621.577820020175
154,2077.2053633524019,5554.7251541899986,15934.452046999188,15009.201663556927,1093.6804205819317,1284.5031263806143,505.65970961708871,57757.420963462573,0,1286.8643113509372,673.18433748382552,101176.89709697547
155,1121.6699762601845,946.06439265644917,9215.0807553592622,8915.3593620470056,1852.824293822709,2529.4471572559514,1079.5648799870683,8393.5115926543476,0,1341.4510259693654,583.60820676737876,35978.58164277972
156,2680.4804692947228,5617.2878062267364,9561.4371077570995,17441.378414694362,4208.8444818304888,1036.9000634360152,3058.8485209655155,39497.251989298704,224.03492100267525,3051.4215547538124,609.41539677982712,86987.30072603996
157,267.31822661373189,2200.7976733146788,5670.8947959237266,4074.8644394423036,478.9665049356808,946.14421587469019,419.56564214267019,6766.5133948004286,0,208.8322718057575,0,21033.897164853668
158,1044.1428327020772,4320.2078622784238,10083.165348595769,12577.365290315407,251.98921390632302,3946.0092899642045,0,22184.629302431313,0,3418.3345542135639,21.118070256532718,57846.96176466362
159,5261.2927858234489,6868.0293291421713,16013.233074089609,19926.50657420573,2064.5134389559312,8614.7007384132503,1735.4746282837959,42080.277299192967,0,1655.8902977310104,0,104219.91816583792
160,1580.375643539255,5460.0671722443394,16790.946357631816,11318.751175138272,974.08164188595799,3115.2902430501085,645.3485943574758,26125.585984820071,0,948.99914758386899,0,66959.44596025118
161,6624.0836781647367,6649.0995735894394,14379.097625969069,13243.992028813018,1986.8869453117923,501.03041730077615,750.39485072494813,44780.399376201232,0,1577.2219164189098,1063.3380721100914,91555.54448460403
162,105.13344961209278,2737.300753807639,4065.7708133493261,4089.3210885521212,585.08026509104832,375.80057268190149,582.19801275264297,31221.60475100483,0,227.56954367609973,81.662403132603103,44071.44165366031
163,1651.8033216290794,3532.1611434479119,11277.838280395841,13501.380419274272,2690.0347045560275,1685.3156003208292,3010.3171892220103,37626.718000935594,0,1479.6147760901101,630.8199261398712,77086.00336201154
164,411.69437878712944,1063.2833045819873,1494.3078456630035,873.41376423195197,181.333453860867,222.44613194494664,395.5290921961622,16687.339694399805,0,358.83398202120753,215.96957239959804,21904.151220086656
165,251.39016089127853,436.93543536867332,854.74345150104261,874.14833375328635,125.65881371867781,169.30123537714422,0,17210.131008133038,27.200526999583609,46.126013777242008,0,19995.634979519964
166,730.77816038995695,4314.0866085980024,15203.022169640033,10050.702702854405,4656.6403373035455,1574.6843570764922,1052.091760795101,66643.810060649077,0,1996.9674740435355,1506.7141222350722,107729.4977535852
167,772.6384931871122,952.87425710855564,7125.5822233617873,7601.4021050760548,1108.910825200215,1134.7345261298854,97.300131780162729,80993.78311573618,0,1547.1374019592699,1471.6937124620033,102806.05679200124
168,557.96605244993771,1249.4795726678035,10623.719708803514,7935.4689289991293,1418.456966150153,1875.5710752876666,2133.1135866752793,46847.404286378405,0,878.35380346182001,264.41640651304459,73783.95038738675
169,1070.5765295035744,1105.1971765268897,13560.509079134696,13204.7108266502,1313.0358752794316,1418.0300293567348,3506.0186872130062,64036.85577818063,0,1930.2139379247428,829.60018451446558,101974.74810428436
170,950.8666911109899,4730.0197554893693,12342.086400945338,15855.535805092159,1525.8027072581817,541.93207923785781,587.10004761172388,76341.909493313826,0,1996.735799384415,1300.701839294708,116172.69061873858
171,0,3107.8101277966321,8921.0380719176283,17534.84201650917,2480.4321920629454,1327.8657638975044,1840.7046182807626,30486.809183290425,0,2170.8621402273184,0,67870.36411398239
172,178.0041286716334,1139.9942190717395,8279.2277904835792,7520.8809182695068,686.56386067911603,1877.6513105691297,1292.6754982947618,21087.215338073329,0,1901.150080769582,0,43963.36314488237
173,281.25335621352667,1914.4425030606239,6823.0396270725059,5957.0934393820926,272.75469509004239,0,570.33652739264699,12383.126085157182,0,296.59500029739462,200.01554789084358,28698.65678155686
174,1478.7611000424781,6022.3552432084653,10419.436882997688,13965.481796243528,1296.3913315057248,1430.1020489980863,1784.6965710906197,16066.151380903775,0,1850.3032451053291,0,54313.6796000957
175,1994.4887752948621,2615.3645346023741,4801.5862633049956,7467.1280145403935,580.96530657215817,396.30922373262729,0,5760.3313027370787,127.8322174380485,302.82105193220838,174.87435195294722,24221.701042107696
176,1414.2927477773264,3842.3249891569976,10168.510238170658,6600.4833535969901,419.9799020462699,1870.432069941764,1257.8558363958327,25248.309558061232,0,1859.6482300271759,0,52681.83692517425
177,448.88657029742757,1341.9692549784347,5052.7280234963655,4717.7491456551397,477.80807196482465,1296.3399784014523,229.62623393190972,5047.1661284956017,90.959186851559522,436.4767742849188,0,19139.709368357635
178,0,0,0,0,0,0,0,8743.210453959422,0,0,0,8743.210453959422
179,-,-,-,-,-,-,-,-,-,-,-,0
180,5748.9392438474852,6097.9472539587377,19156.669909790915,26763.425919003032,2353.9800010179956,1675.462179312121,2638.9047760918638,34157.035080315931,0,3331.3580857457068,56.936627081853956,101980.65907616564
181,3903.5463212552263,3018.2946689660239,11411.378343953245,12527.021370480221,1276.2446417474566,2906.3901737008728,874.93738460511429,33400.278448206707,0,1747.057166376138,0,71065.148519291
182,1937.2564140121867,3788.9368056557137,13277.304658161458,19886.701838767029,154.67808932110739,5012.4383315154901,0,25254.892472366952,0,609.78080409759195,611.65615111644229,70533.64556501398
183,1434.8781604946157,2617.9065624024033,14785.467259066869,13405.549439777142,830.20972100305778,1699.1577563068131,1813.2869985338452,15016.668754269995,472.18642383788909,5465.0582159343112,0,57540.36929162694
184,462.35250861676911,1004.3034104537201,6566.8973436694032,6491.5512921908721,653.33417116552721,2521.9048175645316,1616.8535463921114,9037.6608121968748,0,1665.5183331315802,0,30020.376235381387
185,671.35917633402642,2723.1265727682839,5939.5053616105979,10479.070995769625,139.70596659986089,964.87077394817106,523.85236089467514,18378.814301268649,137.30802001805057,1844.8508143675367,0,41802.46434357947
186,139.44602244700826,1134.8607176836153,3899.4519729462259,3868.2025470123067,89.129026149642513,427.3082453621264,258.19223634211619,7588.3364633303481,0,0,0,17404.92723127339
187,2537.7073960861635,3332.1173781210364,14873.488207733943,23451.918876911714,4377.0608252513994,2266.1448028652849,2061.3603720898377,21616.281728633425,0,1313.54527746554,398.67970142715046,76228.30456658549
188,1993.1340067911306,2554.9742961911652,8141.8004169200194,16272.673601923258,1774.7705018897509,1759.2587826733877,692.26933195744016,38233.6180303894,0,1621.9984347634831,97.076406389690902,73141.57380988874
189,661.81346122837476,4782.1047909613899,13195.273293895405,19895.725294829197,1677.8541943210487,2510.4966112733609,0,29445.71917563396,936.33369352477257,553.31521096124629,469.23316091297295,74127.86888754173
190,910.99619418069574,2375.0625794981702,10056.86814367069,6911.0344624234631,2293.6428581751816,1799.065131259998,3354.191823325903,35235.819800584875,0,1995.4124210362115,1012.1910615935736,65944.28447574876
191,0,0,0,2585.2297318705087,0,597.21865296386432,0,31024.032422634147,0,164.68818602726887,197.7774388841606,34568.94643237995
192,1488.2548202599091,2400.9189572723226,9179.6691608327401,11798.202101700646,2781.3612916421785,1951.4980338753112,560.89747175078264,16726.506698574365,0,2889.2997399769051,943.95213632580897,50720.56041221098
193,424.59396319391169,972.28049069955046,6324.3238644283083,6761.6052511415983,0,854.16795029462469,308.29496266392323,8819.0175094336682,0,313.04044997893607,0,24777.32444183452
194,1168.2790228951567,3023.9297856516037,3400.9503775639268,7381.5122389970757,1035.6937938194599,743.371666648379,463.53329390386659,12747.494579686132,0,1608.1735557835148,0,31572.93831494912
195,0,5108.6625526002335,13523.043456604186,13799.969259143325,406.68862545086824,195.94568422029917,190.83526981733763,19844.074216085457,0,1349.9587391511452,0,54419.17780307286
196,0,1401.2049448327173,10874.689439278663,20209.301637886376,2196.2212261562186,850.13765967713164,0,19221.994477276359,0,1144.5126894330842,446.92140835697279,56344.983482897514
197,1428.3779387026959,1140.016711369633,8061.5965561579178,8895.1111761733773,585.91739893483089,634.6748344781887,275.51040288320377,21935.40957066659,0,97.658166394852614,0,43054.27275576129
198,83.18992463734341,3760.0709278937579,9677.8632640522646,11685.474183349652,1455.668609101421,1647.7030936182025,1352.0889998832317,55735.548529964311,848.58900926229569,1504.9521944185324,236.87946677434039,87988.02820295533
199,3782.5882194397773,9630.2689612946688,28481.757566914697,38581.871128034232,2185.5834595377491,972.13927723335655,143.98797184470413,49580.061289511636,0,3368.1552299377786,0,136726.4131037486
200,768.86783529204354,4569.2750093602099,8632.0090492945346,16499.332007682104,1109.6174807147745,553.21798295758992,1131.7455984582152,12926.847664060069,0,2025.098890723872,0,48216.01151854341
201,1014.3186139713139,3061.5684302149698,19254.718184759724,27947.032197854489,807.7640831421503,1868.7879792363667,0,50568.518416356921,0,1885.7068462765803,0,106408.41475181252
202,4451.1742304160462,4242.2105914804752,25263.5587137773,39348.571492711701,4155.8653963427423,2450.7407763325036,2488.3642021999908,44560.530203681519,0,567.81285929674914,0,127528.82846623902
203,827.27464953969366,4463.1124465878829,15313.226181731841,24720.43884968472,2647.7772716919253,3692.6811031529705,217.98520535798349,26873.845605305603,250.24412589956174,724.49999282702993,210.73201598402943,79941.81744776327
204,4671.7906371314339,13735.86115227457,19612.358326845759,28148.213720058277,4864.8599658105441,8082.2775637751365,2646.3861883083182,51569.321571486282,0,7716.2505530483559,415.8204285570788,141463.14010729577
205,4421.6910738570168,13789.135978927943,24186.826211582586,37510.788309414012,619.16757194828483,473.47062666833108,327.30992647615699,48209.356293854195,0,2062.084454689204,0,131599.83044741774
206,1274.8554383693454,2520.3975338477644,13922.467318984842,17969.295140755519,562.73235428091709,1539.0587804291256,0,35360.059539573347,190.23273297471079,1899.5837042391884,121.11125244048783,75359.79379589525
207,2116.7920046491581,9255.8302597184538,26231.803118322747,30700.585392933917,3639.8303702636945,1475.9829930460646,656.91042673872198,67516.329651043299,0,6855.2500269079346,0,148449.314243624
208,2935.1410775446784,7462.5163238704245,10142.842924899,7671.1113164176404,1920.5060751177348,1966.950596509042,5137.522176610385,43011.87760209923,0,483.95714636199131,281.24568795829691,81013.67092738842
209,4834.6119150473787,3895.2482558013462,17130.939859835773,9586.3160066057681,1262.1379493944776,2515.1724042138621,1219.7807315887296,28185.711454992728,0,204.9079809362274,140.5351114619672,68975.36166987827
210,804.65851642306211,5464.9511393252687,5316.3687823832779,3796.4956133875585,991.40711901647251,1914.2796973805937,1545.7403599090767,41346.253904003897,0,1313.9270090554974,0,62494.082140884704
211,2857.1695464612653,5244.2496754815484,17268.6369314359,11073.795387471779,1437.7397733104083,1874.1944694957056,3054.69584899149,25030.910627034238,0,2376.7485455884344,0,70218.14080527076
212,2369.6664260164348,2882.1723434988235,11454.113271068974,11316.396627737407,1950.5506903315613,1166.9304104999569,330.74844920758142,21899.939533125467,0,2057.5434439216874,0,55428.061195407885
213,1556.8531303660034,4578.6265095444251,17772.867428323054,10561.047087339219,2875.1291000910351,2371.7685737133479,1356.2006335499259,33997.76335113938,0,0,216.07967189694676,75286.33548596334
214,933.0034208173206,3767.7195140718395,5145.4352360031571,1732.2595556201541,545.6421416696611,396.30085422262607,469.73474721194265,22278.332464071882,0,3210.2969512887721,0,38478.72488497735
215,975.64531158270779,5038.0528875149666,8786.2632777680792,11212.457651658613,1305.0070413231865,810.39879662114186,994.22548056955929,27144.116161287991,0,2994.3252894730904,654.84244955991028,59915.33434735925
216,2216.3299083226875,220.7232244778364,11629.459789121742,14869.977024801648,1171.949568871386,2211.3839836069938,1606.9032039983654,25907.571091957954,0,687.0193428834823,329.39629106068685,60850.71342910279
217,548.15665301964259,1197.3371194342144,5270.3874692825539,7431.1829623095373,485.67471214780164,300.14638965666927,371.82428755996756,17626.493801365854,0,122.24851064230417,0,33353.451905418544
218,1175.8962475619844,8339.3968738878866,17853.008828262391,19856.316394159843,4835.2428570661914,5892.6502782759935,2309.1158268493814,45008.112644230147,0,2871.0671095482194,194.56888700432933,108335.37594684635
219,4394.8826987540842,3871.4349403590077,13352.015124234975,16621.829538442904,1996.8190042749973,1944.605010127342,1878.6702483532601,23645.421721336337,0,1219.2568531666316,304.20955302628391,69229.14469207583
220,1389.3504787993554,5059.943013510906,6688.9416689404643,12597.712186793422,1832.9618249542559,1577.6605561746262,2264.9388067298869,16080.514363616476,0,2191.3346976496086,258.60740682026903,49941.96500398927
221,880.64935333114431,4348.6261396704431,8692.5925714261939,17182.41216963941,0,1107.020717135181,223.83173314310631,39664.835397560746,0,283.53115247115227,834.89764209091868,73218.3968764683
222,3748.2776014187989,5555.6762840417123,11568.930987146836,13839.445093747381,219.94661051505639,4236.5449553507715,2639.8355534049442,27676.46583178841,0,2598.272357950736,0,72083.39527536464
223,4693.8570273592513,2494.9135141094757,8519.4883365455171,7202.3069760672206,770.30253379669693,184.63862132735656,1767.8182532125788,19231.53463248118,0,1612.5150477331981,0,46477.37494263247
224,0,0,0,0,0,0,0,7445.1906215782183,0,0,0,7445.190621578217
225,2509.3426038284515,3623.2664852790076,11189.291415033607,13863.618215179122,1339.4013825048753,809.58194563976645,734.2000387208177,24713.1892395305,255.95594759706904,1062.336314273412,406.18260325847967,60506.3661908451
226,2707.4763719785974,8017.4248110107701,18733.605094220598,23689.925519382323,2278.1015129747566,3986.0603946380184,6164.209289067654,43642.733610566087,0,4336.231973844122,0,113555.76857768292
227,5123.2413521987592,4705.9058113917963,13690.202768787511,21357.145171759686,4585.8199045529045,1175.7672723891947,1101.8092484566489,40710.112493649736,0,5817.9162015764105,0,98267.92022476265
228,4016.0153455093418,2184.574614269945,13445.964525356045,16297.642201014731,1471.2149112213456,663.87515155839799,1495.1760872078398,16953.994048037934,0,4450.237392160232,688.52121285913358,61667.21548919495
229,7643.7839229789315,10528.777688308082,44965.100945865161,53622.457713677271,2954.8348025095402,4490.318851186812,3052.3079421494654,76932.56588534794,0,7395.0429443175781,340.51236131217001,211925.70305765292
230,1002.156656839283,5614.4427489632726,13968.83095579851,25697.90976294909,4182.6694172194966,4159.6408778653167,0,36916.237627010567,0,3673.5185157274282,0,95215.40656237295
231,4128.4845047535809,7153.3456497692023,7636.5518879635183,10890.31826969686,1513.1939593755494,738.87502933373025,445.77480472012849,15998.49412645908,0,272.75163573049491,0,48777.78986780214
232,3828.1131178080086,3873.2381600830354,9880.3875737642829,15599.708460608397,2145.8705283782647,2058.1713930087458,3342.5942550573941,27190.670159715992,0,914.88906825880531,368.62849087144872,69202.27120755437
233,4682.2380471390943,6676.4042285296782,15638.556338686072,18880.706627056908,681.35003554538855,1469.0261869895978,116.3762969051468,30534.7936060375,804.00382102116919,2916.6141651230391,0,82400.06935303358
234,4349.2611602535144,6211.3554290386592,11189.30100188349,23846.602159821272,1949.1491160300984,3809.5069323965849,1745.8955868062319,24175.785992961311,0,4690.4786351903913,0,81967.33601438157
235,5234.3843412587466,9172.3507747208823,8774.3346529352148,20186.043011512687,2379.439819469254,940.37506201591805,1446.2436936942397,36713.105802059043,461.29724002586926,275.48465954623856,25.077457987534075,85608.13651522563
236,0,1010.1771632974505,4476.8557769353611,3471.0887460983972,942.11252467613019,758.51597388392827,431.82470971215082,20917.887209177581,0,1266.5110770263618,112.4285143114909,33387.40169511885
237,214.88265974864234,2040.7861890904674,3345.9517440887689,2666.3322232162154,756.9397410072761,507.82837144454584,1277.2370143911849,25297.606690672055,0,993.48019391006312,2460.6253916628821,39561.67021923211
238,1069.0001782624665,1159.1355154042594,5814.4931502738873,3133.8863188229443,762.09805296138268,1042.4632111216476,1836.7147095760633,15455.602685974956,0,1346.8312780743181,526.05905007260446,32146.28415054453
239,366.33845681471473,1310.1748614731296,8189.9066780496678,4062.0972696105459,2623.970790818204,1549.1580130568334,2559.1579392996746,36763.427831749461,0,858.31469991043889,2139.1595655648407,60421.70610634751
240,948.5886918275495,2420.6115587112736,5624.3367107434397,5035.6967202197256,616.6511445063212,371.04861742568067,2818.5292459627885,23107.017378751356,0,1486.7478166272351,0,42429.22788477536
241,1540.5005107398806,1281.3106728586063,4448.9849423939531,4349.8716592741366,913.24741412649803,52.272603017392889,716.71136112900558,17375.471774620171,0,851.62611506719543,276.5257789318851,31806.522832158724
242,2102.2844795842502,2319.7218923033815,8252.316881626648,7737.201519538864,1347.0055055251964,2627.8091816073234,3005.3077249581916,16984.341733675054,655.77591322394755,1406.2811196166833,1367.5420175529584,47805.587969212494
243,5046.9886521709859,3334.0137627073223,12767.613799295754,13662.302437459728,1957.4284291864437,444.22374972857267,444.22374972857267,57546.767869774514,0,536.45335995591176,549.06156335003948,96289.07737335785
244,4746.9962351343784,15689.68255676443,18537.466815773318,20300.852676863531,827.70204912504005,1776.6193124417719,5239.9595451245741,24819.757514851673,0,0,729.84544377393888,92668.88214985265
245,1275.336324753735,2578.3937130033601,5386.3574397216516,4981.7285237289771,2681.6334911630538,756.83286151505627,0,7328.2770632290185,0,201.24269659360488,0,25189.802113708465
246,1695.6040043781957,4432.0690926395446,8148.4088500440339,6921.761254011647,516.75274049798031,2400.8746556438236,408.61949404833501,16237.790851774624,0,2161.3850284041073,131.41377600905136,43054.679747451344
247,5868.0850587419645,2270.0935957887195,22843.940136904737,27575.036734723384,523.94971783738777,873.38992991087252,4472.6773137411219,40178.275820617113,0,1369.4700814513392,0,105974.91838971664
248,0,0,215.0032970511362,0,0,0,0,1280.1354154922196,0,0,0,1495.1387125433555
249,1429.1298232252693,8319.9336962806974,7530.5629203658818,7681.6553689509619,4096.7915861234287,1888.0699568263769,828.95295568436836,16641.477598547484,0,3418.2286702650313,1543.1670896425694,53377.969665912075
250,0,1154.6459968943736,7789.1472173002931,8892.3964412415353,659.07753251709437,1920.5009783740513,299.74546722151712,25630.982081187212,0,467.97385327127449,39.730862624003599,46854.200430631354
251,1124.048003417277,3673.1535489434496,5406.1907257855464,5957.7452793352186,1151.042021332147,307.15946860064253,1690.2809227096618,11802.977945513208,0,511.11742718841549,0,31623.71534282557
252,407.4815321603038,3011.3882031145745,8692.1169762159807,4245.1275937072733,1277.0388070522945,1691.7598218288588,566.81483763389565,11053.017273611029,0,3464.6381769739032,163.73006574565139,34573.113288043765
253,777.96697391525151,430.66215080713181,1027.2630647378196,1576.1407677150135,159.85185703724426,159.67742195638078,281.53569661490326,8856.1599048898679,20.531337322531694,198.53703935972226,0,13488.326214355866
254,2767.0622166198364,6527.6699029839019,8883.3969085817862,8144.436056438155,2220.4741550570179,4602.8889117273538,1831.6509818248542,64263.019294580175,0,1758.2285211193187,0,100998.8269489324
255,1539.1104157150787,8326.8982196864345,16280.533071130592,20195.812740026689,1860.9004248166857,1231.1179915924322,3680.2068662031361,37605.217494672106,0,1152.7738586462024,0,91872.57108248936
256,337.55757213630545,2809.1410526475352,8800.1400150605859,12854.486345059382,1032.564286301782,2268.0949237443001,761.99622101709656,17712.177956972835,0,1636.0867968611033,0,48212.245169800924
257,3003.8294075519566,2995.6147304712722,15704.429770546978,11070.929614490849,203.64253992844482,1398.1884373213575,764.6096594621647,16602.83096825119,0,299.76368967941846,0,52043.838817703625
258,7374.0449508172433,828.28835712215619,19876.5311857091,12682.423740810498,3086.7655797087918,3600.1067213950755,491.13806689559078,29040.775512303571,0,4520.1466431061071,236.43570677804775,81736.65646464619
259,1596.5083047676972,5221.4926170790513,7055.7513299665143,11647.703430202464,1876.3876251916986,0,393.70647582407412,7293.6782100856208,0,812.26653207833647,0,35897.494525195456
260,1381.6682457827685,2077.4618112298976,25746.575201661693,11662.829242162661,714.27548518708898,1544.2635024655308,2312.699178220395,16695.660281242115,0,1650.7876969733252,0,63786.22064492548
261,1844.0969169085413,7614.8864588693805,11850.381254668584,16306.753850977298,1693.3601765612925,708.14020334990835,2086.3792530525225,39265.945188907754,567.73064602928844,2039.0295505367469,0,83976.70349986134
262,12162.979063528379,5829.1493963222565,6843.435130046937,17032.337082865772,1966.804829551586,4219.742731073944,3000.1106696158422,22441.47379338153,0,164.95421097597239,0,73660.98690736222
263,6244.885747739726,4188.9455010336987,14623.439481132504,18899.194154042489,1597.1776052858002,3315.5820355721125,1336.5404495437283,44300.259821014261,0,1099.249821885822,0,95605.27461725015
264,781.10864124746843,7447.4701974145219,25650.450283603706,20356.704534596538,2232.892775818168,0,667.55684902282144,55300.818190209655,0,2304.3765990862144,1590.9299151149144,116332.307986114
265,2813.7344457730214,7436.8809884419352,8942.0941044692681,16473.462374225321,944.34458355393872,1640.5793256838137,422.66836560307979,37502.862087094567,704.73951678083881,3234.2540991100122,1730.1271174599028,81845.74700819571
266,1315.82421506743,805.0950194331723,5183.1860396241236,7210.9663466135107,404.23608274703844,999.4344080969953,1265.9153249724848,8911.8593274263549,0,1190.4546809574317,0,27286.97144493854
267,1445.791513207726,3342.4736478529912,5405.5157063871775,10164.600012607974,124.03009943728841,1802.0665110392817,2108.173867648879,31094.871652472579,0,1011.118849689203,320.01939612413804,56818.66125646724
268,496.9773378359053,1182.7721123587214,4882.9176191432753,4301.8938275291321,1161.4274967049405,1089.6742976103799,302.88414606538441,14312.381466203531,0,600.30718864901144,370.33020819008919,28701.565700290368
269,765.758291947614,3173.9517848940022,8228.5771546583674,9657.4058498443264,1719.6250400667525,958.03698893792011,3195.1731011620495,29488.583284622931,0,1376.9108166728352,1124.8722696009247,59688.89458240773
270,473.04619328248259,400.89330120080052,4676.8278859057409,2359.0421020004674,518.68400655503058,618.63413270786668,800.243553670815,14267.62377731488,0,126.80540233609709,118.23851395882019,24360.038868933
271,0,0,0,420.17149648847459,784.3529033268303,0,0,13406.239347621642,0,69.44853876500548,402.24536623400894,15082.457652435962
272,770.54808986671344,835.35636837525624,6961.5119889890366,7679.323210445481,972.44091980992903,787.79622129805477,961.15314353657834,20720.112431273985,0,775.03093716263527,213.93027475006335,40677.203585507734
273,1525.0394669264379,4964.6937060493728,25900.831369847558,19523.699803016345,182.93601976989373,2611.4121039235415,1690.4204892429373,30886.410690690922,0,958.6243588433565,244.72356704110311,88488.79157535147
274,1036.5768874231294,4299.3021743933778,12073.235594124813,8767.8598391149717,2150.432800156228,1763.8385169546434,3034.8189843995697,61229.61173166777,0,2228.6929803947032,553.35707483171518,97137.72658346091
275,1214.9434039965163,2769.4167653632476,11305.617594758811,12307.05647828898,2372.3562607963936,3210.5281113556866,95.567449754935311,41401.613503217552,0,404.79619833482229,187.14530258585691,75269.0410684528
276,6069.9098658375678,11526.65845258962,32705.357674931762,35910.297240521344,6255.5317629165847,7856.531594534692,2280.2567583332334,36361.761695480556,0,2506.4378312030849,574.15737422877999,142046.90025057722
277,1595.3576605595872,1346.3640510082002,11948.247647336037,14991.721709269968,380.7020567974555,1572.2466849525972,2735.0091314081615,30632.810580950842,0,4669.2042669053953,0,69871.66378918824
278,4063.0965763600557,10904.367428516165,38837.821348621961,37968.196703037138,3532.5813771049579,7967.0271432101918,6778.9212832807816,60469.983538433509,494.66204658289024,8625.6320301956966,320.39039671632167,179962.6798720597
279,4824.8382784420446,8256.3241296629094,19434.244224905211,17759.836181043749,1054.7471485161905,1984.7545467091641,2673.7754465752832,17432.65670600313,0,3361.9249829654691,0,76783.10164482314
280,943.93207338810191,2025.1101667820635,6144.6467413053706,6987.6488979802716,1938.4953324568914,0,170.6380726875816,38068.212928226691,0,0,958.03568815043593,57236.719900977405
281,391.41830490121333,4121.1160682875934,9180.5083914057195,9107.9253283927283,1400.0233348224474,1448.298714066048,351.79024186626657,32217.672870210485,294.32605694262276,744.57433182598527,752.93084596932977,60010.58448869043
282,811.42350134775495,5186.5559516288777,6488.9652763327176,7731.0972926681452,2495.3570213400999,3751.4072960116091,634.58166384862034,29195.66917608316,0,977.61308829563109,0,57272.670267556605
283,698.68285155265164,921.84548440853678,6615.5309224891107,4212.6290006951976,797.42860979244858,612.75122015468537,1952.1213170184462,7241.7825679300449,0,0,163.63541859165068,23216.40739263277
284,2855.5644105457895,5166.8434822526624,17266.862449248994,6789.0699256741209,956.85210926178888,519.34054143237552,1337.1047236238655,31146.093442129764,0,2317.0155025383715,142.60702788867846,68497.35361459642
285,6288.0170792911531,3140.0297137336424,27540.223587521272,36312.281661311725,362.73752636791062,1019.9251793145454,1166.5389146206626,22343.609736143306,0,249.48457492966546,0,98422.84797323389
286,849.67114127065793,841.47381695659931,3365.7818293113764,2562.8889406434473,826.39985792370192,339.2499299958771,344.61672855667587,31891.849774394443,0,476.72952518156359,0,41498.661544234346
287,991.18629297753318,403.85412103011026,10608.411433042251,10002.793494363257,0,1461.2590182016058,1465.6162489144863,29414.757149525474,0,2448.7529505879074,630.00086907526565,57426.63157771789
288,527.18981170991185,584.95536208631574,5814.6267315761188,5619.3669167849375,1430.733841651471,579.87711376083155,332.88523015212019,37520.279169397727,0,650.357441636369,485.5592442548317,53545.83086301063
289,764.64404847457786,1793.8973405468355,13339.278447694931,19535.598569150017,1557.4963719188725,1113.1302325165498,1043.1347123235018,45248.510638970853,0,709.07068573068318,0,85104.76104732683
290,1706.2247113923549,1203.1132675167109,18899.489555617649,13004.166501647673,2099.0903062462198,2647.7470657841345,1126.004762790782,22185.138321513226,0,6670.0134848469079,146.59553515426217,69687.58351250991
291,3437.1122226955267,3136.960910545662,18230.836625190408,22142.006257650017,1352.1141373843398,2204.0960580927904,0,33959.99256015705,0,3131.8584918663328,0,87594.97726358211
292,1125.2762287820997,3116.141947681102,19221.31833125891,27454.815405564423,1648.8035885786871,849.36602631233723,0,32672.174992595101,0,0,0,86087.89652077266
293,225.18936317552527,1819.8084194947164,17125.341325643931,16863.903815463516,2312.7682414909928,2711.1088139400422,0,29851.696202957282,0,2772.8942216605792,0,73682.7104038266
294,2484.9868494289813,6557.183521264682,16357.322996577779,27525.66795126587,794.03400470769998,1510.1438699156679,1852.0297842552568,43898.355494251635,0,4566.7555146511304,0,105546.47998631868
295,4217.7489262055624,5291.2538215430723,25594.508886473141,46559.705217419796,3975.3728281411422,2169.1661472046044,3022.3970838370324,50872.287396638159,0,662.30398575488323,0,142364.7442932174
296,0,1166.9458568783984,2504.565304644354,1184.0979574597127,483.73973227765691,0,0,2784.787816924651,0,47.278887570105745,0,8171.41555575488
297,165.08491637557208,0,1429.8452445946173,2089.8540309430455,214.88022250828982,0,55.429636233663388,3487.2751016695233,0,29.661543802372272,0,7472.0306961270835
298,3611.8416926245868,6488.3262046341561,30919.597951219104,60042.915855980536,2662.9220504593682,6878.5943216218984,2300.6408685999154,95375.452763011039,1561.6856550188966,2673.7910635081698,142.14016767594484,212657.9085943536
299,0,923.60228938328055,3389.1596106405009,2647.6064891751753,127.67844715714008,149.18520960791847,0,1576.5341444747853,0,25.644356979421737,0,8839.410547418222
300,0,0,0,0,0,0,0,112.32129068308984,0,0,0,112.32129068308984
301,1874.0309195078316,5647.5736320979358,12399.866508781059,8663.169679945915,2773.1072658930943,897.34843765269261,1535.6955836462489,132251.86897650859,0,1059.5975409265002,5100.0135535850386,172202.2720985449
302,1578.0972629791768,139.46063730223852,4243.4081214939633,3533.1911508835587,1569.3900660543854,264.75056354955092,1370.7775655101257,36962.758703598731,0,425.13989059390013,239.73640280537194,50326.710364771
303,1041.9967847377081,2218.572639258261,6426.4222203305244,6161.5009608990658,694.47575692914916,115.70075911837891,511.41108293722596,59701.804089473029,0,477.72176362543718,1268.4814667043331,78618.08752401311
304,408.79635796880086,872.81641158341392,4116.7698326835616,3369.1172804460339,399.88998995283958,380.20644330802418,720.45619241984082,42462.736726588468,0,666.65887772290046,268.78977489538016,53666.23788756926
305,1282.0411049751538,11414.645245814554,26718.980217493863,27389.394083744079,1787.8559919349536,453.64343760308259,417.61625467040312,57847.991418528567,0,854.68927464084061,298.91063432960772,128465.76766373508
306,4609.0734078885753,6498.2148771340526,43261.498609557188,37616.758062605615,3069.0202882758381,4102.018781740464,5869.2323059934497,57084.269691019057,0,4750.2874709243852,868.76414074963952,167729.13763588824
307,6517.1361537923622,11467.335938145632,16112.102799333417,14243.19956491751,2084.0557181264021,9100.4155534454858,0,20280.724428632016,0,459.93585150293234,0,80264.90600789576
308,4529.6394575729846,13406.20743591925,33204.379493011831,33124.988115282365,698.32534838853974,3415.8109206770132,714.02094000054046,43264.225456167449,619.14094434644551,0,0,132976.7381113664
309,711.9122966912463,2090.9709335855632,12216.857779735927,21455.27226736704,958.3447202935979,2653.5108073622723,263.17782228858295,23873.532563188062,0,3093.7540878002987,0,67317.3332783126
310,3039.1873926236103,4668.7936740339392,17424.705692556181,19647.107144852493,556.10453832627582,1454.198491757649,260.07006515385757,20547.419802390246,0,2041.3920243967211,0,69638.97882609097
311,179.51080984416902,2613.5591163276913,6083.0545270452676,6487.4119195057292,1341.4956051505442,694.85640375126877,615.54954225558481,12950.888884170539,0,985.55312671720014,0,31951.879934767992
312,4507.54395710669,12339.531160457607,23705.911506580727,23759.025334083792,1136.0771335293066,1277.4014324883769,741.64379551426941,51503.289542687453,0,193.2462149821925,0,119163.67007743042
313,1023.5645249779211,1666.5658571188058,9965.9473865386262,16408.68432522528,1563.709715250078,933.2104452786316,3442.2902813143528,43062.799648268556,0,1823.1116143804729,623.7839561060814,80513.6677544588
314,1123.7918616458223,789.65612301424937,7129.3053522276505,6971.0763761305661,932.74603901956118,1255.1241869806126,1143.244814451258,14733.283235706103,0,1331.45911925465,271.57837894957896,35681.26548738005
315,1855.7825304541432,3031.8479112078621,24734.600758142784,26393.813320835859,6103.1406566196238,3030.5830773937987,2336.5279653901785,48838.30088354669,0,1771.6442420363633,0,118096.24134562728
316,5779.5291654342855,12200.087843864865,30832.22111545219,34065.337997258917,3238.975368951566,2659.4844964566637,0,42813.143717079438,0,5062.355095426472,0,136651.1347999244
317,523.34805007856664,732.29784406872511,4610.6264193904844,5567.7980252133766,507.90811930036938,364.27812340789171,370.63059428551776,27618.162498368358,0,1024.4800850682757,310.65481659374137,41630.1845757753
318,89.266755129616712,244.89205149822467,668.80224546799172,900.40208373821611,153.50120049192574,163.56267636854244,211.04571272236061,13721.364477962385,0,100.20731678017881,46.677623195150659,16299.722143354593
319,494.00437579326774,450.18935014067807,5753.6781340877433,7824.9392732592369,1425.0632711356648,1026.4663987331317,800.44425864431742,23356.689729115133,0,1773.8133461517004,165.47675532226827,43070.764892383144
320,214.67542061178978,654.70057268773371,2877.2226164034014,3423.7490923749942,990.67198183432492,350.79200379816319,697.90352537125113,30514.90249544544,0,464.6953680560481,0,40189.313076583145
321,3305.0196585767621,10956.226668634956,27761.658448416969,22167.521504175074,2802.4931412864667,2295.8947925182961,3614.0666959888867,34343.032079539102,157.69444347390552,3260.6221276699448,205.60403098518861,110869.83359126556
322,876.83617841963678,2734.6360868172787,13688.651912389885,19578.824688180819,929.22606445813665,1659.7239658046228,2819.9646500314416,38964.89713707647,0,705.41149730849156,379.13720264645804,82337.30938313324
323,1311.2723441154519,3385.7290445186431,22017.020031430657,17900.820399468023,1585.7742540573718,2013.0725771882837,2004.4976941653642,35634.384910090994,0,436.51108098296493,0,86289.08233601776
324,841.0709961886871,5495.0047127671587,28561.358631472438,24130.499916767476,1324.2510763475857,5692.7250865957585,555.41645743135382,27097.58108763416,0,2947.8453805343015,0,96645.7533457389
325,2858.324678696506,2796.3895913314204,25027.420532189004,16909.860375652504,0,1351.390860161963,7008.3089726339413,35847.597435111107,0,575.71607719981387,302.09213353707344,92677.10065651334
326,920.71557392730961,3961.8509852201214,12324.264842446955,20809.158823747159,582.81682797402436,863.68825572691321,0,36365.069837786905,0,2563.9390409809898,51.036085871224103,78442.5402736816
327,4089.7357683675059,5192.914503564728,12150.082168302235,17683.289188273124,1931.7862299621229,4733.3865495021992,2437.1756153121592,20449.576354192308,584.46850045620931,4456.2821456530473,0,73708.69702358563
328,1254.4317974977992,1731.6938993025115,9374.9622842459557,7840.7310644227036,1011.2236833753619,897.45582063062886,1325.0694346158825,8735.138657361982,0,700.05536708880504,269.52415803107368,33140.2861665727
329,1224.9454209980886,1103.5937060891063,5839.225962632735,6356.9747066386908,556.47977429956552,279.11027682372344,1025.2688434701236,11051.986932418353,0,2675.9732188340827,393.53059013353015,30507.089432338
330,559.92498635512243,1529.7675374519665,9127.5949695025156,9820.9784741335025,841.5636628738755,692.32144141787944,1693.6917403561197,32463.067981381573,0,772.25405450243545,0,57501.16484797499
331,3466.3182440182004,2855.4412275265008,9640.0506492992645,8679.1304497071469,0,398.16870616082684,383.2017442650785,13386.054505715729,0,598.2178222566605,422.61504378638131,39829.198392735794
332,1020.825602886825,7126.2847874214012,10919.081084207935,12283.14740143623,2574.7025366738612,1192.5809840089687,430.69428737855537,19928.953522077376,0,2792.6839438415013,0,58268.95414993266
333,0,4168.1073612543323,9100.1605612437543,12377.889093930637,750.90410031204624,415.02402654283105,0,20859.524889657849,0,597.70650568157123,219.73993719797923,48489.056475820995
334,750.53365020488377,3361.1829551220148,4855.6913678186611,7626.0053605816074,1103.2756683816401,1048.6890716326236,546.96686246410775,10915.99373687074,0,738.24744544330042,0,30946.58611851958
335,1879.2088830655398,2805.3008844074284,12953.472545364908,9656.2286301379863,582.82984574563091,1731.759295951797,451.77114834415698,19100.01456981193,0,1393.9507295738122,0,50554.53653240318
336,499.16612257578947,3004.5530985913883,9651.3956995241515,18094.987477387906,775.44396192188185,3170.3877231038846,278.77945603295018,11423.182681361488,0,5211.5868920373832,0,52109.48311253682
337,2348.3759401912339,3995.3861202935636,14945.786303106945,19246.769701316975,856.57297064020872,1470.1127141140621,1422.1257279529104,23679.157571290132,0,2997.585850137013,54.965341108721617,71016.83824015176
338,1121.8354543930982,1008.7196895560802,9115.8844249092472,5575.328389334064,194.25213657867698,394.98592781322884,2887.8323174348134,16253.986872007459,0,509.36007255927427,187.6535970379509,37249.838881623895
339,1222.5308614242219,3230.4113557856372,12759.542233887778,10219.424725020472,228.19663770039278,843.85055921500521,277.74402307544051,22493.382142925147,0,1571.8033880446383,0,52846.88592707873
340,0,455.9769427688999,2599.6101271058906,1413.9309087753522,93.722626983783428,391.01763519713472,331.25100207311414,60271.416833514988,0,400.80863007484766,997.54262923035628,66955.27733572437
341,221.86378723529916,775.11931078254838,3860.593894544113,3151.8655918271184,555.46069624432687,44.07280829360996,370.78886432750755,22404.61430713518,40.951609887140521,1185.0030836996541,268.13890392732765,32878.47285790383
342,1412.5194045407609,223.24326478131638,3926.4804239673676,3554.2346114175039,934.18955253634465,757.69455582818068,1143.7634215908138,11293.137319547774,0,916.79695219460928,0,24162.059506404676
343,0,2249.7079846781644,9020.4077580346584,10464.158823282634,1199.6983944549547,1101.9912769557848,381.44914853566928,25015.952498094,0,190.72457426783464,302.68929312675687,49926.77975143046
344,221.25270641440625,208.86355599866741,1453.4209913128611,2261.7908855335891,149.0222483525788,0,20.30380247477293,1557.5873767203093,0,77.811455231184539,0,5950.053022038369
345,2154.3437996406597,3595.6528535193229,20134.5356033758,22419.633155818246,0,304.64815553714737,0,43507.234740190586,0,0,425.82464773102618,92541.8729558128
346,3285.9606947446687,3483.3126786194771,11442.773276775759,8298.2997110943306,1179.483655119828,1290.7026461393716,0,13571.488761634479,0,0,0,42552.02142412792
347,0,0,0,0,0,0,0,1431.4546925645843,0,0,0,1431.4546925645843
348,14762.203868660294,9448.3887305914268,17202.84503105572,27263.740436095013,1557.5462926397445,4725.1820264828293,1465.1563768465003,76289.808888603089,0,2601.6541294949766,854.68927464084061,156171.21505511043
349,398.15389346621845,574.78119231681148,1962.0853332457152,6184.322700759335,68.270698161178203,151.2668358646481,0,14940.502971779228,0,546.46156874484973,0,24825.845194337984
350,0,0,0,0,0,0,0,997.39682631692733,0,0,0,997.3968263169273
351,3876.0329819280432,7036.7933920496735,11286.40256953869,22076.873727990405,331.36863762646419,2892.9223139177911,2979.8427944297823,43135.94521338222,0,1401.8894932035414,0,95018.07112406663
352,3611.498041283719,10368.174863255377,15940.363297426002,22420.591598525898,0,539.70833666185683,2646.4724520615669,32325.721597430867,0,222.95400848056289,612.7500660209098,88688.23426114675
353,0,0,0,612.7500660209098,0,0,0,2978.5741137527193,0,0,0,3591.324179773629
354,-,-,-,-,-,-,-,-,-,-,-,0
355,-,-,-,-,-,-,-,-,-,-,-,0
356,677.58624109932703,4727.9526550083174,15673.863915937192,23744.099281833107,231.58965884378884,583.69543787498105,1775.3634775668615,37636.919890202145,0,2457.6552802764031,0,87508.72583864213
357,6598.891206432967,11748.808535649947,14052.481461211621,27585.707329360932,1197.9778798796078,1829.3689757331604,695.90658678657678,39245.724008280973,0,2624.9448042793642,0,105579.81078761516
358,168.35831844572522,61.843809096492606,1407.2679090058377,2125.9747143896411,26.710137260126555,27.367433702769478,546.05695418018797,127.23686972806502,0,1158.628971230813,0,5649.445117039659
359,3213.4275063659197,5893.1568299701948,13617.436203716956,20933.386169956411,1421.9016795477082,385.76154333256386,0,47751.622252833389,0,457.00427752445154,0,93673.69646324759
360,666.28709564205315,0,4468.1580879290323,7656.0940502359763,538.39564370877486,706.12651479915667,1159.2328801969973,5558.972884147769,0,770.53546327606944,0,21523.80261993583
361,4121.3270521036566,1629.5866718972088,6033.4714590847316,7960.3421609345469,1522.8429422232514,331.42139460296647,665.89134468705356,18113.712742388194,0,456.87233379531949,0,40835.46810171693
362,1599.6685305920983,351.36838369103253,3565.517887735446,6559.2562793663501,217.16732006461635,1534.1981852191266,0,7906.531020226168,0,930.61220581804537,0,22664.31981271288
363,711.06770307119677,1674.3246657484692,5813.3503879936416,9167.6454620308614,224.72283967459595,957.40181831242785,188.28111105323717,68984.138219855056,0,330.37107648649845,0,88051.30328422599
364,836.42820646208656,4935.9504214961544,15262.840130370489,9738.2025186096344,409.72650125600205,434.64279965948117,540.26803436176704,68656.111694147869,0,1001.7239131158553,121.82241881494927,101937.7166382943
365,1283.6287592124625,310.32344440160637,1949.5370941457925,2700.2382542184127,242.42089394659661,824.46291551959666,227.55633058725934,35225.17299193611,0,139.12095700489687,0,42902.46164097273
366,522.23934276372995,1070.4962658235377,2846.5706791635357,2904.587186997795,78.947787858467649,197.06773703127843,106.2330587904693,10833.724383776203,0,340.34183483356657,0,18900.208277038582
367,4618.0862759545626,2348.8444782075035,5756.8073558067981,12765.857724946041,1663.8242581207303,2226.6237950313675,270.01788663980386,52370.842366087636,0,1394.6787643860935,0,83415.58290518053
368,4476.2303987525329,2224.5078552204495,6541.8991809418048,11649.93845014418,2296.5015012327335,789.19020236886013,702.46110923680067,25442.953698600886,0,279.64966666944338,47.59646040394783,54450.92852357164
369,7908.7684635374499,2196.0905335643793,10333.716107041919,20890.850450794107,1402.294276981268,421.6330829302284,397.06839415754246,39322.690093987083,0,761.10770022990391,1020.06563275447,84654.28473597835
370,4130.3041600828492,8333.4407685916885,11644.402289643986,17435.421671420394,2352.2506842953549,819.22823712004299,2733.2883626153844,42499.934782147495,0,298.91551838797596,0,90247.18647430516
371,3283.3168233259435,14304.660125162645,25414.358893534783,30784.578270227681,1845.7841569001907,0,1578.2532233748288,59432.524779872976,0,458.08678549789732,0,137101.56305789694
372,3336.4961468880538,10609.558330403353,16314.121615674372,17014.295542403084,3052.9506703747916,1360.0810855937902,2467.0767360345944,24527.134360266686,0,1698.8919139099448,0,80380.60640154866
373,858.61587501377699,4114.5823535974123,6911.136809298986,15169.633376108693,720.54185955717855,0,0,28853.888390412107,0,461.97962512697387,22.358025087919529,57112.73631420304
374,1525.2980465189703,378.00482954961711,12154.86025468821,11390.019418192378,335.72689033838117,665.83703139082945,193.65395160034043,53444.159081573656,0,433.09181416013439,0,80520.65131801252
375,0,0,389.57061364513618,0,0,0,59.809617847569513,38096.55712756631,0,122.24957902318417,0,38668.1869380822
376,12167.544733968463,4953.2223193227537,14763.12081907739,23011.399953694654,1043.7657366919193,6450.9266174033819,352.88103976463788,59823.361656139743,0,5012.5480391945212,207.30425511194161,127786.0751703694
377,6199.8929952446097,822.12854804548647,8100.9932592720725,18471.229415702928,304.47831198245541,1647.9351071199717,0,45255.415619893596,115.3654201623733,1851.0496944078618,0,82768.48837183136
378,17451.207959674608,10039.535499386988,24419.31876882667,60555.997772903102,7713.5066731100806,8727.0303029855477,2907.3917449956034,112029.31212205754,519.10274804814435,1359.4878822389951,157.58589805905467,245879.4773722863
379,12701.271690622287,1691.8378942492632,18673.331365835686,29106.100852953896,2114.8077635600589,5915.8665664014088,2579.1801699137641,70906.582826761223,0,2926.6884173150997,483.69021554077329,147099.35776315344
380,7045.9080181653853,13371.066550547079,7873.8973456833792,13523.333490222736,4336.4942487538774,1622.5958384945168,269.609267774579,21892.597796199698,0,0,0,69935.50255584126
381,10169.210428831688,10365.900374078665,19265.014131196473,32007.792615650596,9684.2997424448768,4048.4042038756761,1489.9077199794815,33829.97720251901,0,2966.7018587933626,0,123827.20827736982
382,-,-,-,-,-,-,-,-,-,-,-,0
383,10249.841702527568,9686.8847486079649,15701.246405008747,27781.594293739025,3357.6083692472553,6991.0235057675127,1746.2898070236686,37041.967990179255,0,3456.3538401143292,0,116012.81066221531
384,2214.3100513245445,9638.1678191967367,20686.380634951758,27235.220364100205,6809.1643784759472,5075.6463209451249,275.1954904551605,36911.302534540788,0,2474.8665829898841,0,111320.25417698016
385,2431.809436134653,2303.1487567859117,7029.8916805701956,3903.8327923769702,170.88632092704182,67.814231125891467,231.71049071385841,11740.489141772032,0,970.40098642457201,0,28849.983836831125
386,-,-,-,-,-,-,-,-,-,-,-,0
387,1308.2576566900188,156.1675354681598,369.10058556022977,1264.5359833611024,382.18295862906916,290.36167853606128,52.643117777398672,5598.8783118077436,0,0,0,9422.127827829783
388,10544.219892437952,7459.9464672091008,21964.140763417807,22098.397810916362,3390.0814764484912,1084.5883857087817,1187.5016939001898,69069.356920021557,782.99417502456072,392.89981369999407,0,137974.1273987848
389,786.04492309209672,501.32555630536797,2799.9722194915876,865.4293155656145,339.97324125962047,307.15507583991274,0,5760.6975210901883,0,38.523432901355996,0,11399.121285545743
390,4458.4958618934306,1644.889366200232,11835.213309092682,15284.253258692037,1563.0056563891562,1703.5414327353278,287.71452137558765,36946.22876092908,111.32116439350912,0,0,73834.66333170104
391,1455.7294935424923,232.47242798579066,1093.8983029304118,2395.1300106463036,687.09034647582473,679.4122595094758,402.73266414167813,2670.7430816187371,0,329.64586708857382,0,9946.854453939288
392,0,0,0,0,0,0,0,220.19514801059745,0,0,0,220.19514801059745
393,0,0,0,0,0,0,0,631.84702103114387,0,0,0,631.8470210311439
394,5783.676701591532,6552.4776120159067,24844.774228691214,30882.134658064806,3816.359097426975,4804.0108030646843,2777.7851000848673,66946.66741985979,0,3950.9964525557807,0,150358.88207335558
395,0,0,0,0,0,0,0,411.94431941944208,0,0,0,411.9443194194421
396,14234.292815940642,12100.185883950944,23486.493550326457,32989.215510310198,1581.5223918191323,2452.3482397581574,1101.3417545306206,52055.923367115109,0,5491.3429597234372,591.28170775223111,146083.9481812269
397,2184.9165814655771,1107.7198697251129,6795.9977505161705,8974.9741238278548,687.12614271740085,678.55042705966605,514.71787112159018,10599.90200976473,0,1395.1631443950282,441.08164017121862,33380.149560764345
398,9950.6078805422167,16139.421989390774,17706.742172469381,34735.359004494101,2976.8543072785642,5441.8581776186984,4633.2412350170744,77734.105021170355,3007.4287266931465,1548.7025576723688,2251.9626901189636,176126.28376246564
399,10860.322893555403,9564.0864689051887,15344.312816639214,44398.3527102312,1926.0889219660235,2618.1602055916328,2324.9726397811792,69856.987431088812,827.31860455986316,2490.2172761293054,0,160210.81996844782
400,8042.6112354930156,3770.7612891873368,16853.971268240537,28982.917482429104,2774.1766698247652,3072.1249912205744,5116.4334223864234,65669.392620702405,0,4095.4489764350828,381.18933177895065,138759.02728769818
401,14061.471884038579,10331.601613635095,18244.559035933948,44665.63216073536,5155.5721647558412,7543.8189549988592,425.77543618706892,58842.788572402278,827.31860455986316,4221.0375632481919,52.316794690564507,164371.89278518566
402,13463.133589966812,5259.9881075103121,11243.740473161013,28059.577508807251,1954.6891778763911,3769.0899986448708,1837.5817307121124,39830.840814674259,0,3343.6772344721785,0,108762.3186358252
403,15104.667733034581,12829.338600371926,18891.760074320115,49132.630235756602,5449.7863193970998,4080.4614300372436,2988.1911343451811,77875.192425593414,0,3239.1060178194211,356.762237996951,189947.89620867252
404,17269.289267517761,10078.933468591438,52923.648428436951,77295.868397494705,8729.7716724847342,6733.2096290597046,9954.7876215098076,170665.01157195272,0,7879.0583299277241,1220.2365904631804,362749.8149774388
405,5548.5634774847485,2492.8790325239152,3463.5833684852246,8745.9373768212572,526.41059944692688,489.8533401610739,0,21878.694745163775,0,879.76017091421033,0,44025.68211100113
406,1901.7604838455288,889.80048650412118,3601.1390284748895,6215.3927085787427,606.638607557157,192.41441700894879,253.89803211927119,9613.9349125588888,0,522.19892182460126,0,23797.17759847215
407,6173.192028900502,4611.8045925383776,15601.564983536453,28432.131023792699,1147.8807429398089,1388.9222607420791,3077.6535650096694,96056.424616479504,0,4839.8084202284854,1094.7491956576396,162424.1314298252
408,2677.7518952717483,3080.4646606038204,8961.0257334426788,13764.908451605574,1275.8942888995468,587.6132186855283,852.75855366177996,48604.499704290683,0,730.53414393278229,330.70273392838146,80866.15338432253
409,1980.6798444740139,1960.8953938811724,10322.566304676204,9250.1458962097404,4405.9539682107661,149.4989381598231,2879.0258740260433,35148.174566915208,0,890.42261159375096,101.74135024790613,67089.10474839462
410,13912.098305652939,10026.699459981801,28621.791347404313,28600.582138255937,59.098146945152031,3413.9739458462946,361.92138909666772,55339.609129742159,0,5364.3156297236974,0,145700.08949264896
411,5009.4936110354802,4822.2464039604902,11446.931250741996,19670.239938657684,0,2684.2891728040572,717.18199139727994,26411.345536564393,0,3060.509187006955,0,73822.23709216835
412,983.64770618766738,1732.1458808777579,2903.7719268244541,5866.0153895799112,20.16338115888037,384.51518827666985,0,15641.599089008589,0,2419.6902850028382,0,29951.54884691677
413,519.99415536226968,1348.159133825789,2683.8066553139683,2736.8317168723888,215.8944353832533,629.85425103674095,914.19947360714536,7881.9201955295475,146.96755439707886,400.64612445824537,0,17478.273695786425
414,1982.0307434388801,925.28978332355496,1933.0313450213853,3536.069901726939,519.599769895794,1630.574657270884,438.31222727187281,5464.4061598511189,0,921.73882902336823,0,17351.053416823797
415,1063.8279105389188,5989.2792805948275,10813.912607645392,9322.3330966724843,1686.6114406735537,1243.8376022258105,970.81956466501958,23871.081382154531,0,504.25740445956541,280.54741558625398,55746.50770521636
416,1558.9338095635972,1249.8524043659172,3242.8927181612266,3919.1309503079997,0,390.19162120717647,615.54856522671412,11456.501108018674,0,224.35015866421082,0,22657.401335515515
417,0,0,0,0,0,0,0,439.32143998154925,0,0,0,439.3214399815493
418,690.97327274134216,2102.0171651992405,3588.8317541639522,6855.0535896876027,164.4784821760895,1089.7818498073564,95.802454762260652,13608.461882508238,0,2278.1578578703366,0,30473.558308916417
419,0,0,0,0,0,0,0,30.928561100490608,0,0,0,30.928561100490608
420,439.83000070023041,694.05892215776714,2448.9270179957575,3686.8555126512174,1200.3124450419755,55.717089396468765,339.50562153258988,7689.2527412991931,0,161.75496804671323,0,16716.214318821912
421,0,0,0,0,0,0,0,104.15423817265385,0,0,0,104.15423817265383
422,2162.4822636163558,1324.896444636852,6454.4286596653228,11254.528889851683,1003.8364473722844,1175.1039197356904,688.73844857681888,22969.636555611156,0,960.18748709250838,0,47993.83911615868
423,-,-,-,-,-,-,-,-,-,-,-,0
424,1577.0317870020813,6378.8272599898319,13566.390192314911,22609.265588741229,3934.2504253959569,4975.9619897110606,1680.3029190388784,55148.74228640151,0,2006.5749828172873,1517.0188656182556,113394.366297031
425,2543.3796702894879,3841.3435761597884,19511.759950362713,18343.290305273254,3666.5569023767625,4314.0562966732268,1385.1814588628993,37377.515972167967,0,3231.2635447214479,762.87199988120392,94977.21967676871
426,1592.7248540156272,2749.988826049685,7066.651259866906,14698.098834670343,2730.7741452032874,3759.3970574404029,1607.2575478575104,34921.778191601377,0,2429.0400904582766,0,71555.71080716341
427,404.7745584196507,695.69802859430047,3136.4986585495681,3783.9937694816067,1578.0170505932344,668.83564100361639,174.73715911379477,19571.357588142233,0,345.15040019069784,517.98416254554013,30877.04701663424
428,1898.8893785580335,1234.7091869811509,5855.0955980398649,5744.466109584182,1152.3089133642068,1371.581505646453,1215.1461568100826,53613.723166840915,0,1640.0470474232695,339.55123979524194,74065.5183030434
429,3836.7724026773158,9397.6423481154834,26106.128740706579,20557.417756918592,4881.6248297240782,2440.0579369335119,3530.4434842066039,172897.21310834988,0,4256.781406940192,6023.6461199880614,253927.7281345603
430,2603.0073978502246,3611.3316841974311,10117.334980793981,7031.1356554345784,2636.532853085992,1230.4484294032331,2378.890054919746,16857.275159104673,0,3177.4063429025405,1535.0514235101541,51178.413981202546
431,1312.0769594653805,1714.0952261265584,5841.9062220091655,4421.6358974785589,1760.9766274984593,577.94391481625507,150.73635505597704,25286.378697665583,0,1056.0043791323581,1965.9385270617158,44087.692806310006
432,581.02833766718629,3818.7346041608125,6365.7779027796423,5364.2555836638194,1949.5313733498674,1137.5388545256174,425.77729560979435,6746.8348576318049,0,1298.9544952521712,113.01973218588421,27801.4530368266
433,652.10128572954591,3003.4629155909106,9484.5491493364643,10064.184346234251,0,1436.8439447414098,771.84302423307872,23081.038715045943,0,1826.9704365930547,0,50320.993817504655
434,4165.1992453179473,3351.8234967261169,13687.922570401441,10499.590938398471,1545.5214446362197,2636.8423218884759,703.7791223380575,34938.479599933606,0,2058.1089549970006,972.72982115516697,74559.99751579251
435,4943.5328274888816,4593.7123375483907,8885.5963119178195,16805.290873398968,1929.9576776653294,2534.1861849351662,1575.9884244954869,32016.065380767031,0,1350.2681642553466,0,74634.59818247243
436,4759.3310767478133,8181.8015516783307,8682.6750482927564,12370.549908482162,780.5906067239888,1957.7991471297648,1918.6915405936711,25786.76394981164,414.64814670786552,2948.542677561637,0,67801.39365372964
437,5215.8009962406604,1979.4599220760122,11084.428281744822,19432.121903187312,3195.1736070395796,1216.9072241501626,0,22683.736592857069,435.72484067649424,1739.056996832933,0,66982.41036480504
438,5647.9178298939078,10886.745024193318,29322.592262155718,29271.673080673954,4846.065229401589,9586.7891248808264,1053.3157319756838,70532.891732110438,0,7120.6530464157313,1059.6588662668528,169328.30192796804
439,6882.6379568097564,6220.7147128350007,36911.954588332039,34547.942648422009,5389.3962533103968,10493.936150294667,5234.4424249536532,71333.841906511996,0,4964.7885293332047,974.73929216670808,182954.39446296945
440,11129.010328733988,11351.42701125729,21652.857589238811,33357.428025730886,2968.8131969559172,3436.130473448698,9347.7720581132398,51423.530778938955,1491.4058525256128,0,1681.9156722601817,147840.2909872036
441,399.96368533656545,60.869409718577892,610.4458453210633,423.63550808887652,27.997778403118595,141.76395167151151,33.640989913460167,1249.7044545367926,24.629898228468068,0,0,2972.651521218434
442,6439.626263972802,4363.8916642015784,8675.2226371778124,8422.9954898955602,1520.074911319525,2591.6082367906274,1181.4143342911054,62703.970603923255,0,813.44391753597051,0,96712.24805910824
443,13028.534325787457,11052.966934314258,21118.956858080979,36513.043959551469,4922.4450329310584,4584.3847475927923,2935.4774871374639,126584.73011215145,1684.0860948544534,6290.1521040602547,3508.8909306223245,232223.66858708396
444,13219.863495378957,11314.407498109416,34601.528195406281,24494.049552670796,8793.7809623822559,6113.8420213322743,3953.0654202602582,55471.930876423183,1252.9665805263367,2677.3479290061478,319.19110087919694,162211.97363237513
445,5177.3102416046613,3203.4537639639975,28276.972385296496,23344.583048850727,2977.2299590052939,1170.9968167125817,4438.4994244292502,25176.842102287708,0,270.77748660452869,0,94036.66522875524
446,2760.7068906827503,3209.1244290299837,1990.1161326988774,7037.8874615480872,724.47896558983609,874.69471913292102,805.09994328170944,2698.0364148790622,883.73343634296316,462.03197794199258,0,21445.91037112818
447,4208.3624471624562,9036.943567375416,26542.104380991193,19507.435990843114,5904.2005859296696,835.43275088045414,879.21037493597896,70668.537705278184,972.44282975193073,119.91709271711865,117.49414395513448,138792.08186982066
448,3777.2791288314102,1151.0393054432077,3486.1729976303995,5539.4139577699925,558.33457069686619,1588.5736917468489,553.12611411256887,7866.2234158315459,175.33577898624571,384.29590267814285,437.90248212300094,25517.697345850236
449,1527.2845597405478,626.07602973152689,2734.1581036137186,2868.9169378142778,628.63582183121821,118.56656515709585,322.57028013012592,5379.2975372785968,74.932053555786581,975.1848832973343,182.71972016818319,15438.342492318414
450,1660.3768805333582,1351.6573271362479,3330.3978222377891,2556.1812697521536,510.32415504066711,134.68279324314929,226.94914391614938,6170.4827054709031,0,230.98433076014189,896.50137138216746,17068.537799472728
451,3211.6257462920157,5671.3094566567679,9573.7013806760569,10012.819036364217,1262.1817599627923,468.46731493863922,1379.2784447036483,24610.137478372908,0,240.37549385890932,801.48976878216433,57231.385880608126
452,12395.448494982091,4617.4760766050631,20676.657924981238,40365.844918486488,7727.1104544069203,2592.1647677739243,4432.4585159839025,86445.656411357399,0,6267.4142647275703,0,185520.2318293046
453,3568.6181249589799,8667.0115371209795,11757.165188884181,18852.135349870219,2026.9166395972661,1529.2352969117392,1511.0172442393175,52950.630997964094,548.38730016819284,7567.7390241709109,1042.914395216091,110021.77109910196
454,3679.923194096662,4643.9437569200436,13434.164028773421,20054.249427064871,4099.455449564015,3785.5574094486228,548.00688608847531,54784.320046369874,0,4462.8442084146109,583.48773124532454,110075.95213798594
455,500.87368023128647,4287.898492225745,10827.97505853917,21097.104637341203,5054.5182094862321,4236.4870382042127,835.99210394376985,68640.73479087255,0,5658.3925616305032,645.22906626131169,121785.205638736
456,6531.2327169646778,8633.7743495890209,27739.096276233511,24607.186805835401,8646.9847667546037,6003.1830322168107,3063.5491861414052,136367.62286467143,344.34407402324592,4316.6187380954034,952.92183584468603,227206.5146463702
457,16699.823605942278,11917.38311325734,31278.44298795324,51966.668040984783,10779.163983106144,6647.8231315078574,5042.077058088139,68423.961152602278,116.29357585043599,5839.2206566397435,1001.5034208899633,209712.3607268222
458,5126.0854935861489,7698.4145249976109,13342.666833345107,26660.271217662543,8671.4414205826397,9594.7622459766717,10479.080981957277,84000.13833034315,0,4223.3817466930586,1188.051675513723,170984.29447065794
459,6542.1202057517285,4017.670827482154,8794.4734858301654,10045.223087250983,1002.3387675648896,3022.7602027902353,845.99251590315316,20204.844936265439,219.98171109831461,1307.6416309431279,0,56003.047370880195
460,2957.8694222371805,2105.9699591830895,2802.0822791445926,3919.7791829200869,1578.7873369367421,1646.64084041561,1828.4529163220272,5555.6029765622525,0,711.48998215253039,0,23106.67489587411
461,0,0,0,0,0,0,0,3188.2874144986217,0,0,0,3188.2874144986217
462,13779.958745880871,8957.9107644464802,30514.294223970006,40810.379161662335,6642.765106561983,6165.9015336311913,3564.9512444447505,76514.444765682114,0,3745.9024669025348,111.32625934513945,190807.8342725274
463,2321.5595790164007,6340.6349708158705,23029.24734667805,18779.045239837265,4374.6572050828036,1589.4403622838147,3186.9075734335247,110469.15455455723,0,2767.6028753474047,2635.427510628876,175493.67721768122
464,6910.2956646100038,5022.3599136833982,10768.563002597288,32481.021188141083,8069.6435700734291,4967.923579893315,1777.0568585227934,56291.331258959734,0,5906.8647552699795,0,132195.059791751
465,23052.044613551658,7666.2712708957069,15841.903773134056,34061.820499500995,3650.2404200419387,4667.969667518938,1151.9524741708092,73125.003613105,0,2754.8696073691253,1975.1631485184334,167947.2390878067
466,8823.8503368252386,3955.1087638932609,7208.3091024244222,23537.84385101364,2807.9952204577048,1181.3393176608015,2217.5486908090297,49794.364830682127,0,3870.8333824176621,0,103397.19349618389
467,13412.357264797001,4063.7907928556906,13710.87160043648,21169.539300981236,2482.2494093435266,3453.8042591652516,1017.2449679432153,29974.401404470409,0,7649.1654198153483,0,96933.42441980814
468,1770.3196339880642,3827.4631099010458,24517.503518485351,26119.513974692098,1714.8781732890923,2569.3060327978451,697.36826496977847,67834.22193834043,0,2903.36138293163,635.15182748430993,132589.08785687963
469,2044.7345182498855,499.46366565931737,12553.551451643005,13801.304272253738,0,1763.5600778667281,47.408611252270624,20052.750619659015,250.92907711004204,480.97238989195381,0,51494.67468358595
470,1033.5969650359013,446.72653086175967,15510.583040318756,41813.203050173623,653.49701903011896,2211.060274020967,75.994741967190691,44711.933157826665,0,5356.2220568146058,0,111812.81683604958
471,943.63058470318902,1261.759394810003,12106.589011656195,14499.604680225886,380.25367617519078,0,111.37571734523776,27347.860817972902,0,3037.6174851135142,0,59688.691368002124
472,2611.3498933424603,8731.8737944327004,11421.173213065837,21716.019023685207,297.82100209408657,788.45651392372793,0,22518.603795211584,604.36146739766741,2197.9805674613972,0,70887.63927061469
473,7519.5394683087952,5806.0133431400309,23426.490566964563,50627.709077639163,4751.1382127953257,4294.4179933711057,11653.856478641865,69356.322459434348,0,11982.548771301466,0,189418.03637159665
474,4550.2950757830849,5070.7835514481185,9474.0521830572925,15782.241339043698,1183.4655439853461,1428.6093303333089,137.18803235744539,48444.412817325545,0,4047.774028023814,558.12411507009142,90676.94601642774
475,2822.6775410155406,621.85440337438399,4111.0977436227404,3371.2431669563957,910.91457894943596,109.10424475874598,135.35102062051979,11587.628805129541,0,640.97021284033769,0,24310.84171726764
476,858.30369589500845,6022.8717260494477,29029.916411363269,54228.667133740768,1078.8493435863186,3200.3244319272872,3080.4681406174504,79905.994762563641,159.210687695811,2796.6798429535006,476.10512612062416,180837.3913025131
477,123.43355613736307,150.44202002223886,613.6742482986607,1588.8577979818124,202.45577281662477,150.30339724668423,0,1842.6670071042604,0,85.899098240230046,0,4757.7328978478745
478,278.24337093651167,99.748770321323704,1662.5807384730058,2266.5584260230553,16.310862074571261,116.15376143932227,0,4328.4507877254346,38.459295838989036,136.35308383391595,631.19514144528682,9574.054238111416
479,129.35094605553508,386.38026035091355,4833.2730643735331,3438.8242505691646,356.39360337236866,250.59282930977398,0,9055.7257994833217,0,152.46163552152464,0,18603.002389036137
480,1785.3195976889544,1950.9672918496883,10440.766568420364,7246.242358552995,2585.6959253148989,4163.6268637734793,0,27481.005493001529,0,1152.4285907250335,113.21537287753308,56919.26806220447
481,1122.4811963000664,388.13351366113881,6441.1835028859014,6318.5335499648609,388.78512394379004,914.36054904313494,725.95018016006691,9570.8980388326763,159.9180715118722,615.46258320913978,0,26645.706309512647
482,92.498734425934686,34.977021800433562,1257.2235885912428,1377.2030067264886,127.83563996092269,115.8710569380037,398.96957491038245,2688.4990254823288,0,532.34199208418897,0,6625.419640919926
483,833.54854498579152,1033.554677783537,4364.7891263489491,7888.679565123246,333.68222649621822,1287.451146403102,0,15706.903006417999,180.97311904871179,1077.7039937139664,0,32707.28540632152
484,-,-,-,-,-,-,-,-,-,-,-,0
485,-,-,-,-,-,-,-,-,-,-,-,0
486,10049.223250090683,7332.6236891071067,32034.648588464876,39384.137636300424,3369.2108814061417,5750.0065532038652,8250.1642156116468,109566.8192387273,0,3154.7624574784822,492.36761731803529,219383.96412770855
487,5121.1860265174328,3077.8268782827481,19817.299546754508,24434.806255640557,123.21919704630038,901.07325308802945,1089.1790809448198,69203.238668431382,0,931.2459843874675,100.96502283877896,124800.03991393202
488,0,0,2586.7046777215996,3597.9154049015974,0,0,269.00121298035378,68224.220019891451,0,0,2131.1493162213533,76808.99063171635
489,0,0,233.31902575702333,0,0,0,0,5116.4919668861385,0,0,0,5349.810992643162
490,3323.3781161994111,3094.1025704128378,14731.319651387912,16707.013315747656,3092.2080428902373,0,1091.8788710599731,25569.119719928342,0,1096.5369544810446,0,68705.5572421074
491,3116.9506440950713,4223.4654362529145,17441.345229873754,16362.88943672823,414.82556123786446,548.40869585535518,5814.9289435509136,33843.648506417958,0,0,0,81766.46245401207
492,1439.7850078613267,1144.9407085709981,6364.7607038646411,8645.1125885679776,1053.7025211278142,874.95289926538942,2570.7398999910693,23879.254790961328,221.30167712838241,1700.1635197669689,0,47894.714317105885
493,125.61697489042089,751.20497339829785,1055.0506458402447,1122.6492630512364,176.81190079586486,132.05471745520558,75.24820836907827,9668.2493902879396,0,33.279384067846138,11.484318112060107,13151.649776268194
494,6444.7076921268272,7169.5506298795844,25438.805510742488,41107.691713432694,1853.1000355536371,2449.0073025280408,3520.2368694546071,46554.901843319589,0,2573.6791444287733,645.79820981325122,137757.4789512795
495,7421.5291505256218,6086.8976748721052,17776.05685142248,23963.864028193831,3917.0808645735456,6151.9336164544602,1236.6604747350677,56647.133597846288,0,6055.3537446998089,0,129256.5100033232
496,1906.4237675601482,5507.8656830960499,17174.18401106547,12827.954689625041,2131.4606820583267,1256.7407244706087,2700.8414180834648,37677.237620495238,600.42091168482114,4528.5641878987408,0,86311.69369603791
497,4880.5241381556771,3475.0775696321957,8715.9336520071174,13402.533020763469,1074.0461936756656,787.46761397896921,1616.6081474124039,23650.483387286902,770.95215431342865,234.80999281122229,0,58608.43587003704
498,3948.0880034349634,5710.2547010540575,7398.0286963031322,16917.169810569256,3165.1314319373523,394.78546863128196,2616.8832659047212,25029.339576940951,0,1357.1858088577301,0,66536.86676363344
499,181.20528575737018,1701.8009954754016,2307.0332137368182,2576.5713033042216,237.63450357682427,721.82883699113427,187.87214356816665,79070.921915211933,0,720.77027777664239,746.24765837440543,88451.8861337729
500,1193.3013069340973,1662.194938474614,5802.6297453823445,5737.9968074023218,1563.5602225708835,428.70480467429104,647.43571878992168,52959.703802286909,0,295.66990157008058,292.97458233298067,70584.17183041846
501,1649.9312025710235,3118.5227907966969,8238.4590855178212,13265.137660698379,2047.5972178946342,2086.8014195848546,3404.6572038223667,24938.922122987744,0,3643.0301008232518,532.55156176823141,62925.61036646501
502,1459.2647963645175,1976.5158272965152,23684.189599990215,21365.220031308712,3047.2717447385744,2461.5087563167699,843.41462398254703,55229.809824285607,0,2988.4292326170698,384.12513698292196,113439.74957388346
503,2674.9004024992391,4085.9089413552874,8958.6402899391887,10539.31715227924,604.39384221083014,1090.880810948013,178.25620028802109,13923.416927813671,0,318.35778274376787,0,42374.07235007726
504,4519.8796609811016,4532.3168505277881,22662.498300967189,23419.043795683163,360.11900926531268,1114.5361949113317,716.42663464192128,34820.671991457973,0,0,0,92145.49243843579
505,2449.537621682467,10176.894810808599,28453.133264348504,41591.841411587651,0,1105.4300220504454,2034.1045912008162,37349.324367605586,317.26685642825811,353.99819482048946,0,123831.53114053284
506,1300.5378214237776,8831.4723152712886,19894.633139630572,22416.700525981607,4773.7411377197323,1176.1066732557908,519.43182165675682,40950.153802808796,0,3864.2163468640629,392.39918411408536,104119.39276872648
507,374.6808389090088,1176.3091224558057,4094.4622343497726,5961.3581209801469,652.32012302374596,475.07409542633934,310.78789267203302,7914.4429938618359,0,329.89714068430135,0,21289.33256236299
508,2089.8515177851277,2023.2350706657671,3535.4659370210316,2442.5430996616533,1282.2201630958293,174.96743939254566,317.80342249948455,19404.536696834431,0,546.92620088825981,652.1028255887328,32469.652373432866
509,5327.3817601282444,4894.2784946225802,29124.068618233017,25852.888285029534,2830.5628726378582,1480.9641077837368,1706.0792918859215,40831.482103018308,223.86650291252894,4778.2039649947428,95.185369070212985,117144.96137031668
510,3605.6953202056643,3273.0299625880261,9484.8076943672968,13443.393574988455,192.79615121052703,2306.6684965079148,0,27346.968306916497,0,744.04446162479371,0,60397.40396840918
511,1623.4924111350697,5589.6587657119408,18678.805941053153,11246.056969385159,2431.4447815603485,979.19829704509175,335.6314927739715,23250.229435757421,1739.8514996409363,210.11232385196988,0,66084.48191791507
512,2469.7627612001397,4072.7358684423448,8843.0060099074381,10027.578667873047,407.74305860997663,391.69348511585406,0,18754.471806362861,105.82754668932758,1119.8555716661886,0,46192.67477586718
513,1220.00173613897,321.01792770891774,1841.6165163455607,3437.7005401854121,66.627690031982979,536.28102260026981,347.28232899612681,17561.660076863955,0,352.21417796404518,0,25684.402016835236
514,14231.812248768818,2341.3487441017428,25699.347462567435,34339.557635079545,910.35076582024294,312.93663670469908,3950.300417293372,36197.998736746442,0,3541.8195670179302,0,121525.47221410024
515,934.93172342345861,607.49234147387938,3040.8824966393508,4942.5585700660158,686.02032144480563,180.58263298626341,256.43215759074764,604.07422961303007,0,178.47282269642363,0,11431.447295933976
516,634.30547131770288,1371.2215733980149,9386.9579779318501,12780.212826006591,2842.3479459199466,264.04691856335921,383.2017442650785,38893.924096867551,0,1688.0015846265062,383.2017442650785,68627.42188316169
517,3924.3413291610718,1371.7772253163625,7391.6942047272623,9183.5654248078172,1170.6002352538176,0,448.78881264960876,34536.645779125793,0,1367.6601489652746,0,59395.07316000701
518,14108.734953974432,9173.4765881369676,32473.975941413148,24822.185145732168,3595.6689548357672,2141.0767556308956,2307.8117502237274,81150.203703240099,0,6422.2529008115816,1087.8306377220931,177283.2173317209
519,861.48805017736106,47.647277424557473,1328.9584770219435,2368.834154214012,222.15509230509363,1231.2383573054599,0,3378.0926717966872,0,169.53386237143522,0,9607.94794261655
520,0,0,0,0,0,0,0,991.49012833917971,0,0,0,991.4901283391797
521,2999.3236490474956,2307.8407828156624,9390.0000897193822,6420.5568296421352,168.20163656561212,1815.395272942048,0,18854.402469325545,983.19284019358429,1061.2936394508447,0,44000.20720970231
522,10418.170764176668,1024.7071535300861,12677.79338292363,16124.68096008839,2891.4721004603525,119.75175956973108,898.13819677298727,40284.617832291427,0,1043.7326300404457,0,85483.06477985371
523,269.18408204932928,0,1816.1019477710242,2484.9022248493657,127.76952421668477,143.71532525095375,808.58032154726675,2325.1510374126483,0,231.42148472031957,0,8206.825947817593
524,5688.7326038981419,5913.807482913181,24598.883685081506,43996.045188132528,235.48939239595586,323.06372879280815,7501.3899489916457,65427.555178328963,0,4614.7314261106367,0,158299.69863464538
525,11189.81842698641,4328.6730393996104,26993.325158582851,46839.645995737483,4663.0043441008438,5325.5821795125985,2123.6306270111254,88611.239776075614,0,1293.6170170553155,0,191368.53656446183
526,13477.103456738296,9977.6877807180317,34619.284286533883,59721.172253734818,2587.7803747310923,1851.077636039623,1804.990722868909,100527.73289558695,0,2415.556408710127,0,226982.38581566175
527,928.00672003721741,696.28115756279874,4409.8461493005261,10642.123637077408,86.413162098008755,741.47684827497528,121.09680113186704,12345.642248064683,0,470.2376875096719,0,30441.124411057153
