origin_zone,metro,train,bus,chartered_transport,school_transport,car_driver,car_passenger,conventional_taxi,ride_hailing,motorcycle_driver,motorcycle_or_mototaxi_passenger,bicycle,walking,other,total
1,42627.61505848011,968.3861208047115,13715.163647779447,259.25864774936906,38.13096377646018,8259.845482460265,1365.8715653458453,270.42332387483737,2569.226482810958,2502.6225324584575,609.9614195116718,154.8292930200654,17013.37865057556,0,90354.71318864785
2,25391.452433526803,6939.075826506081,17118.54878896385,175.65818668929614,0,12789.584134346624,3523.5453649109218,408.390629993326,2035.4550314195249,1405.4585302449125,0,550.2399224345357,12465.964928904526,0,82803.37377794036
3,17627.990033234186,0,2863.8869845354466,0,262.4240424274942,5767.304648944834,648.0983152593617,31.922551405378748,1445.9586053764622,2115.815233125679,358.8989174162792,1800.2185827061453,15932.56536660222,52.0063693117338,48907.089650345166
4,12703.94766675078,280.3221630566695,7495.272581688435,0,0,10151.26397172848,3760.5305021327417,1141.6624948338022,1989.0195956529897,2659.238813050857,434.61875267369567,296.8667848793828,23433.849128102964,0,64346.592454550795
5,54647.841613577475,3982.5002281014927,21319.240740976144,0,0,12710.12612861317,2240.992405636322,320.1199222794846,4428.375789547302,1365.7751103202245,0,1063.685388330532,22780.242594722276,0,124858.89992210452
6,17440.29842432936,9303.010208883064,11320.260155058346,0,287.5503111187992,7834.279746522499,830.282184398835,38.20485005483034,812.4643304097091,2109.265064870343,0,4727.980171761908,12495.989576783568,0,67199.58502419128
7,14907.262745404114,11774.837140615946,8071.155299936508,455.19017571508135,376.70505855729,9034.129590826156,2324.182083297795,529.7697175097971,1091.8770204411765,928.170623671576,0,515.6930679646182,11541.18157821636,0,61550.15410215638
8,1908.9479327527229,2340.9671458030907,4055.909259554822,0,1168.2540420896903,2245.8363725563986,821.6540020514083,32.47804158988811,533.6371337483831,746.9331665038737,0,895.0828037659363,14303.437458534032,0,29053.137358950265
9,8157.704505442532,1190.6762025437436,6739.898528643563,0,35.59175568508503,5235.324371052936,1010.3397590915732,262.52759942358875,936.6205542009858,1959.6092150417855,0,913.5378207052106,4749.886241365819,0,31191.716553196817
10,7356.062049626824,144.70404127514513,4299.412880777067,421.6527851473384,921.5451214861245,2702.043766439263,414.2522916288154,0,852.3962462638224,54.47598860016386,9.680375268131504,668.0185363910788,2624.4316131954315,16.717339791479336,20485.39303589068
11,993.38119099331,1257.47565723477,2396.5681726751845,0,274.68510693444483,1401.4780210762333,412.7745321261808,62.095661509400415,487.624123318185,73.04995788217957,0,878.3618876790342,2454.8114676054975,11.718349008790764,10704.024128043206
12,3213.8637014660267,1681.234671754067,6607.594303080291,0,142.32827343328117,10934.584431863355,2799.861137197565,63.8706885906309,1797.1350843399248,644.6049093798935,540.8307040568925,619.8620872568096,14226.80749016291,28.4356888002701,43301.013171381936
13,3633.6270153510104,11545.299106230828,1629.4943257899222,0,33.56766104038121,4651.9002509269185,3478.1716707866476,0,2045.5361886183205,1413.5496622735598,0,555.5222443869202,1779.901613334387,0,30766.569738738897
14,4862.20783267577,10642.155906127147,11700.35260715928,388.5366240759097,517.2819051371677,4794.079420228124,1002.9209144840628,71.6999988049663,555.240690810153,957.1087239586964,854.5021331050056,1258.5660228697425,6989.773040686148,133.86152184308935,44728.287341965224
15,6070.887042632308,4937.008139707981,2450.095518026568,225.71417855694204,457.7408071985088,4294.3090091753465,1106.3179231351276,0,432.3027129247045,1171.2708239455849,0,252.0849374202661,4050.3297456940322,0,25448.06083841737
16,7247.804737731631,3960.1187449281697,8989.499660118307,0,1131.8294159529626,3673.894233682761,1414.5374201235256,0,1075.1880237148512,1348.0466392849426,0,1063.8529271113316,20308.079266390636,0,50212.85106903915
17,3450.2256952580356,1825.7024018331656,3827.2674608934585,0,50.21325294363941,5141.589979118045,491.20673000120263,0,876.1252543185296,48.41152935907828,0,1049.363347374804,7855.370435072997,0,24615.476086172945
18,8831.810200766384,3410.977189833784,11433.75559280382,0,901.8856325651248,10320.139074082375,4888.318093578149,178.8975312131447,1408.4223709134055,781.1813149256872,286.517199387533,2166.150405148032,20705.601018125384,0,65313.65562334278
19,4874.287416130072,308.3717805132166,6838.632681284898,0,852.0708906907953,9935.911290785938,3218.5799950416313,163.5507553293475,1741.8902121800734,1068.4077751657844,0,0,12690.022135043486,0,41691.72493216526
20,2527.6056152120464,0,6176.183068104584,914.2793818220471,2572.1366470284515,7357.227322319661,759.1646368347131,0,2170.0501451729674,982.3925180472692,169.15456117456245,0,17486.494016416233,0,41114.687912132526
21,3607.7066293232065,251.28079402159145,2609.4041293083533,0,2301.4696482630557,4920.585098508538,542.8882390157133,0,1080.2102273833714,1484.0017264200778,114.03375384880052,712.2014607447227,8152.050925342726,0,25775.83263218015
22,7135.521612606077,0,3832.5609095878626,0,1556.6949096901758,3159.0901996483153,964.6715230328156,0,319.88693081129315,532.5020320245436,0,0,4180.338361128164,0,21681.266478529255
23,22801.040559538025,288.6523610865365,1453.0625254069669,95.7665386104864,545.9828665530716,8616.199915631712,2702.298690719797,113.0811238205318,927.5866613982416,1100.483698164296,0,38.27296615677561,3546.1835197657174,0,42228.61142685217
24,31354.17997152287,0,3663.8596572919328,0,590.9088833159899,6655.926587910763,2320.7182188025886,194.715349560976,1705.9651818761458,391.0195701699142,0,98.7544091618645,9963.249065507112,0,56939.29689512017
25,3424.6847437566003,305.9432684320301,7181.591070483799,0,739.7164797131843,3814.202971613506,716.2857539938525,246.35826325686745,1809.6637307103456,233.16618558982407,18.8382028206575,405.0368741238612,10406.063284921484,0,29301.55082941602
26,6331.740351073535,584.2832637872929,4891.590973073293,0,654.4197855816325,7105.8427718198645,1295.5819059263308,127.88996444253016,672.0720805869663,30.692045647789943,0,1582.540558575015,8187.915064976317,0,31464.56876549056
27,36228.79764396001,364.2079944814709,15869.248470180157,179.7332816899273,1539.7116306688235,13625.24031870709,3266.372174445131,1145.2056576313553,5377.56265658559,2405.3862571692816,64.53321633986022,333.46092848153876,8862.52950882505,0,89261.98973916528
28,13065.189952252256,0,8218.882033530566,162.42107044199298,256.53260585943633,11359.082584560583,3238.4886433817137,225.40103902086565,3048.6226354022374,1367.3303792694278,30.46116199289947,148.4736358409905,4954.574053279089,0,46075.45979483203
29,37952.37347137158,0,8756.328750196668,0,482.4781644402861,25238.690776682364,3871.687466664104,854.4107067464195,4829.162438646455,1955.760144388703,0,0,15491.937812471891,0,99432.82973160851
30,7207.421985539123,6.5651117069774765,3587.157373361655,268.0263503412099,518.7055555023178,7612.764388500059,2784.5161552604886,346.83764672794183,2589.9332762565273,126.58188141732433,0,264.12010954410056,12653.076187626722,52.0063693117338,38017.71239109619
31,29739.099685857105,0,17551.68948060096,0,1007.3372501887416,17904.502261291695,7121.462694281313,1083.7134158172494,5032.726312966766,7.304241303429345,0,2224.2603851363788,17759.370176195185,0,99431.46590363875
32,30443.996657196934,862.6025542226827,10362.870539492966,105.54364833639389,36.140310517627405,11768.612619348534,1864.5237702405325,625.5400000118094,8549.08656222873,355.39776690071716,50.97783825909862,340.45654927520764,14081.479883292106,0,79447.22869932331
33,292.0995330831132,48.46070237108491,504.93305163018425,0,786.841960151003,2920.8144397801384,280.4861537358373,15.35617393269752,33.638697141489686,53.09450738793632,0,89.80978707055945,1100.137448663167,0,6125.67245494721
34,2958.316416823606,477.63635156987186,2095.115417618509,0,839.5388503564437,6750.822760023097,2051.646590885371,288.3959082971357,1060.0255547526558,108.0581603825939,107.72946635861643,0,5312.338455574249,0,22049.623932642146
35,19571.006527274083,2831.5613741329976,12221.449505905564,422.5037244235371,938.1092859835759,11377.580282697128,3667.556028945668,552.7692359338826,3139.106996320095,5328.056127058333,0,1158.125694925644,35499.26986773164,0,96707.09465133218
36,24485.47807626874,361.4753869414778,8629.763751791297,142.98647205304965,1600.457086422856,18212.82197279795,3520.8262326231006,210.8340776503071,5629.052713216732,163.45308152261114,0,137.24636000035412,25557.562278307316,0,88651.95748959579
37,2422.4443233262896,1271.1388979747117,5012.999826008198,0,582.1387946134805,5201.298137886918,1769.277613389352,59.09814694515203,1007.051442599535,707.717919159369,0,216.4441925081244,2624.9381977851426,0,20874.54749219628
38,86.0339488280617,0,1603.0143546121535,0,165.14762112347154,2012.771842379819,2069.444956591407,0,351.93314969674935,221.35064542886428,0,2311.5922509424336,2622.5261162797005,0,11443.814885882652
39,4984.328578092018,293.4208900108525,8521.363787100383,1029.306454061217,1322.2511045397944,3492.0113148348555,2585.729679383164,0,2433.6082122730804,960.2728263347296,0,0,5563.998677275262,0,31186.291523905347
40,7488.67070577841,0,7325.925471149218,0,1209.2736512814208,4224.453143933989,3017.155542705156,0,853.8288177716279,907.552321726906,85.36390922452335,336.9016209978531,7099.325105463042,0,32548.450290032142
41,9835.508495747166,709.321262362766,8876.456565482256,0,4634.99455674012,11592.946138499296,4547.0163848623315,93.72183883344954,1268.7262530795008,333.80004969947925,126.2829017667474,1080.6355307310705,12069.60033808172,0,55169.010315885935
42,1548.8964298588612,1557.7786421446212,3994.584170260452,0,462.6727515446722,2792.56665743702,763.3824179775331,0,391.0358231315154,532.4215879051807,0,731.3252385389569,4633.482382403669,0,17408.146101202477
43,20561.37726906514,1515.858720961604,11067.7695196472,0,2693.9054303831217,18347.599566465873,5172.4199740054955,0,2866.4998592400366,1069.7517483717493,0,248.09606245388832,12506.951020247932,0,76050.22917084204
44,3830.721098404499,3143.1089372386837,9641.819441995704,155.2052011958815,774.3972462979966,16081.611394284111,4828.174102038717,0,3066.5945289787014,448.8295560977811,0,0,10782.748308963044,0,52753.209815495095
45,14007.143578543288,6850.847786461636,9664.903362223702,0,3762.8949138756902,25458.311570169055,10692.986543982031,104.2711906020118,3027.573221782634,2540.1320880996627,699.9782706219528,0,10847.18264575552,0,87656.22517211718
46,1881.58863614678,2154.9286898540554,8248.328243481232,208.8720377102618,3850.511938158309,14951.246370683935,1914.8504638714733,0,1609.4403639005975,500.1860555586837,0,0,22205.37352806196,0,57525.32632742727
47,2253.09030952035,0,3056.8396039085837,608.5777618214402,673.0235393831556,10357.381575048472,2062.1082157449646,0,1448.9720758669448,1050.7461164950482,329.23715818964524,397.4223765924166,10198.045178866998,0,32435.443911438044
48,1556.7373202376446,1493.6435644430762,6019.038211177277,0,2354.8307675617084,11406.613071951717,6230.979707913891,0,345.7700567370715,942.7942626307619,346.06478147399184,327.7840121966856,7414.639540092523,0,38438.89529641635
49,15735.9911007291,0,2236.256662552848,0,1097.714170535996,8195.886992660728,1575.3376310513602,91.3963262028653,2705.0759875523336,243.80378954539208,0,697.830347576584,4844.782831012774,46.91686214943278,37470.99270156943
50,1799.7745067356925,66.33788387350904,2608.2824277322698,0,1176.356200030853,4217.083575024874,407.1362790623499,253.30978595988475,253.42651622261616,1095.8506845219947,0,357.3877572935918,5236.638399843565,0,17471.5840163012
51,8221.442378461747,0,2065.412031870415,0,1281.1420767210568,10292.971530598532,2007.8314097104617,163.79049184388035,708.6055375201547,435.29809960528746,0,169.67489824638724,2866.881446032505,145.72567706256936,28358.775577672965
52,8401.724519784473,0,2222.904934270891,0,85.07557291019289,8315.728340581207,1526.7998781923786,60.81797210806234,129.66352037946342,178.92120954748196,0,95.52012159473988,3332.367341878355,0,24349.52341124725
53,15580.497738202504,354.90716494491016,9633.872161239045,0,738.6021468166165,13553.592445921644,3309.812564746917,598.3118808669785,1258.1190793785956,434.65411770229434,187.9674666169945,290.5191378947004,10126.681748310495,0,56067.537652641695
54,17852.156693636272,549.8202482587074,7139.750722098871,24.093241191043344,753.1625494517698,12341.673932091566,4011.767363925532,476.29401143248674,2932.3397062868858,554.4131399252954,0,260.61936429789125,9568.021022494257,0,56464.11199509055
55,15933.241553497512,0,2863.009739106981,342.89863959513565,1492.876454426353,9586.575396713535,2515.356946029335,14.731340000270718,3295.414082132605,3301.1352989775096,0,863.913912522601,10510.972051453347,0,50720.12541445516
56,12063.456880236645,0,6773.989062196809,0,6587.437083070049,7210.97806137296,2358.458199297698,176.9984623522345,3165.887298299184,2044.9403068884633,0,333.46092848153876,13554.372593643442,0,54269.97887583902
57,23914.82788263194,720.6968954756403,6480.286270890758,0,1798.394104886188,14866.333262809689,1770.518957994355,241.4713299062718,3773.6454029356473,271.9943732070945,0,803.3369756835388,14910.642517189342,46.91686214943278,69599.06483575996
58,13688.93845133512,180.62777004294023,8676.435640902955,266.5431750433479,1991.1455149641065,17371.351395391684,5413.938235454941,98.18559133897128,2987.3219400197772,98.57232724577466,0,426.8144921270133,12218.011757584169,0,63417.88629145081
59,25093.374866992148,0,12722.144140807388,0,451.8794104012719,21228.897840150676,5644.990436785916,1007.8126587924994,4891.784518695121,1269.5818281409245,38.980618031313554,206.144721463477,13370.553216663411,0,85926.14425692413
60,4059.7410186729535,470.942403863573,7134.293597483445,401.0388319879927,265.50729352441385,13954.545086023934,774.4938064759857,287.66372988722094,3330.1465077801295,3165.1868839029808,0,637.8280263858851,6876.680814884603,0,41358.06800087308
61,13824.860672409011,0,6649.659180888855,0,3279.258368922725,13875.336370775272,2243.2851748522025,0,5497.371969947145,2464.4618901188883,0,0,5378.733400319875,0,53212.96702823399
62,3610.666484697501,609.3028534118415,7496.660408844506,0,589.8341766380978,14039.108831061494,3825.7940620354625,1589.135804985738,1929.4025744285375,1737.0837376957306,0,2222.4366237773656,2274.762812079385,0,39924.18836965567
63,11726.40733345136,200.7143435790885,4005.3482850049695,0,152.37647734106605,8468.621354363615,1908.3495295687685,0,1342.218956025566,700.4786765794797,0,151.10764102343092,493.3199341797634,0,29148.942531117096
64,17052.781138328137,633.9654386114248,11469.709085845185,569.9741467052646,1662.9528091883508,25679.68906966337,9486.799319780395,501.23816947065126,3157.53640948117,5025.39467504908,0,2186.8849364624425,13818.026705156824,0,91244.95190374227
65,5203.437133269993,0,9756.89599227307,91.39099466018365,1806.1049452933428,14454.244576540255,6731.885958227261,320.03884348145135,2360.8364476849906,735.6066342033768,0,2378.383217236259,9636.799808108546,0,53475.6245509787
66,12203.779908189756,0,9107.271991079277,0,359.18634343438885,16252.961044634942,11565.438229278509,133.14331432753377,1871.0238459054249,1501.727440171651,205.6040309851886,203.2515414358956,7464.3996054020035,0,60867.787294844595
67,2693.3806066475754,0,6501.411138134884,53.90272709406882,611.2853290066395,8345.45127911049,1840.8982089412136,418.4170600348325,1052.0255238032996,719.978051707393,0,928.9948489365327,2324.250974003554,0,25489.995747420497
68,14800.401168136812,2334.2356760067523,22847.078900190016,0,2043.7855999808955,27701.681766844104,4998.873783533501,680.7100907702996,5694.779183211108,2942.736794091872,0,3119.8987975578357,16754.893726446913,368.7667381935531,104287.84222496384
69,8364.61547011469,607.9024045589952,15874.420551434228,286.08389857747557,2221.729954881738,12136.993045187444,2024.7263518893396,241.2785660998314,3420.3957830130503,1608.2572178817,0,4239.802356533051,11476.673586902994,30.807983639082067,62533.687170713565
70,1331.904585696181,2877.7189944275474,12098.779565683712,0,894.446035836436,11465.811748967868,3634.8370179529034,39.880564582679945,2460.224044587806,2262.0929952756674,119.63725842234626,1133.401220838861,14313.404304668213,0,52632.13833694021
71,10713.133648376075,692.2847215138831,8363.242043789534,0,1978.3869414752303,25051.30921716998,5638.177246501855,191.86614171005604,3479.390649108831,1227.0068821380278,0,8996.255063007804,15198.860584536576,0,81529.9131393278
72,4792.74792599681,1570.4048628585465,5088.93517160364,265.73444058225675,2163.7455661034405,13791.39161043848,3356.3977814068585,423.912881010107,2329.9976185289665,1638.0847901037207,75.89110938306422,557.1384618335454,3572.8466455112102,0,39627.228865360674
73,18320.004209106977,20433.962746588637,20377.416378651327,1908.136566676134,385.4513747034193,49602.05445506105,5332.896198061728,2185.271737576254,5264.625591758566,3777.460434594699,511.7530559742695,2666.5636258619593,21031.19668329421,335.33710123675235,152132.13015914592
74,31573.10949802756,317.9036899406591,8559.457557243297,214.64722049978892,539.50936424211,14604.06508249018,1143.9745456867838,1020.6004246989723,2920.398587098052,2592.2066752528617,0,531.2213700435358,8759.020582071904,0,72776.11459729573
75,3653.598060360724,1293.2653512307047,3312.4801739876016,0,1090.8110749543416,7384.81167675898,1519.6884800266437,1066.223027417485,989.8886863029675,1558.4153308047512,0,818.4318514605901,4745.968483964847,0,27433.58219726964
76,4577.659278875103,536.0676841807982,8207.493616093529,21.39233438769447,384.26292788853215,8991.115386062349,1807.485925533847,571.5954027108592,1475.3177544420112,797.4737078570141,0,908.2303689002441,3061.771572193652,0,31339.86595912564
77,19106.11799852478,300.97578175641064,16838.094238176465,1605.9262901101963,1116.7265687621707,16096.02683856262,4682.912238740354,1190.4558263581262,8221.974175298468,1930.361554725554,0,718.0711651788602,11799.787053579106,0,83607.42972977318
78,12612.566729394455,0,4730.3707328289465,0,1014.5710274398564,8870.55427860482,2359.785420506142,1304.2270840468611,2872.241307546673,1085.4310315036091,0,282.5028601031619,9815.035090887677,0,44947.28556286219
79,27155.71725214365,0,11414.310770452565,0,1220.0382668266086,15826.321312804372,6374.287007638902,622.9010105042053,2628.740608019161,791.8102869719352,157.69444347390552,239.49654726284552,12152.992353885063,79.00515341524411,78663.31501339843
80,10024.585069660276,341.36915779598314,10315.51344160217,32.44741558057846,2525.319533395933,13399.462782207387,3209.819871746059,400.187385806646,4057.9281983557335,1463.162381310974,0,1584.188399323336,11125.048635297186,0,58479.03227208226
81,8135.51438162421,1663.7792313620805,11026.534779934707,388.92390703865806,841.3083325520605,17453.149312471647,5091.046943734919,530.900144405404,3944.1097123480695,2872.2256193703247,14.837527741471208,1469.766400183432,3881.244683585504,0,57313.34097635241
82,26219.577742226174,6067.884493959096,14295.438189235389,0,138.67223188965735,31022.864007255164,6385.66478495585,70.04160794340447,6019.306344387645,3979.27832690996,301.5294971264668,2304.2553025143734,13987.39984913859,145.72567706256936,110937.63805460432
83,11146.02092982075,418.60816127664685,9638.823834974333,0,2070.2976126688895,17665.309883816317,7054.001098453668,562.6592491089328,3434.6509590095943,1087.6984309055913,0,837.1224810479928,14498.554435219545,0,68413.74707630232
84,3688.9641250332834,1994.124272174929,7580.031833503444,0,827.4685219049069,17581.891692554716,3314.5559522014146,556.411033786252,2682.8258171252755,856.1231941946689,0,274.3285724649087,8998.683352598562,0,48355.408367542346
85,857.2474947854248,340.12078963148844,715.5569947095739,0,138.1856428932992,4494.1360360286135,2654.959110193704,0,1488.7662927711583,55.50535005245968,0,73.41593704974298,2200.5261925649224,0,13018.419840680395
86,1846.3327478531264,17.970663628041375,1559.8727394911637,0,149.0383913731399,1978.014170589595,595.9660414572893,0,886.9838752639414,30.185201408627087,0,34.70522963046647,310.87599708623526,0,7409.945057781629
87,6077.040431645879,42.628436990034,2982.946080709308,379.67535153125175,1378.3239295643416,12218.739801929933,4997.350516426621,558.3947046759587,2126.349930404554,1925.9463733210869,137.816616394658,267.1137103056802,3612.1802762102097,116.62087156924667,36821.1270316788
88,7134.55711598362,2440.1502639972528,10686.545758812144,0,2644.78014109171,27662.232451512664,5260.6173584069975,292.5918760601597,8554.375763289752,1057.6011121985653,0,549.979929579641,18854.792260137125,0,85138.22403106972
89,1825.781326505797,0,1890.947612611522,0,452.8091721276123,5503.163926912336,2495.4112734165965,0,688.6022541703097,0,0,142.56994190281029,1412.5642501129587,0,14411.84975775995
90,1790.87804846702,77.3659469771969,5827.75562602293,0,1028.817264236904,7406.0138297369185,2184.4054817907104,138.9663292208768,1712.6755327199128,411.2981340904285,73.31812049308314,92.58963862123888,5853.620949679526,0,26597.70490205676
91,6427.1044970907205,12203.411200575045,14299.203474186595,0,373.9062353948205,10087.098309488902,4449.396590429186,0,230.8934701799117,428.2081970294519,0,868.7919391487704,4070.061176642444,0,53438.075090165854
92,6843.683760253922,6639.735015883765,7436.08181310292,22.72157862439864,59.062207433451995,14939.933913655415,1257.15226596187,37.79981275740928,810.2942885617373,145.44804768750512,0,55.43814016701196,2251.5197419498627,0,40498.870586039266
93,13409.052606297411,14819.46146317342,15282.044554663527,0,1308.0145799440727,13296.31515626661,4696.889607927358,323.4619348920372,2321.6368144686858,479.8297036309331,0,1462.432869909259,6190.944471328548,0,73590.08376250192
94,6593.929998244474,4253.931364576193,6652.22394717179,0,342.6167885745191,8914.54734953036,3518.7022462799328,19.78583949020642,2097.432333866522,135.1066217006355,126.2829017667474,338.28695844240224,6500.58495542773,0,39493.43130507152
95,2785.0940984490353,615.9433718373895,2026.1055105021517,0,1597.470801090279,11906.890776522276,4113.973739899918,135.00757981480092,2522.0738879139503,579.9665053044635,0,175.31388454268802,4189.565244736235,116.62087156924667,30764.026272182444
96,3646.34742152868,2125.017401591968,4112.155818576944,0,945.327265238597,11405.173017762789,2957.2772827802487,47.789679610567354,912.7201578710923,300.77932540692643,0,986.1152699942313,1003.0474891563248,154.02758985347896,28595.77771937182
97,1156.5435690705465,357.47605552408527,3630.0602956130424,0,1339.0561529841764,9333.7995485051,2309.2709603987646,80.52674278361525,3027.2810293264247,578.0199394201471,0,771.0000684628588,2933.6601469611587,75.02243643823485,25591.71694548817
98,1340.2529633282593,448.39895671138777,2864.893097893625,0,217.57319851469285,6116.942555392728,1543.044627678508,0,544.7283716399456,793.1731838519544,0,1112.186098028772,5316.027762296761,0,20297.22081533663
99,4936.586915113114,5656.821888610376,3203.9166948851607,24.093241191043344,99.48601290543145,8055.942333303741,2082.0133181278534,0,918.1629271290745,523.4855330901391,0,0,4332.289062183124,0,29832.797926539057
100,6293.901852641647,14273.119210089,39666.53931495301,0,2404.4417897651365,30066.22283189985,9193.21087320038,7.3658855796687215,2808.244917172611,5296.74641511258,330.4990038686607,610.4445800581814,18859.954377697057,482.0705353794205,130292.7615874172
101,3391.163195155948,2130.853658460388,6063.259344158723,0,1888.0801164315355,8033.717378642025,3138.417895418834,110.0769577588,303.4251580702479,78.12936214160683,0,0,1248.9347977848802,0,26386.057864022983
102,1598.8446969440154,3146.6550412696033,3448.398016395297,0,2802.023871644172,7096.857412443181,2275.7362479312014,159.80878204417832,3354.6601271206014,963.8395494906744,0,193.7254186649631,2135.1118637167797,0,27175.661027664657
103,37.55603207193239,827.8083605723488,1647.9488241272063,13.777486387882382,277.5909083730262,2651.8123616022904,203.5051506569992,7.3658855796687215,565.6153556419849,8.736246929029607,0,94.20775812273148,281.30312136162865,259.2169062132529,6876.444397639978
104,184.5876193910388,233.88031997458893,1234.796398806834,13.777486387882382,876.2183551287376,3510.3777419695175,1002.0817314414852,22.79674827468983,641.5401456485704,69.17113296852087,0,94.36053852439066,2115.7769653112555,0,9999.365183827513
105,2144.968449356902,1723.8222049043377,3109.84988050855,0,1399.5132169377905,11405.689032861545,2265.239601568129,0,1406.832680020968,718.2301366967288,0,697.025875894107,4004.040806903152,0,28875.211885652192
106,3136.44784845482,3116.107358776634,6403.2865763985155,0,727.1193414891995,6019.439101531185,933.3990765880145,0,1660.7561453200158,1896.1466393627647,0,1101.8328183310675,4057.4800025987106,0,29052.014908850942
107,3352.4130249381487,5512.098197154675,4611.544073942716,0,1198.8606633033814,12388.37328118517,4752.1091685435285,0,734.8934430347517,1128.7521611862276,0,0,8984.355082128568,0,42663.399095417146
108,1197.489258493545,4291.743566494268,2465.3001193404016,152.85666336275187,245.40918116306375,7109.184417960609,1996.7854077405025,0,443.8916822815133,1187.2065247975747,30.692671923464022,496.98720521019976,2594.8612080241933,0,22212.407906792083
109,11953.852825469565,4884.5895584882555,26810.19151144547,0,17260.65434188231,47018.238137848304,17772.16675739609,0,1532.412929125506,4474.863571479348,1418.7723076393909,881.49215521385,27007.00820897882,0,161014.2423049668
110,6153.951457946562,9519.823136280416,27663.687762421945,0,4766.292882648106,16160.254925870557,3374.1622628062314,0,1312.940924592372,3108.940337837806,0,0,25431.505468361705,0,97491.55915876567
111,533.7015405687634,2003.650527480441,11407.976455885477,512.9701124809034,6606.678091168599,21759.329172317583,3353.0849357099855,0,5796.765491368224,7709.559486187539,0,0,12956.503631888265,0,72640.21944505576
112,832.7989122709528,1507.3996653596062,10503.23484616292,357.14849961244414,6625.994096247162,16818.976053241902,2840.3348564065873,0,354.64016830170806,3237.8772200775493,449.9042705668393,635.9183232970181,11620.718012748968,496.9225851937546,56281.86750948739
113,1515.3125959654712,1137.790915727248,8738.15444637641,1252.030087245614,3548.003090330696,18776.992737442397,6966.6592339501585,0,652.7395254334365,637.72648272859,0,390.4178764455268,15489.466450304042,0,59105.293441949616
114,,,,,,,,,,,,,,,
115,2799.0979361845366,2540.8022146385424,16864.91233122224,1188.7239648260536,13862.037101466654,12683.978243309191,9857.709246906361,0,2177.588751385827,2285.3426939713363,0,0,16386.89051838439,0,80647.08300229517
116,8976.054388630175,15131.504798237032,53813.56074204735,1629.0495586792033,24285.90345607781,24139.48475720308,12963.110450166872,0,1167.3080756374063,4906.204133340789,1005.474377537862,0,90704.83521325908,0,238722.4899508171
117,2342.704820629224,2923.472864697314,21269.155583738662,3209.843702068059,6538.433398509625,21063.237180470725,9546.973878372817,0,0,2711.996366390317,0,0,17559.93214818303,0,87165.7499430599
118,529.1663063236815,316.1946745066965,5115.93041251681,116.10042464569209,1596.1772861857048,1963.0993905755408,1372.1569711220611,0,0,1541.755009384054,0,0,9274.593395736436,0,21825.17387099668
119,6479.919988994634,10210.525421589144,27385.962209403795,1393.065269478158,14964.183481414086,18125.62069239347,4591.930568134921,0,1082.033358776875,1306.7476927574148,0,0,34439.59865059547,0,119979.58733353789
120,,,,,,,,,,,,,,,
121,4578.397399517218,1056.2968692651714,32494.873992075405,0,8116.297033887527,6509.11409096386,4438.025981132578,0,2685.776517571496,502.29906456687087,0,1601.4116126195038,43699.3885419508,0,105681.88110355048
122,2630.865086388283,1224.575362330387,21618.628630342893,0,2685.8403589742597,1742.7160230136928,748.288908068551,0,221.15051456893764,0,0,0,26312.866655714213,0,57184.931539401274
123,1934.7076718719793,1345.5632910425657,24400.21046407397,0,2639.0517567573015,9654.422604786127,5484.202791231605,0,1791.9582110578856,1419.6355516306637,0,0,26569.743580443486,0,75239.49592289556
124,2309.529929891435,638.9811013851945,20812.550532234098,0,7630.404072992997,12985.585552041664,11756.132317977075,0,598.1140804344273,1147.5439629204463,0,461.5369233678169,29804.141819527427,0,88144.52029277265
125,3879.617734825511,0,17922.29613644303,0,10019.385895329217,16796.65872139942,2804.802151457316,0,2177.588751385827,993.9336425093602,0,0,18745.114806064405,0,73339.39783941397
126,1825.1967790875424,381.53631943808995,17443.12388379979,0,2829.9862112934707,11348.95361964426,5349.962268194635,0,1333.3898264242257,2525.1390254236567,539.1042399539432,2310.513092788342,14418.69574473798,0,60305.60101078592
127,2244.574052487332,716.3324883436773,32215.37496167648,0,8786.694332739411,21080.23152598827,11185.161494909187,122.96516165134,4347.761984226211,4795.900137228304,90.51749058442584,190.57010594280325,27216.10238031788,0,112992.18611609522
128,5232.782818411406,0,5000.51034895533,0,241.77629369899864,6623.310198218454,2421.8083966182317,0,2941.3460007171216,177.47565458534376,0,100.3046901280961,835.4084909645093,410.28015625794467,23985.003048555423
129,5425.087201030986,0,11156.255357937309,0,113.60314983798636,9325.457030854932,1817.3319332182568,0,2241.1147749123083,1403.9043029234635,0,85.88731751914565,3506.5388732835627,0,35075.179941517934
130,1979.566188472251,0,2658.6006093118176,0,368.19133862838345,2902.63370232754,431.98763215485405,0,164.3731070459798,344.12034277168186,0,684.5649262258829,3482.0200070504457,0,13016.057853988828
131,7911.548716825957,0,3571.2290558803174,13.002686366999686,136.1451539591658,3490.5978431490207,785.8399796307804,0,2268.659062089441,244.86268508263424,14.075072871494536,43.9932851439019,733.934718909256,0,19213.88825990897
132,2271.1609785899905,0,2594.709599806695,0,0,1529.6817776099233,948.0460599203159,0,0,1280.4734364434344,0,530.8437089260109,328.12109865039685,1003.263369692066,10486.300029638833
133,7907.5134323031325,386.95937943307337,14767.78914633101,0,1878.545739057913,23471.780381945195,5987.549959063889,433.6450346315928,4946.010255613397,2387.1028327162567,14.075072871494536,1810.578261091713,10783.088310808238,0,74774.63780586683
134,4722.830672131646,873.3740310120124,13759.841260958145,0,5578.517167423201,20706.71441859541,4136.846677421152,0,2962.6800679310363,720.2889954746042,240.58119438359532,0,9443.497609871383,0,63145.17209520219
135,7003.949941574154,0,16914.793177229367,0,5816.437941898733,20671.153363563822,10209.637090521426,0,3718.954361785985,1155.7631133397406,0,1514.9342234662208,2972.341365129161,0,69977.96457850862
136,5950.184214517265,575.2925092845372,15440.33422395782,0,3567.346882089205,16732.215994745042,5607.883919291518,0,930.0455260286453,4421.6201534153315,204.8887882756828,56.3114049841942,13979.960341990683,1780.4280759681526,69246.51203454814
137,2049.944907607499,0,14244.680977341102,0,5042.1881036137665,15350.961562802768,8240.248146165168,209.83663529576057,802.4800855329505,1202.1171182737812,0,1810.578261091713,21458.280848947332,0,70411.31664667191
138,2133.686269137406,1137.8260097356065,9684.967724528891,0,1553.5692202722958,6732.890390596394,2166.375547144612,0,573.8744559353722,771.9171845622973,0,1344.0041945051155,8112.239461109565,0,34211.35045752755
139,3159.206905733077,556.1518705179391,9809.559413345802,0,2419.3069422532353,14244.682371337796,7469.701823272253,0,695.0092553768169,203.1888382286414,240.58119438359532,1578.8778670119475,10318.198094797224,0,50694.46457625832
140,3680.8650282671288,741.2878182540674,15557.507741578363,0,5523.321018678788,4438.7326375421,2640.080489621988,209.83663529576057,1275.7322500564087,0,539.1042399539432,0,23450.4320724173,0,58056.89993166584
141,5561.045563910785,0,32183.01100380152,0,3346.51248541459,21732.737788624137,8622.059759937618,0,531.0313231204252,3380.8630499060605,0,9434.255184420264,67344.0563235769,0,152135.57248271236
142,5542.333552603954,1242.0388959090649,20731.593734274575,418.6656817681184,12250.804665611706,2206.6434911210345,2371.3752503949972,0,280.64674166095614,683.809799432943,0,1601.4116126195038,23376.399330825625,0,70705.7227562225
143,,,,,,,,,,,,,,,
144,12605.032437279246,0,34348.37497053825,525.619819398354,2715.4002364151884,46121.7062780283,15979.2735317281,770.8586516060248,7993.387848729277,6639.29274673908,2582.541715320656,2972.511830839522,47394.98590396456,39.48811923068502,180688.47408981732
145,544.7508379986558,0,3539.931099807767,0,1415.9615884889824,2370.889800374608,677.3802699613803,131.46130569310574,352.8113241771584,926.7394160882569,0,0,3404.5495166935743,0,13364.475159283484
146,,,,,,,,,,,,,,,
147,2278.137975011889,0,12663.37072434612,0,3124.8863433581714,13587.60010435109,672.8086743075353,0,631.9973879446417,596.9224508924228,0,1758.8109648920156,9957.245028861327,0,45271.77965396523
148,2630.744791685692,0,6891.997412404829,0,4707.26008884016,7889.48718796249,2966.8630224306357,0,422.8340305475037,1187.323678090968,0,1070.087689194232,8053.044351136826,0,35819.64225229333
149,0,0,0,0,0,0,280.00685782011203,0,0,0,0,0,0,0,280.00685782011203
150,3939.167517681827,0,26087.722513433007,0,6657.646786824612,6272.394553990037,649.3742225390712,0,0,602.8654592677403,0,0,17133.108198178532,0,61342.27925191478
151,5621.579303928849,665.5286674136647,28385.013821962613,0,7071.315397229759,20316.522248991903,7053.626129060222,0,2696.7626641745087,572.7889329172043,2397.160167060768,0,27655.50071548065,234.92815502309944,102670.72620324323
152,10121.38665965731,276.1363218656197,12515.79004182946,0,1785.3732834511593,18668.061736696127,7478.1157083361,138.7213734074528,1083.112742410008,306.5180124222649,0,404.76279147574706,8223.904178230223,0,61001.88284978155
153,2014.7486781324928,0,5572.442645029348,211.0704356765728,2264.148130365293,10845.604834163652,5176.135524473264,0,1462.73808495334,0,0,0,3074.689487226209,0,30621.577820020186
154,9250.398943811108,0,27358.434049788902,0,3264.4245628446383,23705.348038215707,7014.952039816088,0,1116.9506820577126,3041.475469894123,1291.270857660328,0,25133.64245288686,0,101176.8970969755
155,3532.677360937286,0,9445.811908688023,0,2562.413966907003,2294.870907719715,1213.9304992455145,0,193.49810432098607,2227.3315071229435,273.7695835353946,0,14234.277804302852,0,35978.58164277974
156,4943.166986562722,0,11276.53104328468,0,6561.037542773996,22880.00553707939,10504.990344442283,551.8868825540937,2420.117145060507,889.8178538477325,0,556.716080699259,26403.031309735263,0,86987.3007260398
157,565.8885419861799,0,5557.388823026007,226.0323172204631,4603.095652790423,2371.9011620144393,521.2699154596493,0,59.67995248020818,518.8929874949499,0,2863.6946973806357,3511.1249599776133,234.92815502309944,21033.89716485366
158,2828.581303412202,609.2106351457272,8326.792284516083,0,5561.250283119184,12380.771714809734,7514.4729248395715,0,4648.410252273086,252.20178404925284,0,0,15725.270582498775,0,57846.96176466363
159,3451.272270953332,0,19334.09187404648,0,9552.372229402854,22557.547577668207,6254.471575820735,387.8755315758001,3848.460733784189,1971.5979531733085,0,3770.293818856625,33091.93460055638,0,104219.91816583795
160,2488.854934501488,1273.3863945731327,9455.95586314944,188.4512886307488,4768.008593207217,9934.437586721991,5679.807431187389,329.5151278232086,3213.451742156468,1545.1989220888531,0,470.9881594750838,27611.38991673615,0,66959.4459602512
161,3675.1390030995776,2524.1069283851643,11459.615210794273,32.44741558057846,6494.643488470708,15591.568948724956,6772.459151043113,0,2007.2946579849815,2477.728938293847,912.9262186985308,8286.387731012801,30317.963422823424,1003.263369692066,91555.544484604
162,1781.800371233202,749.5733185315919,7252.780894056457,0,1835.4662717643375,13719.843909272267,1679.6934671185393,0,2141.1452863255295,824.3019091428312,0,1028.181427428049,13058.654798787522,0,44071.44165366031
163,3377.1082008748563,1230.0587587157136,11202.032714956084,550.0634428551059,7014.273715104652,21485.32393094108,4276.397461292332,524.8839356939031,1450.5442633227465,1671.4187493767913,0,191.90057789935145,22331.569535010767,1780.4280759681526,77086.00336201159
164,2465.6425637600364,434.5851619425503,5926.2487635569,519.2561137310748,0,4021.5262421595994,1939.2383918078956,0,272.1262378763628,3197.3250108843786,0,633.5900370963494,2494.612697271515,0,21904.15122008666
165,2696.989297491266,630.0518965973013,10215.183551736853,605.022542476063,162.81744518960008,2613.1680205980992,814.0985354883929,0,873.7076947423784,161.96327077378237,18.8382028206575,0,1203.7945216055666,0,19995.63497951998
166,15613.859866259194,4026.0945182228784,16684.063584958105,334.4326467713651,4961.055919452655,33428.91962457363,4594.3887851153295,473.9360634373934,3110.9485028274344,1987.5389633520745,0,0,22514.259278615133,0,107729.49775358516
167,20503.04158614206,9933.70233204699,20941.046071332035,0,943.1393987141141,25740.585867421865,9949.189043503757,219.5694589197665,3043.1811684247896,705.1834856885802,0,0,10827.418379807235,0,102806.05679200128
168,10174.094040393582,4217.234957419331,20087.27292590992,8.736246929029607,5386.140353479736,15152.362052429076,3850.73793455961,0,3535.1322128493375,467.42415546625944,764.9335424811459,443.1446551051132,9696.737310364588,0,73783.95038738675
169,21646.484785716675,2894.7903905394155,20379.65880468824,126.09777855936458,3985.9727910399984,22676.78946520736,7111.153834256265,0,879.276580261354,1276.642088647998,9.680375268131504,770.9286673017987,20217.272542797775,0,101974.7481042845
170,7987.434096275613,1143.0829523665209,32283.496677188286,0,6710.190696207232,27749.182743498288,8077.87383426625,0,702.7627957340059,1951.7704997981896,0,0,29566.89632340416,0,116172.69061873852
171,7102.471317844287,800.3840588525518,13558.699870215149,0,1633.032074777186,14204.849405522178,6393.3061236811955,0,2680.68242214139,992.1544280179157,111.1462542288474,0,20393.63815870169,0,67870.36411398239
172,5575.879733786575,0,16302.957179495446,0,82.81873173387108,6476.822586357009,2610.677214207132,113.43197669125412,700.5628663472551,1831.2591416259456,219.9725817730761,169.28986009803953,9879.69127276677,0,43963.36314488241
173,5077.410849141542,167.59291286835003,5914.5344854101795,0,1664.1652259800935,5096.371715328687,3351.2832555353666,0,556.9388908259274,415.84692558057475,219.9725817730761,0,6234.539939113062,0,28698.65678155685
174,8172.7766008806275,1436.566024716834,14978.738551355998,0,3217.05242316739,5419.543223827172,312.2281509526349,0,467.0140751136443,698.0331703956808,0,0,19611.727379685726,0,54313.679600095704
175,3064.6842721244084,1118.7975751129102,8651.061415955455,388.5366240759097,1271.1133934000486,3355.352159088786,1572.7088055994982,0,10.956361955144018,0,0,0,4788.4904347955335,0,24221.701042107685
176,5821.141694055445,1811.3097942119211,12179.314991480192,0,4278.2320837396155,7738.476291962104,1895.835799497338,0,439.41371197076643,968.6598805671741,0,0,17549.452677689696,0,52681.83692517428
177,1802.9601754409891,211.3257158364235,4000.954463158365,0,1810.636356495574,2053.644793022764,1694.138767229633,0,366.12510187289973,1085.4980339043054,0,0,6114.425961396679,0,19139.709368357617
178,336.6171027332588,898.6569326215854,170.7972918067582,0,0,63.412903850014985,36.35798076643046,0,0,0,0,0,7237.368242181375,0,8743.210453959422
179,,,,,,,,,,,,,,,
180,12880.660148817144,4171.791498083035,19756.501017468858,0,2899.8096775805593,11861.115651444368,5216.678292195223,0,1574.8588139256112,0,0,0,43619.243976650825,0,101980.65907616558
181,6044.702006513956,1498.2753071668064,16722.719104839107,0,9831.211960179426,12875.084310360817,4638.39248614413,245.2608583061763,1412.714528986751,2511.400657552772,0,0,15285.387299241069,0,71065.14851929102
182,6810.170204159596,461.1111904097218,9845.81407938711,589.2246368744072,2391.128804603265,13910.943683754407,8480.172344544031,113.43197669125412,1083.500043208805,3445.1122786677797,0,0,21917.59247366573,1485.4438490478726,70533.64556501397
183,4690.293265421069,236.56043145756513,15697.476255064295,0,5560.423859300836,10029.373341058092,3747.975627659799,0,1377.4354118127628,1250.7228592602053,0,0,14454.960290909698,495.1479496826242,57540.369291627
184,5699.801816937573,0,6206.715252335803,206.88524984855445,1682.772480119613,3682.168403127466,1452.1774221052835,0,442.6038280525872,2339.409966110571,0,0,8307.841816743938,0,30020.37623538138
185,2669.8473381749213,303.9340085693631,6373.489587587245,137.30802001805057,1170.0203222361408,5894.120585674129,1815.0687879989496,0,1226.6931191170493,1233.1107427023844,382.7122101939366,0,20101.01167162468,495.1479496826242,41802.46434357946
186,946.2720024757099,0,3209.48853388505,0,621.3825281721448,3185.1371907952425,1018.431182010257,0,439.0464085278372,1171.794923757824,713.3466635464944,0,6100.027798102829,0,17404.927231273392
187,6032.629568423387,3036.7144438237524,7632.7653602262835,0,6078.423707938672,7364.59043516357,3956.248487785992,0,1520.4296071470542,1175.348539479212,0,2016.322310815888,37414.83210578169,0,76228.30456658544
188,4998.050925154634,1403.3610986424856,13789.315403809142,188.4512886307488,6077.709316520933,12602.65286253402,8098.981642398093,0,154.5353361573622,2822.5783603682603,779.7552229308758,969.5970102109983,21256.58534253116,0,73141.57380988874
189,6408.731138265934,3224.018212725954,17072.834623975534,0,8109.041686452765,5051.36625141273,2643.0721849557704,256.1778850080244,1557.1172411688738,1032.863913512644,0,0,28772.645750063493,0,74127.86888754174
190,5869.230197151614,3014.1803016667227,17767.116681189804,0,3794.430111845538,14627.476996311943,3348.330767547444,0,1925.432099698903,3080.579639932877,330.6344533525578,0,12186.873227051352,0,65944.28447574879
191,3770.3621794467513,2205.7912651543525,11896.501769468716,0,1455.021716187444,12811.16894716254,1164.6942032760662,0,0,914.9797491785432,0,350.426602505539,0,0,34568.94643237994
192,8087.7766716968,0,9011.518428357203,0,913.785550227544,10199.461707248756,1112.0180292013813,0,1286.596894047605,582.6522021910512,0,0,19526.750929240625,0,50720.560412211
193,2991.898520372881,0,6080.449931339682,444.4704423605166,5187.14685588724,4170.457282654493,756.6302570803095,0,1093.5781929699383,758.0999168814691,0,0,3294.5930422879887,0,24777.32444183453
194,3654.0758986378178,144.43346574124396,7322.350751039032,0,2302.04108222391,2952.1870768501726,1814.1308385175523,501.84127700087055,590.1799230976344,957.9740948994177,0,205.01950792157615,11128.704399019893,0,31572.938314949108
195,5102.811782103665,307.0066881312272,9533.747338811087,0,6395.264739662335,8887.976379305637,2398.046008454734,0,1138.3501547082988,1775.6647608163148,0,1251.0252997937246,17629.284651285834,0,54419.17780307287
196,4843.768332969827,0,5774.671420535044,0,1716.0827664172152,9628.563840948937,6324.5432150551615,0,1509.1838330140158,494.000647644168,0,0,26054.16942631317,0,56344.98348289757
197,2394.07089838295,339.02875013032127,11915.47670892632,175.65818668929614,5100.3233584097325,7628.500450110056,5419.0349339203285,0,391.65253652402026,194.99259462621083,106.59421382708238,652.8521665485086,8736.087957666461,0,43054.27275576127
198,4268.0323182673565,2326.3970043634745,30607.18149789171,0,3377.217732644155,15599.206449354006,5724.310124870131,0,2619.057023422357,591.2582281854877,0,1241.5184581228489,21633.84936583383,0,87988.02820295533
199,10873.968356082602,10597.019566807812,15829.705024592418,785.5275148310969,3094.8994849062915,18999.494904576,5945.765727497971,0,395.6764375622511,0,0,11897.641139483048,58306.71494740911,0,136726.41310374843
200,3297.071082220699,5953.452380586615,6578.558710757544,0,6185.284841320425,2183.625950253188,1044.5794714106578,0,803.9216617682587,757.9118733497708,178.79455100602888,2837.929256081726,18394.881739788507,0,48216.01151854347
201,5270.179077098505,5797.913132135927,15214.233062046924,232.74901865278756,5795.229865920699,9899.816328592731,2127.101327135444,0,1323.528790298353,697.7380045547264,0,0,60049.92614537642,0,106408.4147518126
202,12378.826242589052,3954.03338643199,17230.739799501218,0,4818.357548450318,25219.177398867003,12501.9003248726,256.1778850080244,1435.812611287042,3394.083348425829,390.4402584072424,1251.0252997937246,43396.08998871301,1302.164373891989,127528.82846623912
203,8699.3675421059,4306.5131390766965,8866.532919428762,0,4901.148067562458,2718.9523641070095,1942.5928719426552,0,716.2861489478391,1593.9402765262728,0,391.39981064434727,44502.91993352933,1302.164373891989,79941.81744776327
204,8315.765978625686,7604.269552393168,30893.86056362405,0,5241.116553474232,19003.10906040024,6549.275291399638,0,4323.6309563477225,3525.7382420168697,0,0,56006.37390901415,0,141463.14010729568
205,5931.22563571002,9838.631053180226,16750.454160053352,2185.23204273602,10677.542611643998,9986.038587520625,5469.279162760548,809.8732779706849,1635.8218800605505,1146.4504564619122,0,0,67169.28157931978,0,131599.8304474177
206,7100.007028101629,4918.035894052415,11158.226942679934,1199.601674609536,4282.086984701474,10254.179471286669,3499.8668597367673,404.9366389853424,4355.539007058254,3483.1977268067058,178.79455100602888,907.3059464594646,23618.01507041104,0,75359.79379589528
207,9497.282863472647,6436.142722424946,14140.394960114862,987.1107347981182,5795.875161878368,19953.606193293104,6338.870824104017,0,1087.7222844317691,4636.406099221819,198.9220760471644,6458.861547466538,72549.28904832367,368.8297280469639,148449.31424362396
208,10981.795213364736,3616.8139351968775,17219.009404970748,206.88524984855445,2766.178183435552,20991.2532159791,5679.452827761476,0,1187.4400781744102,3180.2257993644316,255.18132675823088,425.5522865259062,14503.883406008414,0,81013.67092738839
209,4229.51997781847,0,13162.164725417795,0,3982.517798000762,24604.111409696583,7659.98254419351,0,906.9718445462157,559.5285453921723,0,425.5522865259062,12219.307625561409,1225.7049127254402,68975.36166987833
210,3814.788730620876,3024.085296454201,19515.382409076676,0,4344.526389779225,15781.492447852655,4322.607000164175,613.5737186731862,2432.629867959078,2941.193758198031,204.8887882756828,0,5498.9137338309265,0,62494.082140884675
211,3733.0546073434384,0,18102.330858732028,0,4674.9082693324835,21445.421089737854,10254.24880064166,0,197.96674587653573,1071.8536412466506,0,0,10571.578795104677,166.77799725543304,70218.1408052708
212,2991.8529281135216,437.31358897532954,15270.470662185198,0,5565.4151353931175,9751.222402070476,2181.0537180911706,0,3317.99571581094,2612.2306745507344,255.18132675823088,0,12740.795925861512,304.5291175976703,55428.06119540785
213,5906.791567674074,210.00442876971059,14901.894871228153,0,8534.095612325988,16879.93654826512,8219.799591775729,0,2013.7784804900523,2429.7596605819267,616.1740851534369,0,15574.100639699143,0,75286.33548596324
214,4375.969735986876,243.69633667518457,8801.772978851475,0,2523.2900456818734,11605.63232415044,4470.908315387977,0,860.8850945795944,947.4604175064025,0,0,4649.109636157534,0,38478.724884977375
215,7774.320788585514,0,11653.579474733637,0,3386.8813256588887,15930.959181934171,4348.367155838213,0,170.55449520248757,1613.647145067117,0,0,14224.05587325034,812.968907088883,59915.334347359254
216,9987.102788945585,0,4784.306347164638,0,1954.59695914424,11291.500127915117,7846.843013247338,0,2315.680342330151,1700.5013412562887,0,669.3402679860327,20300.842241113383,0,60850.713429102754
217,5809.6754648376145,0,3715.168747466929,0,5428.560642571329,4510.937600009623,3412.4065671401445,0,1564.6191719540343,371.8242875599675,0,0,8540.259423878904,0,33353.451905418544
218,12444.849408204818,0,20862.41723830559,0,3795.316809020207,16483.661541166002,5618.572145332411,0,3825.5637396218913,665.601045547995,424.97415237508307,4163.673402797841,40050.74646447451,0,108335.3759468462
219,6287.419934285307,0,6876.052693378228,0,4719.969724667284,19476.30181113414,8321.962749964965,0,370.5011977030926,0,0,0,21560.532825370618,1616.403755572197,69229.1446920758
220,5384.835180497243,430.6987048350163,10435.170232345165,0,501.93653070067774,8592.698922548048,5848.834900667328,0,0,968.4728392853121,540.8307040568925,0,17238.486989053577,0,49941.96500398933
221,3541.189178035529,216.28551616988403,14121.928657629964,0,6103.234654594281,17492.612845428026,8356.286790393031,0,1081.6234822828424,1307.8600576432832,0,2768.912160201479,18228.463534089973,0,73218.39687646831
222,4210.852747179861,902.4966976788268,14235.377564673492,0,6667.14365575674,19836.718390050817,5930.727774149493,0,767.4004876298718,2592.5248145207606,0,2502.405273472214,14278.065729703803,159.68214054877382,72083.39527536464
223,3224.1818985541,819.8749843251916,11373.34215877424,0,4228.49039083438,5405.260593070814,2495.760653407678,154.5353361573622,3655.338250432557,881.6195126663563,389.4572842113635,0,13849.513880198432,0,46477.37494263245
224,0,0,870.737734327831,0,1054.9304700877371,2264.256915874043,747.1771262262714,0,1408.17959235358,0,0,739.1518722364847,360.7569104722719,0,7445.190621578217
225,4577.060384491701,1431.2597691764568,15779.541701959512,284.5361084761897,4196.319151710541,8560.51879776642,5117.098828238164,0,0,2278.4974214622216,0,0,18281.534027563903,0,60506.366190845096
226,12287.919167901906,6523.404939477542,23995.339746791145,0,11598.269112715843,16080.654688638322,10189.81910135975,0,3305.8156951545066,1595.2451287529595,0,0,27979.300996890935,0,113555.76857768287
227,4867.6350221292,8163.863803729793,22637.411228113375,0,2519.1397570234885,11664.080541521123,4516.1883084577175,0,4568.262487419625,542.4587398968257,0,391.39981064434727,38397.48052582716,0,98267.92022476262
228,7807.498395606592,2681.670048516341,9913.460071193836,0,3913.7069733018193,5068.810286185549,671.1474914737479,0,252.6994958274848,207.3042551119416,0,0,31150.91847197764,0,61667.215489195
229,13257.41721846723,10270.039235190385,36764.6360467247,605.022542476063,9631.340653248277,16729.458817382998,15242.694921860932,0,2366.5337636929585,4324.834400857881,346.06478147399184,0,101638.78579034412,748.8748859334116,211925.7030576527
230,5019.086241048944,1699.9609456320534,24024.61934749485,331.78198142155605,2246.306343801627,8097.486977544101,6131.030710889674,0,2171.7050425803745,255.53796624831105,616.1740851534369,0,44621.716920557985,0,95215.40656237293
231,3769.1596356633095,0,13096.582737880935,938.4786469061696,8171.307971192468,7423.7952068455725,2541.6057334144966,0,2637.072295623015,1172.54986414488,187.9674666169945,0,8839.270309514302,0,48777.78986780217
232,3937.4758316753687,326.891043246083,13939.548000285688,0,3699.9709622755745,13691.451365163635,4742.654908678703,0,0,2271.4277502855416,192.48807035837115,0,25673.374812935836,726.9884626495744,69202.27120755447
233,6721.628872404563,441.31727011940507,14072.996770840722,291.0650150283383,11829.087601655312,12649.246629087316,4030.005826379796,0,4541.629141268077,938.1274376669675,0,852.278887212906,26032.68590137018,0,82400.06935303345
234,5734.436083757341,507.1291782553772,10866.008528232758,520.9983030960154,5672.118906134484,8130.103050569779,5870.787479993941,0,3293.0053601745276,2775.2320521868064,0,0,38597.51707198051,0,81967.33601438155
235,4433.026139747037,0,14970.556139745504,0,5253.176077165335,15547.39775977974,1393.7031139813173,0,441.694699096451,1987.3779223355264,682.3808548663956,0,40898.823808508314,0,85608.13651522556
236,3853.4560898558943,1261.846903956099,8541.579392712625,0,1103.6000030518326,6903.744682735276,4120.918676012594,0,789.4896596701093,426.97586438466993,0,105.9050112328553,6279.885411506904,0,33387.40169511886
237,3849.8801775480274,438.772563930787,6400.103620297867,88.6375171641047,1088.812613683412,10229.355561043232,4735.299809268098,58.179740784029846,1875.6424349109589,1924.9038904616193,251.78840153905293,139.5435331785104,8480.7503554224,0,39561.670219232125
238,5658.571516804284,0,6264.934623811504,0,0,8822.375343141857,3587.48463582814,0,515.8646989180413,1386.3330292035462,0,105.9050112328553,5367.272872631625,437.5424189726667,32146.284150544532
239,11001.983353488866,4264.219902963309,10714.811094332468,0,1928.4150505759385,10297.282448664844,3513.480040231012,38.40421817150848,2609.902437519795,2208.915531232295,73.31812049308314,0,13770.973908674412,0,60421.70610634755
240,4555.472224150855,1241.3768320330576,7478.900943404901,0,1349.4896921320724,15524.220360138488,4829.147748244486,0,1649.986869579121,700.0288030008574,64.53321633986022,0,5036.071195751666,0,42429.22788477534
241,5255.454928422902,2503.0944143237884,3323.3633660774017,133.86152184308935,248.80715072203884,10831.728567762302,3389.608418563635,164.1726177407371,472.34815011575046,694.200829139709,296.5592072532429,234.49029372013297,4258.833366473996,0,31806.522832158746
242,4711.272497783652,651.3053717861749,4414.83913227283,0,3101.4452054312346,10474.310987503424,2666.6395967037533,0,509.68520762135074,2529.1826694604847,910.5024422919516,1433.0511763540603,16403.35368200359,0,47805.58796921249
243,7319.992577087377,652.3903508462425,8105.3445957006115,0,10569.71632461968,27517.942874303422,6875.5618116450405,58.31041950516147,1382.1090723762115,1502.587838116206,33.73373524375225,2486.7129208131714,29784.67485310097,0,96289.07737335793
244,8022.388710566425,959.8794687850498,21036.86197695477,0,4406.636576331793,11592.358649371756,2865.258109714914,0,2020.21211236711,3023.598955702055,0,4325.57535392694,34416.11223613183,0,92668.88214985267
245,403.2869194260314,0,3374.6402220460077,0,429.3121565308614,5456.924813642875,3178.599801896734,0,0,502.8955198225046,0,0,11579.423014826692,264.71966551674586,25189.802113708436
246,5293.415309875565,0,10503.08079249182,0,1712.8394971542684,6246.382294013039,1098.6026552832477,0,816.4671555754531,1516.4853440875734,0,0,15867.40669897038,0,43054.679747451344
247,7701.538677783986,0,23228.22348554954,0,11292.246459176207,19284.59981549144,2166.2915769475535,0,3078.354808500615,1598.4491938690403,0,0,37625.214372398266,0,105974.91838971668
248,0,0,1119.7117864322447,0,0,80.2118145299875,295.2151115811237,0,0,0,0,0,0,0,1495.1387125433555
249,2755.6665010901656,555.8537992698044,14360.173450935396,0,2436.709519982823,8864.194961810193,1642.42615155179,372.5147569007912,1036.142291382489,949.7614818817375,0,339.0999057440472,20065.42684536282,0,53377.96966591211
250,5264.915590144427,0,5506.609999339144,137.23256871641408,633.6668524939656,20845.609903389468,4432.462016036781,258.31110402857934,1580.6247030454294,544.2364816615808,0,0,7650.531211775569,0,46854.20043063137
251,2905.5287468411393,0,629.6622644804349,0,4386.951399308389,9536.822444945436,1930.105543934396,0,2164.545245414198,1741.6985650865458,517.2005647088336,0,7811.2005681061955,0,31623.71534282557
252,2778.374091674774,0,4825.187398010838,0,3656.890165083908,12236.90472541821,2863.5648559484785,36.721267267110655,691.08480046795,1194.0572042928434,0,0,6082.342578159323,207.98620172033495,34573.11328804375
253,989.2700981559091,718.1804993326485,1864.4019763345168,0,158.33170879384187,4211.110310285011,610.1824647777399,0,0,105.691704001288,0,624.7439208851331,4177.599666342823,28.81386544696207,13488.32621435587
254,25927.9767305496,405.4152869926162,17048.672076943243,747.4986742800692,3463.200835218485,25295.259332906528,9012.966949733005,0,348.3482235046981,2457.8287526183176,357.5152906947294,1305.4933886761294,14599.837541368022,28.81386544696207,100998.8269489324
255,4122.630162195903,321.41471303819736,13672.991200322253,0,3745.396610136137,26098.15620807596,10100.61689940188,0,0,2466.5203666205143,0,1830.2768751505732,29514.56804754793,0,91872.57108248938
256,4714.593020655662,0,7080.118551887181,0,624.0700821196447,12647.23975573085,5156.562827648995,0,2105.834498269028,1863.49391968164,0,0,14020.332513807933,0,48212.245169800924
257,7632.726483655542,306.41420480817516,10831.093964229303,0,4797.3559379065,10254.657262504215,730.4883586266116,0,1406.139259822462,2827.0645632777623,0,397.4223765924166,12860.476406280632,0,52043.83881770367
258,6567.814109771952,684.6808853957216,15514.0532427756,0,907.057784289054,18001.879391832023,2364.1539715249673,0,1291.8628960959486,1001.040692226444,0,1783.617750195722,33620.49574053876,0,81736.65646464618
259,3288.7041997882043,992.949519198545,7487.449367113553,0,2828.076479773556,6241.78960392865,1718.0345176198373,0,607.0470571434378,458.4355055335552,0,0,12275.008275096114,0,35897.49452519547
260,8274.667946951751,0,17198.604042854244,0,3165.4188967142986,9258.710037572144,2869.6370196797257,0,326.866608085041,2265.5476453230435,0,0,20426.76844774522,0,63786.22064492552
261,8373.159229441428,0,16312.53891357072,585.5146523970163,12753.218673613685,14020.962597034675,4688.204955255802,0,2462.2408534768456,1319.1879284340987,0,0,23461.67569663703,0,83976.70349986125
262,5930.914042909607,0,22333.60734529392,0,4221.542120812799,7233.012760897712,3204.1693325744136,0,1661.8372206986253,0,0,564.6558558947058,28511.24822828043,0,73660.98690736222
263,11262.133437206874,1208.3215918095802,9937.897830271828,0,6610.18914182755,12973.01434822928,3742.9611042362662,0,343.94176633039933,3805.787109380373,403.16681086003297,0,45317.86147709795,0,95605.27461725008
264,8309.237291069956,0,26006.554197207985,259.25864774936906,6561.948604560825,24933.56538847413,11325.718010738725,0,3768.669732430924,3986.923679272662,0,1624.2705654493575,29006.97857792808,549.183291232015,116332.30798611406
265,5319.652803282854,0,18058.42095690294,0,5846.929813227381,13769.736193772433,4320.689590906003,0,1347.3139636656556,4216.006836510369,0,564.6558558947058,28402.340994033344,0,81845.74700819573
266,2126.4686554280197,0,5454.454073345527,0,1636.0013535792143,5902.082179162708,1554.1858905934396,173.7330618097766,1011.8643433054842,680.8959481711329,0,0,8747.285939543242,0,27286.97144493855
267,3976.541720305068,0,8820.482048271462,0,1818.6407243831147,13312.353705914007,5873.92478361591,0,1783.0419661015387,501.965614006875,489.8927845080245,1530.9449983141744,18710.872911047056,0,56818.66125646723
268,1855.3835890934888,47.603209325182775,6536.522672011577,0,1948.3101244385227,8328.385797143064,4550.156669561186,64.43408871576804,449.7668560193705,1379.1350005648198,120.40872482808427,98.31280996878941,3280.6052091682895,42.54094945222595,28701.56570029037
269,5335.110277097432,0,6083.297907287799,0,1743.8937813914438,19214.907851038377,6512.45527087101,48.79866161395291,3979.899221995553,1117.4028979404295,0,447.02294511042874,14408.00769869232,798.09806936897985,59688.894582407745
270,1491.2054720392591,0,3889.7653735780505,18.789584509547616,564.1170236241003,8911.455668425191,2152.5151812857716,0,1146.106917954445,990.1212477682477,525.2754608283234,0,4670.686938920062,0,24360.03886893301
271,2793.397660426599,1773.504381873572,1625.0181520372762,0,0,2696.776970436423,666.2349603902211,203.01025110739172,3014.334612223697,1768.0869706868002,0,0,542.0936932539845,0,15082.457652435964
272,903.1622955157135,0,8016.7364803569535,138.33543342943037,3411.5646081568925,13258.399089997158,6311.618470949087,0,1676.7734431732624,939.1726394940256,0,509.90765975523107,5067.096785801135,444.43667887883805,40677.203585507734
273,5061.87809583457,0,14704.111292651553,0,13681.935941420905,22015.083663942452,2631.7594100960146,269.8220691543362,1010.6345390069478,5329.967171067887,40.4996231550819,56.91444353589624,23686.18532548583,0,88488.79157535148
274,21006.702381287752,0,20876.047208794913,0,4375.373230017616,22596.58001083803,3126.323184251566,152.02304924286537,2007.527464497336,7254.950919004067,362.69440009724053,0,15379.504735429471,0,97137.72658346081
275,15704.30463457388,257.1419603040662,8093.662550859784,0,8874.324727025101,16585.40983543433,5620.3107494771275,191.86614171005604,4404.030063445128,944.96590677523875,0,402.2765222336984,14190.74797661438,0,75269.0410684528
276,16977.72002070859,0,25480.15329617553,0,4195.4270932603795,33359.57223692825,20923.82043972372,179.94985078034568,2260.0217376486253,5213.470885137869,727.0276385778111,0,31931.63898226713,798.09806936897985,142046.9002505774
277,6268.432394295579,0,7938.606502373802,0,2614.101075146521,23077.100954524987,13109.654824475869,229.31229533862583,6609.657906678476,1554.0842742568768,0,504.55863555457125,7966.15492654295,0,69871.66378918824
278,10287.320096389074,1023.012334948976,46320.210824667185,0,15962.277189337065,11405.13194500718,12418.637963943538,0,2907.7053976667858,4453.202692405869,868.5107485894304,1835.5615909927676,72212.31931321642,268.78977489538016,179962.6798720594
279,3768.547036614322,1258.3934735248245,20308.008968421607,0,10424.925333901489,7822.065181850827,5294.489835258866,0,1249.8627646109512,4239.969262475149,135.54193728925537,0,22281.297850875868,0,76783.10164482314
280,3598.0269400284765,5218.230398216714,13735.445313570135,241.0599366929773,1062.837379713896,18380.255502565786,4624.416019276611,0,1231.9048971590337,1739.4234484765634,630.7324607520379,0,6774.387604525195,0,57236.71990097738
281,2037.6303487066612,290.4635125866255,13293.987204018518,512.9701124809034,4402.463262024438,16117.387174329284,3947.253330607036,468.607893718812,5670.123945555765,2876.048326500044,0,0,10393.649378162356,0,60010.58448869047
282,841.4593118004669,2641.512843720296,10231.012254472902,0,3237.091792273128,12363.450081764568,8605.90949322535,0,1889.2714170780823,2423.5429990587136,0,0,15039.420074163114,0,57272.67026755667
283,495.1307071598048,422.2718005945546,3214.4940212131214,0,1496.9733024726863,10352.202902992592,967.51771757489,224.24575449814563,569.6975172449912,541.0211661081669,94.46375175339182,0,4838.388751020428,0,23216.407392632773
284,3978.0521136211046,0,22818.8127342161,0,7433.960326648436,7033.66389515204,1855.739307821134,0,621.4020091413745,8145.209017783454,0,0,16610.514210212757,0,68497.35361459645
285,2847.243187755941,0,32313.98255637133,0,9990.371931496215,11227.747788190854,6189.115160622192,0,1691.0260695108982,7836.50128485203,0,4355.694089881912,21321.542940034953,649.6229645175498,98422.847973234
286,3476.445225745429,1622.90540171125,16542.231518499317,649.6585896681254,1898.8625328542605,10003.751981390478,2130.4409819069424,0,228.37499634731677,1642.1908765507626,0,0,3303.7994395604564,0,41498.66154423436
287,1362.1041995037067,2439.0239828840186,13792.445109486056,0,5380.563287838929,15544.680251378364,6136.757106458152,0,311.11177795270385,2536.9492348680906,0,647.4271535714199,9275.569473776464,0,57426.63157771791
288,1094.4291937418534,3891.55980699598,7439.8803104622975,417.6068057249025,4640.249124975794,14415.500347672054,6884.660140603516,0,312.5667368419156,1110.8907390857912,94.46375175339182,647.4271535714199,12527.892911616686,68.70383996503544,53545.83086301061
289,2897.9600547947475,1046.7079635878708,23591.30812213731,274.26862464520036,6564.529328589045,24015.72127327959,7670.522646901944,179.94985078034568,480.803987338459,872.3953317251008,418.6916795217951,0,17023.198344060394,68.70383996503544,85104.7610473268
290,7665.606183085396,5840.39474922801,16526.658432384473,0,12045.365208934469,11808.849569083452,2399.546913591585,0,637.7920093131497,1828.8006475264503,0,0,10934.569799362924,0,69687.58351250987
291,5064.13406121926,2014.4004521954073,28855.47942257707,0,9251.065804584621,13457.255633187902,3436.650228536425,0,1607.160711939474,6493.556866722415,357.5889201014783,0,17057.68516251808,0,87594.97726358208
292,1710.912809035803,4284.507904816987,14534.095448051976,0,12948.814105928242,6699.403868438175,4794.986334604118,0,0,1834.913717986473,0,0,36320.40269002733,2959.85964188354,86087.8965207727
293,4946.456516496793,4093.689865513736,22279.78762606665,0,2502.3435124234265,12141.28842428822,3051.6217449503165,0,0,1239.002620149242,0,0,23428.520093938205,0,73682.71040382663
294,7710.4600462932995,3129.893900074009,16360.853650024124,0,13576.28213802144,5017.557068463283,3766.4260379383527,0,1559.7891863736231,4973.063111433405,169.15456117456245,0,49283.00028652259,0,105546.47998631863
295,4551.855458546347,11185.03271101924,26056.13470242211,0,21068.915055708465,6557.802074611472,6762.511642406849,0,0,8318.622567910912,1578.450627371613,0,56285.4194532204,0,142364.7442932174
296,220.6551003851243,339.4074389172131,1756.721797819844,0,1120.1135449834626,808.5959948021361,859.4292180526165,0,0,431.52167558469074,0,0,2634.970785209792,0,8171.415555754876
297,156.82670026058395,599.0928535282465,1020.1340534989172,0,1387.7420454169908,3051.8840011619645,714.7805943880636,0,0,257.73348172168056,0,0,283.83696615063656,0,7472.030696127082
298,8973.856353053568,6398.05176285279,51709.142087767454,0,34930.12697934495,19467.103988941504,8465.950409454746,0,876.309690362924,4976.914075882502,0,0,76860.45324669319,0,212657.90859435368
299,673.782961623491,501.26827854819817,3011.937833588489,0,1702.823619053356,1492.21635941792,157.16608897809553,0,0,441.335974845232,0,0,858.8794313634411,0,8839.410547418223
300,102.04200587907086,0,0,0,0,10.279284804018989,0,0,0,0,0,0,0,0,112.32129068308984
301,31514.099398090868,8787.973342094228,39036.740538397295,379.67535153125175,5344.849974492051,51880.56792107434,9555.7833825515645,271.00580798650964,2386.881429624093,4039.376072827324,0,1728.9476658133344,17233.83026460979,42.54094945222595,172202.27209854516
302,5399.768560099071,697.4767937212362,15587.656606547032,0,1326.584667646848,14476.434887724525,4405.543370630694,397.38926802789376,651.1333597492892,2430.3462375578065,0,317.9731022583043,4214.133446566172,422.2700642421262,50326.71036477104
303,12321.47301934797,1047.5134807721658,27421.745287742877,0,3240.2238180606973,16571.463685727627,4519.405933725589,401.9995521255899,1675.5338605459492,4242.209487221947,0,0,7176.519398742748,0,78618.08752401319
304,11310.431023114666,1823.5835837911663,15564.43566167818,0,1939.45300216544,12797.307310597,1064.7834694582764,291.8135259814206,1406.5812819124662,3669.8532325532506,0,73.94482061497382,3186.4714259116668,537.5795497907603,53666.2378875693
305,12201.784345155163,0,29471.582808820192,36.746809636877664,18273.439813708817,16016.865149899557,13745.060765986009,0,721.7620592236037,3926.8298038932935,501.5354459932451,2169.881611164945,31400.279050253404,0,128465.767663735
306,11757.084361687155,2135.5106631742633,37372.843830280384,0,13304.692539294,15761.961723865488,8858.838670578723,0,2551.744422212957,10303.988126645658,878.5125889614426,1813.982754190277,62989.977954997885,0,167729.13763588827
307,7688.464196441963,547.1154756321762,28141.273263989977,0,6932.270610931963,12239.603411494558,3335.727105522346,175.86552726541177,335.56770825114234,725.87329793003,514.8995574971249,2470.5810443924843,14953.918460578108,2203.7463479684757,80264.90600789571
308,4439.498006195848,464.249241892196,31333.09095784584,289.3835154978472,21752.60189827499,10021.371762442628,9551.403243084033,0,0,1515.017184305622,371.59474149155346,0,53238.527560335824,0,132976.73811136634
309,1691.5265010395613,1128.5456037623196,14891.430534851816,0,7025.540238238183,6554.061809519187,3474.131314400301,0,0,1075.5983706502032,0,0,31476.498905851033,0,67317.33327831258
310,8189.448191999007,177.44262903104234,16030.52808271276,0,10660.346429188372,4099.435458085941,553.0667477918312,0,0,2216.6478933892563,0,0,27712.06339389275,0,69638.97882609091
311,2046.6539134476727,163.1108616373943,5965.683801749384,0,1154.6283698749796,1528.6346222049212,650.7458592760211,100.51672049796476,509.71129462725554,179.51080984416902,0,876.8448841912907,18775.838797416945,0,31951.879934768007
312,1835.7284628611617,3502.1412600213102,30642.138543135985,278.12185944618847,12771.26328504912,7119.6367230302185,6172.4540784365545,175.86552726541177,1620.7654756289394,6493.216473481054,1542.629547927988,828.2956817214714,44415.20923042919,1766.2039289958088,119163.67007743052
313,6127.480917110172,370.27834133061,13841.1267801323,0,7314.764991748374,13392.91032438309,10193.156433053036,128.33428451402105,1021.4677950236594,1866.8415031579707,0,0,26015.873819721382,241.43256428420187,80513.66775445883
314,3149.0615026806095,0,10749.107013149223,0,3794.9573214511265,3627.7227424695616,2552.038954176656,250.5116456336685,511.1265381831722,857.2440424765355,0,0,10189.495727159505,0,35681.26548738003
315,11307.19148285472,0,24826.445453472745,0,10986.58570258314,14836.778526770677,6215.114886432183,0,763.7017396621218,5108.411374141753,2053.7040754422674,0,41998.30810426767,0,118096.24134562736
316,17286.095942353466,276.52950638005365,25192.12216153304,0,13091.559977861974,12513.68114162151,4764.782239197021,0,854.2624047566089,4875.202770248576,768.2869852180435,0,57028.611670754115,0,136651.13479992427
317,4961.936600702291,2213.241422146491,6894.499104392012,41.216675170895755,334.90523465339095,14399.90762028794,4086.8290665506743,321.26958447412005,1017.4905620822328,2471.4390836073976,0,0,4887.449621707866,0,41630.184575775296
318,1053.8575135694605,550.7411912629717,2085.7390178872283,0,134.57745836622274,5962.137486519899,3101.3986231519343,26.96112055906255,2615.50573612639,112.36339297372304,26.83111709119675,77.14076692824563,552.4687189182582,0,16299.722143354607
319,4801.472285998793,719.451280781818,6500.810400506336,502.865100290578,1308.1809919284833,15444.045547029304,3731.324824128084,268.67708006771363,1633.381316010402,3128.9361148108483,0,0,5031.619950830771,0,43070.76489238309
320,3604.635130338655,163.33637589485878,6330.60030845012,268.35316653991697,198.8253740157423,16410.187805843405,6865.841678482492,334.4115923136807,667.0320351894098,2792.898117588756,471.7127129436943,0,2059.1207538944727,22.35802508791953,40189.31307658321
321,4759.1715917742085,991.9157979597744,18956.020320985695,0,4564.506604791805,13816.927972978592,6019.097509445245,0,1540.7007248812338,5544.510615940134,1106.0275500339017,1908.3781637918037,51662.57673868316,0,110869.83359126547
322,9257.308447437817,330.39690814215396,10960.172518396115,0,3417.5094956284775,25693.87169403467,13395.963200520671,153.52656952718868,1559.2665999729024,3452.059815967463,188.49722631412956,1084.9408055824724,12821.438076521214,22.35802508791953,82337.30938313318
323,4429.3047237002465,342.169360872418,9715.480863419674,162.56098481249214,11245.742295785854,31367.250726812003,9856.91807287628,1498.5188812017454,5018.320034559453,4683.678015298748,514.8995574971249,0,7454.238819181704,0,86289.08233601763
324,16006.974126914723,0,11738.501003269806,502.865100290578,17022.567239576572,10590.72184527338,10328.449480446763,0,1583.3859038660744,5089.043882576105,250.01154669707464,0,23533.233216827844,0,96645.75334573897
325,14190.911233439849,0,13242.34192423494,0,6507.783617109831,12139.517733608584,4159.459155344139,0,406.9886245523345,2365.6417696060853,259.1377192604845,0,39405.318879357095,0,92677.1006565133
326,2692.775560341371,0,13099.373131277289,0,8423.3967203553,15223.265237878566,8882.309416436996,0,1837.755879663115,4996.6402248926215,0,0,23287.024102836316,0,78442.54027368162
327,8911.412572999667,281.8988221124098,17538.91477885799,0,773.301769051246,8678.946514832705,8447.793885234143,0,2529.3161866668647,1842.166076183162,0,0,24704.946417647443,0,73708.69702358566
328,2704.125193775765,577.1635735643524,2595.9059159244594,0,2142.221175534056,16809.934442883074,3319.712761120095,95.6683848424535,1934.052065378614,211.74877074882912,0,0,2749.7538828009965,0,33140.286166572754
329,3379.115447796389,0,5156.710593240806,89.14617742467689,2193.224118734666,11152.002427546044,3963.159354924935,0,350.1304159779115,303.81848359874726,0,1405.627799884811,2514.154613209015,0,30507.08943233803
330,8468.941626709937,168.37941338854617,8161.285123662714,0,3125.391610868172,19220.724533916036,6225.973101348163,413.55442285083177,980.404663446098,1876.1315481350823,297.82100209408657,336.02617062158635,8143.142632306022,83.38899862771652,57501.16484797498
331,5008.982417642943,0,6492.16333992542,0,1926.2926417684591,11509.864680777628,1314.8439530980534,0,781.3704504259052,682.9495671241348,0,0,12112.731341973247,0,39829.19839273579
332,2679.710226476666,612.0515990657528,10884.173676245298,0,5352.023699113979,15170.066154537755,6488.249381552708,0,853.2497463950928,2338.415693804329,0,0,13891.013972741075,0,58268.95414993266
333,2712.802744396594,0,8988.061360669715,945.4363328262828,9841.002276857898,9161.977257121607,8560.532174457707,0,915.5914753061084,1474.519239706986,0,0,5889.133614478095,0,48489.056475820995
334,525.2212201304086,0,5684.682658575631,0,3550.290462284651,6446.278486077112,2136.0979086547245,0,780.6502861307872,1163.203155667248,101.4370257095504,0,10558.724915289467,0,30946.586118519557
335,5362.225681737775,1142.642845151233,10754.941171136566,0,3433.3221619957426,11330.251496983845,2445.3041229324504,0,1602.0797559701743,639.6051818072483,0,1386.3998894962724,12457.764225191884,0,50554.536532403166
336,1705.7554102486106,0,7250.989590535955,152.85666336275187,4094.42075998504,18056.859033361605,8786.079975305633,0,718.0692977676856,2423.169200577073,138.14834669195986,0,8783.134834700519,0,52109.48311253682
337,3080.6459217377223,3168.609935930611,5181.942507338825,0,4668.078081958611,26486.730346388427,19914.89594767456,0,991.8217725810506,990.405013482657,0,2522.790051750937,4010.9186613083425,0,71016.83824015172
338,1189.5226576168202,519.6940087499537,6998.362630757513,0,2263.9271382478796,11820.157945835675,7377.682946199971,127.76112022952454,280.2708374662971,475.36281854034365,0,1076.6290928639155,5120.467685115997,0,37249.83888162387
339,3265.112979388504,5831.776175072645,11810.11412716302,0,3490.5730171792466,7176.636137564984,2654.7136184183382,0,461.9671718760915,1647.6398184715251,0,4357.366209301326,12150.98667264304,0,52846.885927078765
340,16846.644534792405,5537.905581988093,13042.832129184946,423.3878570449904,92.28218774436178,18928.75828007535,1087.7404211531716,0,2833.927499256351,1814.2571242442543,268.34142424897647,2124.8806415881995,3837.6987828340066,116.62087156924667,66955.2773357244
341,3841.930770983354,1410.5075164599336,4092.9042142819126,0,796.6024195421448,16991.20599763359,3260.0839115570734,0,624.4822978269772,34.870793375163956,0,217.4420677999953,1608.4428684436734,0,32878.47285790387
342,3571.4645205845704,0,1187.9406126936672,0,3082.9157190332003,9061.337239572615,2191.389620806563,0,243.82417930536224,130.16287976414196,0,904.8777000426855,3704.7580359741487,83.38899862771652,24162.059506404657
343,2478.324638033303,0,5677.271905831369,0,3949.278672754044,14110.151472116577,8968.88140498972,0,1540.8302146594513,1548.2353595249338,0,0,11653.80608352106,0,49926.779751430455
344,138.3723293186413,0,79.28724484620807,107.47990230796783,449.69873601261133,3843.786636391005,819.9845518868256,67.2577176251157,0,351.9376841042341,30.749406515253636,0,61.49881303050727,0,5950.053022038369
345,2196.629759865679,6057.796217997921,4139.554305278609,1376.6632780503244,7170.1983468810295,30378.654901785936,20688.418025165152,0,2017.2507075099888,661.6380502191105,0,451.30176127756255,17403.767601781463,0,92541.87295581281
346,2698.1329992452156,4371.71810015511,2641.796401943586,848.5316256385939,5055.347474787539,8751.267033228802,2087.746857789682,0,668.6619316212793,396.8695014464879,519.4869630475924,2561.9838024655214,11950.478732758504,0,42552.0214241279
347,0,0,338.36700302007887,0,0,733.6681917177315,359.419497826774,0,0,0,0,0,0,0,1431.4546925645843
348,0,387.4082251104489,21079.99205397317,13949.124448613831,22069.45819624312,32715.934916670227,16225.20450579818,0,2543.036545979379,7942.821969678659,0,1614.2027312922078,37291.17637987925,352.8550818719792,156171.21505511043
349,136.5413963223564,0,4394.189098917187,5996.537059420256,1912.275883926376,6430.730036517115,518.3228992667523,0,236.61521474495373,246.273940157681,683.6392690812074,0,3953.5318401460686,317.18855583802684,24825.845194337984
350,0,0,0,0,997.3968263169273,0,0,0,0,0,0,0,0,0,997.3968263169273
351,665.4587228048078,8935.276140656591,8843.439166770293,519.4869630475924,6088.665840258972,14276.298150656618,10761.315546077363,0,1399.641653183082,1824.1118656403871,1840.065802238292,918.9353112623951,38282.64779025154,662.7281712187059,95018.07112406666
352,1627.754117505317,7151.703789823216,5265.039123637504,1881.400846560574,6136.759684552877,23743.335118464165,7104.076692883645,0,2205.7455197276845,6273.182794726011,508.87291784860054,0,26790.363655417168,0,88688.23426114675
353,0,0,0,0,0,2062.001216320742,424.300844567101,0,0,468.08254877629383,636.9395701094923,0,0,0,3591.324179773629
354,,,,,,,,,,,,,,,
355,,,,,,,,,,,,,,,
356,4605.521019254261,6020.639464452005,8459.722987071826,501.7576260930104,9498.070427712437,11968.96554462389,2767.238021935971,0,2736.3737502898375,786.6182822895373,463.1793176875777,0,39700.639397231746,0,87508.72583864213
357,4395.328881805371,11531.838164903193,6034.148429926034,6096.142519843817,14493.854482857838,9861.43673131776,2614.4482373307046,0,1515.3330207288832,1637.9210044804072,81.50584625816376,1493.9474589500587,45823.9060092129,0,105579.8107876151
358,203.75864976587067,385.66969630950047,355.9576348633334,360.01100076481424,573.2971601540403,1297.1566941201822,0,0,0,489.0350775489825,163.0116925163275,0,1821.5475109966071,0,5649.44511703966
359,1630.9065382463946,0,1619.9739796704116,226.0323172204631,7070.051744672104,21290.703790890373,14153.134290191752,0,1367.9166635887973,11932.364527446192,0,2402.4433719344024,31980.169239386723,0,93673.6964632477
360,0,0,0,0,772.0689636191584,13550.741767042042,6177.017284472262,0,465.2619226865665,527.9632756005454,30.749406515253636,0,0,0,21523.802619935832
361,732.0924871122413,0,1429.7287500658383,556.4535391171505,6103.368742175323,7162.157103266619,6935.003758274938,0,0,2921.7423724490473,0,1186.7871668186162,13808.13418243714,0,40835.46810171689
362,820.5642597050289,0,371.99345178333306,723.35002347449,3148.7334797244685,7857.325660993216,2379.9416754791628,0,465.2619226865665,427.1095769172997,0,0,6470.039761949318,0,22664.31981271289
363,3240.09750144981,593.2051570695481,35251.702566264416,1470.1920064934911,4383.482323482571,15728.381529106931,3299.5028255507195,2183.1550573658183,3785.4285009570985,1573.2570003191026,40.96337131171278,1111.1101923912595,15390.825252463495,0,88051.30328422597
364,2579.557874249543,492.6196553804862,25749.08303941741,334.4326467713651,5618.5709496082345,21931.03887232633,9898.951088211135,0,6477.0892932273655,3740.83106534893,0,730.068614231422,24385.47353952203,0,101937.71663829428
365,121.25845243372648,1493.1346856401017,13130.498347873796,2557.116920647322,1037.826616307474,12864.93439625573,1081.2719793376027,0,45.74860126028831,1016.8411439300736,0,2405.544986312426,6968.675387870819,179.61012310337765,42902.46164097272
366,443.9244344865157,260.5530745594984,6426.404257486845,675.2008928333371,632.5681044383431,4862.503215664285,692.4060763748264,0,209.6827288598312,972.6330909277644,0,321.74182430881996,3284.1262194064584,118.46435769205507,18900.208277038582
367,1272.853221677998,0,17717.74325031412,2533.7548004610535,5657.080656998773,24869.40300562607,4950.333605739857,2306.205937674785,2576.088774577331,1616.8744765369065,40.96337131171278,0,19874.28180426193,0,83415.5829051806
368,1247.1833332428002,0,10720.046761088866,227.20449590306745,10095.664234001364,16200.508909248363,4580.706692374742,724.0727138535888,295.87298720631213,1042.3771935459908,0,0,9317.291203106548,0,54450.928523571645
369,3531.889252250677,0,9890.92840685144,1044.4581032292683,3483.2266610517117,17745.227508918928,7039.268045363706,0,943.4191112180541,333.23929350073814,0,1342.1304550672576,39300.49789852658,0,84654.28473597844
370,3193.474821021887,0,14164.64154572818,972.3786684704111,10817.592647322825,18322.92261902096,10060.207963376482,0,2623.3525145108056,1822.31240663958,0,0,27595.54389076266,674.7593974513857,90247.18647430513
371,3340.717499997756,0,24245.314714789944,1332.0283298690051,19059.311376448273,28541.220465999464,5307.160878942187,753.9797931198361,1140.377233030415,5361.366824652556,0,0,48020.08594104751,0,137101.56305789703
372,1494.3942705784916,0,14405.693599187802,0,16172.780068672717,11915.738011778449,4052.920773934215,199.41100509285667,1756.0732015201083,4420.522416860307,0,688.0392768217113,25275.033777102013,0,80380.60640154869
373,1548.267083598038,990.0746390397761,6523.374630464784,477.84521476671154,4488.134933080025,11018.041474099067,1011.9878196439444,0,1044.0687440045783,1494.477605001749,390.119899455129,0,27962.905036734657,163.4392343145824,57112.73631420301
374,2180.739735079018,0,12725.4112232224,1044.256062170862,9177.047539528685,17399.17655235994,5821.983402667218,0,643.213901855953,6542.729977078441,0,5650.459186694028,19335.63373735598,0,80520.65131801258
375,666.0697948778507,2791.451657767569,6203.907765625356,5175.666826150599,0,11912.734242579105,1907.152321250603,278.43886608459684,4383.606036703394,2095.656796092867,0,1675.6505536100358,1577.8520773402254,0,38668.186938082195
376,3157.267912454239,328.43002708354817,21123.473894271163,2514.595409535926,10105.513462248004,25161.403073043988,6243.018962378963,0,453.65014134843665,3846.04718956328,0,5764.308658367577,49088.36644007428,0,127786.0751703695
377,1158.2935929350672,0,10182.098384526937,5798.774677119607,6540.1392235472385,12983.612635196232,6348.444325343691,0,282.92331618041527,843.5037342660269,0,5175.22780116035,33455.4706815558,0,82768.48837183138
378,4395.467453797137,792.7562022622002,36552.56343032172,7672.966343937082,25001.89781623734,33256.86015778928,15514.862474817844,0,1699.3246705864713,2076.7928530071586,0,14398.200546478296,104517.78542305184,0,245879.4773722871
379,3383.4033680044304,1031.3150925481643,17569.912013856152,4395.885828338638,10094.494371869405,32523.63429242208,14324.291914271687,0,0,2271.0871188808105,0,5344.061185542696,56115.52397615903,45.74860126028831,147099.3577631535
380,1027.4878906778167,0,11077.213605993302,285.8086777804812,10789.865352523791,11714.893387784316,5127.384085462971,0,3000.6774351735,5793.739596095198,0,0,21118.432524349875,0,69935.50255584123
381,1366.5709069047473,0,27455.488072329048,3846.015898346111,18793.226872538595,14865.6738215288,6870.203872624616,0,7712.550610911639,4618.670211391927,0,0,38298.80801079433,0,123827.20827736997
382,,,,,,,,,,,,,,,
383,0,0,19353.379032725712,4224.743326740881,13995.227793441312,19285.359800788017,2737.392535228023,0,4864.990808278052,4950.889068682324,0,1398.8716277971916,45201.9566685338,0,116012.81066221531
384,1577.110293477815,0,17545.468913330595,6500.6159965517445,15443.336448562748,11309.315932963733,8414.978354056257,0,490.03292700548,9119.542903818206,2626.7459220682836,2591.7328477681285,35701.37363737717,0,111320.25417698023
385,382.96116929900097,0,5189.026845686525,1263.7164578243317,7564.839615521965,4350.439038460051,1685.7928655931494,0,0,0,0,1070.7931892224196,6964.250394991903,378.1642602317767,28849.983836831132
386,,,,,,,,,,,,,,,
387,0,0,679.1337159929493,47.075773327044566,1186.1711050565657,2252.683922719899,1879.8878693762103,0,52.64311777739867,64.05969753635247,0,1627.869427123167,1481.7774952157931,150.8257037044023,9422.127827829781
388,1882.4515320615792,0,19926.14475900764,3906.5850125410097,13767.516210046662,30225.70639643871,12974.272166890953,0,677.2270367612717,4481.1926795777235,0,4434.804355673765,45698.2272497854,0,137974.12739878462
389,0,0,3101.2710782941367,0,0,4300.442622713724,1480.6416916278745,0,109.94130394222604,248.0275816936617,0,0,2158.797007274121,0,11399.121285545749
390,265.07384715055315,0,1685.8247919216826,2417.2144571540352,12616.804684915489,12664.937907766069,5086.63031198871,1164.4897210917202,931.0008203650532,3162.77523978102,0,4390.539237079711,29238.60311326263,210.76919922437443,73834.66333170093
391,0,0,400.92009044635734,251.48687925163856,1964.5271436514815,4528.4580801719685,1684.6929472999573,0,145.4899043110705,302.79225010883135,0,0,668.4871586979833,0,9946.85445393928
392,0,0,0,0,0,0,0,0,0,220.19514801059745,0,0,0,0,220.19514801059745
393,0,0,0,0,0,631.8470210311439,0,0,0,0,0,0,0,0,631.8470210311439
394,11469.89594156444,14821.674770499656,8482.12650540755,1170.7525115478416,11259.253094293954,21720.58172858297,7093.020725397095,0,7289.984352556038,11116.18738136714,450.31756331636115,0,55116.257770775555,368.8297280469639,150358.88207335558
395,0,0,0,0,0,0,0,0,0,0,0,0,411.9443194194421,0,411.9443194194421
396,10044.74770660192,14384.13129213506,6608.023342775336,914.6731006899053,11549.791666313527,25983.94454567024,10113.646645309564,791.1753862185003,3916.1190072145264,4228.227286521204,995.4388241730097,832.1449327495328,55721.88444485462,0,146083.94818122676
397,1377.5570127589424,2004.0974645848753,2356.4252260803923,187.49756596734193,470.52319956209453,3094.4474007775543,3019.6299215681925,0,1083.3506362019075,329.9076163413316,0,0,19456.7135169217,0,33380.14956076433
398,4511.767271273274,17486.936745305884,4016.574989606652,522.6947970654826,5253.821218026829,40579.01347794102,23577.153489235046,0,3124.960557578256,5461.397172396651,0,7029.869838554084,64562.09420548248,0,176126.28376246578
399,4370.086481773589,14458.993230828395,10677.713410661889,1927.959778115776,5809.580231668706,25106.22665450009,8089.602330603811,0,3788.2052428463953,2784.4775568420378,0,4580.399551986877,78617.57549862028,0,160210.819968448
400,2453.179423590802,7880.183891522896,15177.071487939262,605.6467033540623,11742.63738992814,26040.396129274857,9689.717975525162,0,9171.797778747636,4947.793639873429,1003.8047857921216,2935.5909200054484,47111.20716214442,0,138759.02728769823
401,4177.981191129116,8267.3328189406,13183.287158391202,3425.203720566818,14568.425960977362,24407.68582743856,6690.0607925289005,0,13485.382753760454,4671.297347639197,0,5937.948600699492,65557.286613114,0,164371.892785186
402,3092.8703284428484,5564.15395260204,11091.756959035683,2148.035771303493,12790.044345775248,11593.777827107477,6232.259881653809,0,4543.796244682758,828.7865013878308,485.4392754346974,5449.429763385777,44357.81968837166,584.1480966418794,108762.3186358248
403,3031.9355406595428,10150.017598827768,20282.3232041272,8183.524653208038,13458.559376968997,29363.902616191972,11518.042388919375,0,7778.86575748124,4322.797800528355,0,8364.606119392904,71747.25346014508,1746.0676922220346,189947.89620867273
404,4681.654382489714,23719.21986211657,28496.867232674093,7468.0818863920995,12493.145431885425,99724.83744932325,50419.4122933256,0,13129.317893417,3815.761519924421,0,14902.198149929864,103899.3188759608,0,362749.8149774391
405,377.5827958117858,2498.8088663679778,5926.2120340804695,1816.909341271302,8735.634311743748,6485.836532332799,3029.9120548061824,0,416.29619613138414,667.0373187591222,0,2581.935945508459,11310.80859707826,178.70811710965344,44025.682111001144
406,467.67387018753425,662.8118612547905,3650.1715562692666,555.2992602289467,1146.2067919957017,4712.417244606769,1147.0780206072875,0,100.5355601832818,182.995042907149,0,425.4113919581427,10746.57699827328,0,23797.177598472143
407,839.9802184810048,6334.99091915992,29411.661861257424,372.64509229294066,13858.816286677407,37787.13430862063,14501.602051689204,63.33567476465671,10145.226243627292,2551.7832329728544,0,420.15260005865787,46136.80294022332,0,162424.1314298251
408,562.8262948713493,9356.888171765777,14266.833850086065,0,2777.553066701597,16817.55753451266,3011.3565449654297,0,2009.102003214408,2189.5718532716223,612.506277697079,5291.479473638843,23970.47831359771,0,80866.15338432243
409,1512.1701622390465,6585.405157813175,15245.9376040364,300.7864479195663,3088.406082542784,22934.092387816065,2653.610804895952,0,945.0274041521221,925.2070388795519,0,0,12898.461658099968,0,67089.10474839462
410,2907.952793650956,4594.075185669357,24356.562384490935,1567.675470547912,12879.937083398449,26289.679717734896,7020.271423499256,176.95011846796345,4386.963720183436,7254.643276248455,0,3292.929483857848,50610.85393197071,361.5949029287767,145700.089492649
411,787.6123496705713,4187.849186858051,6098.394034103259,0,4829.277910827851,11493.20165734928,3016.3704106467576,0,1038.5095897524448,2419.429075576704,0,8640.565830681458,31311.02704670195,0,73822.23709216835
412,415.6972710902571,1950.118276668755,4077.808194479918,0,4139.246757282242,5144.897409143506,1217.9674426420097,0,538.8369373700675,1146.3673987467146,0,581.6404262523149,10738.968733240972,0,29951.54884691675
413,0,33.11375141673685,4568.807390517395,225.71417855694204,936.8358611642569,4022.1617279330258,2358.204048552814,63.33567476465671,205.77692094616964,272.5353277751894,30.280127227312104,208.36225951092976,4553.1464274209975,0,17478.273695786447
414,163.53668991573662,108.42923379449525,4840.962467520339,0,1876.5306716501032,3367.7937588009304,1243.5422491521576,0,323.0613258416739,509.6228457106694,30.280127227312104,0,4887.294047210377,0,17351.05341682381
415,659.8834355824087,1785.837346046852,12479.31264746222,0,6210.767456270396,13396.147115508407,2691.168720908246,176.95011846796345,672.6875332760621,1237.8026567063807,0,3832.272672173923,12042.583171641008,561.094831172508,55746.50770521645
416,0,775.238734586798,3608.9617847270465,0,5087.325338762342,5533.60755567567,1629.1721065224767,0,767.1497056030976,261.3615166892342,0,0,4994.584592948851,0,22657.40133551552
417,0,0,0,0,0,439.3214399815493,0,0,0,0,0,0,0,0,439.3214399815493
418,0,214.14325182446285,2756.672366678071,365.5278541700862,2387.3134266020866,6622.67719186077,2275.0689824977426,0,788.22035418178,643.3097119783924,0,0,14054.011050898953,366.614118224083,30473.558308916377
419,0,0,30.928561100490608,0,0,0,0,0,0,0,0,0,0,0,30.928561100490608
420,205.4401371681636,438.7274635371008,525.3459826317498,0,893.2323009541332,2652.1469186523937,1272.6632295463269,55.717089396468765,104.15423817265383,453.2671330322996,178.43653485570212,0,9937.083290874925,0,16716.214318821927
421,0,0,0,0,0,0,0,0,104.15423817265383,0,0,0,0,0,104.15423817265383
422,154.38882786335796,653.4048747760114,2084.1046602455513,939.4870676627937,1582.6209331090367,6982.244644362686,5662.447670571578,0,982.554094099854,2701.1787773326455,0,2206.9964136297267,24044.41115250544,0,47993.839116158655
423,,,,,,,,,,,,,,,
424,1833.494994157987,5687.826501778946,6143.6845453837705,0,4086.1244316551542,30637.206249121497,16452.730849201136,501.765899368787,3993.050634106629,2660.827285661312,45.414041293670664,862.8445444360159,40312.43227569866,176.96404516741458,113394.366297031
425,1418.351036561552,2160.785846590385,5665.223533938976,1546.3396775730705,1145.0081591318371,24051.29083844591,12326.002420538249,439.45762758697686,3445.0450738788672,3021.723922201605,507.2779342278046,977.4329744733326,38273.28063162015,0,94977.2196767688
426,2012.6896203032388,663.1014353181324,4767.337069914118,0,3553.328288284777,23742.2890873208,9772.709820486476,0,5167.001927779291,1312.39081871001,201.23274327524405,780.3483188838957,19540.65191507755,42.629761809903016,71555.71080716349
427,218.79598166434067,2269.5635065036786,3498.474243001664,147.22808845813918,609.4312510510401,11489.09447118156,4097.045727842384,983.1670954166142,2055.4450219688547,618.2211974884054,109.20857921341997,307.56529711938265,4362.0802513737735,111.72630435098908,30877.047016634217
428,3049.4656309262723,6578.917808032874,8559.147939272825,9132.244654258162,675.7130321693073,19367.380868923385,3405.1896309873637,0,5661.415773609014,2037.7016745910144,264.241514830221,571.834223042184,14762.265552400744,0,74065.51830304335
429,5051.277220703469,12999.93923606218,28295.64243241015,645.964319140873,8879.984063896276,106555.08661638692,29196.360188007216,0,14437.40149025848,5033.341125772445,1362.4177905170145,653.9781733852562,40467.30763477663,349.0278432433761,253927.7281345603
430,0,221.22990552624148,4092.696567130225,2080.492705850856,3523.401163809703,17908.80349456329,1984.946616455069,0,8390.063367018813,1568.7282480101787,0,0,11408.051912838186,0,51178.41398120253
431,515.0986432709889,1400.3999073158648,2239.9080905540422,0,3154.1181246672368,17007.74754249585,11957.096071287511,0,1458.3260701661325,1507.6902067178353,0,0,4847.308149834551,0,44087.69280631001
432,817.9300790595925,634.5076296538701,1843.6012757839828,101.66425206975386,608.396334371894,3946.408709023294,2020.3329573887431,0,585.5839258569681,2297.684806475637,1297.9244318505723,431.42227221800795,13215.99636307428,0,27801.4530368266
433,2999.680651286863,948.8426233552703,835.7297255686284,0,2946.2569881737777,22154.734143849233,6844.560378156603,0,1316.1837908461173,856.0474043981646,702.7516633296275,230.85423474194135,10485.352213798436,0,50320.9938175046
434,346.2083376975229,3549.220330997491,3507.681387288796,2996.2646632155465,6920.629955947115,26338.23346971572,9682.949941509583,0,2756.9935839563104,1432.0999548075824,0,254.1485820228144,16775.56730863403,0,74559.9975157925
435,0,972.1651341721741,3697.144911815179,2927.1059099928416,2297.6955603497236,26632.85056790508,10517.234356584337,0,2483.3173989430793,1906.7123045899364,0,785.3830689999936,22414.98896912007,0,74634.59818247234
436,1911.4807262027057,1129.7381286153689,2417.1565760892017,1138.110292073838,3876.1849497993217,23320.67984355033,12645.80943356426,0,2821.2453609630397,2812.6478835759344,208.17925594856263,884.8324081271976,14635.328795219872,0,67801.3936537296
437,171.99739325106614,1472.7147268152366,3293.5472488352266,475.955229549886,4552.011403213306,23598.0271302719,4715.025885499037,0,3601.369880335047,3698.03047874976,0,785.3830689999936,20618.347919284628,0,66982.41036480507
438,2813.3584472648836,3496.7266375149843,7668.55192735522,11587.818546197555,7095.57655530541,57093.650005100506,24800.990980608676,0,4101.402051277462,8569.964185987588,140.67483983807307,653.9781733852562,35843.82050324403,5461.7890748883565,169328.30192796816
439,3396.860872088258,1078.6190120564677,8175.738415807136,899.0975155403105,6900.6196972018515,67369.31259250756,27632.30820039837,0,5991.78825947956,4491.696330459502,2368.5244235312657,0,54649.829143899166,0,182954.3944629692
440,1414.1014461883638,3205.517491278963,11682.395499972725,3801.444190658051,7494.3651215644095,19656.362550287617,9111.678240390076,0,9155.619864196731,9016.41834913912,1593.86806569476,254.1485820228144,71454.3715858099,0,147840.2909872038
441,60.266482259813294,318.6028922609207,93.96238857290544,250.38799391576632,540.2774610170414,370.3734979762218,139.8508838084231,0,23.38595238859716,307.6388913240686,0,67.28197982692033,656.8540728617086,143.76902500604692,2972.651521218433
442,968.686347011091,3801.183936759925,8649.881338080044,9473.202919733909,8078.085699178256,31538.372916243658,5998.515282445684,0,1965.819187662683,6957.762791890539,0,887.0895672470652,18293.69541597706,99.95265687831163,96712.2480591083
443,3933.5078231184966,11700.009220855653,15832.498118820387,5177.775377228762,15152.666584393945,77285.1162823066,19066.82964448608,0,5389.948082930236,13039.062749658544,868.4966308911108,3010.464402951109,58716.91332319023,3050.3803462527917,232223.6685870842
444,3732.3648362309536,13820.279882907347,21648.82219805709,4501.8128615421265,7969.52390500308,23584.783822173144,7486.645944833352,0,6019.903349058667,8163.112324567292,1269.2245493441455,4166.09216799263,58475.763122627555,1373.6446680377842,162211.97363237516
445,4483.537490139225,2742.7927283625186,6426.895821153092,767.5789155960266,10919.957718836788,24334.520954919644,5875.688792770978,0,2477.05640037813,3604.090472911285,0,0,32404.54593368756,0,94036.66522875546
446,0,4605.435284419813,1823.4409157717396,1583.5834287368475,3314.721132274223,3871.053398463365,1249.8931627928323,0,268.9627656964957,957.4098669068767,0,0,3771.4104160659895,0,21445.910371128182
447,3324.839776676434,10308.906605006498,18298.479373853206,2267.6041494453475,20911.07964164168,33497.95326400576,15391.027523835626,0,2952.6059840578546,2264.4554455040447,0,0,29457.63596183907,117.49414395513448,138792.08186982083
448,1181.920722817263,1534.910728075472,1887.0680405679936,2279.628060693878,3692.3986126001287,7504.855647911066,2973.240986264277,0,173.57902162529132,205.57044794563492,0,0,4084.5250773492294,0,25517.697345850225
449,476.0409120592667,407.41821297600274,2733.169821702078,872.4631075003912,2463.744472721235,4139.195150268223,1212.8372811973447,0,283.02965792153265,119.91709271711863,0,0,2295.1485299011247,435.37825335409354,15438.342492318408
450,139.13996270536566,1337.4431979062638,801.37325992347985,940.2873778838624,1743.8252528570315,1358.4629680755306,118.72263186590123,0,0,2947.154281833608,1335.7807466410736,499.439337274601,5846.90878250601,0,17068.53779947274
451,942.5701600148922,4317.336692156985,3431.0984298593685,1589.1828450516302,11330.159443689625,7942.559280935782,38.27914160609871,0,265.16519871517306,4228.052606683195,0,327.69909680487575,22819.282985090533,0,57231.38588060812
452,1052.2341733688793,38.005720512403926,17513.86794520914,8014.735205937475,12971.988802771635,59703.60282636271,20536.654515823306,0,7020.952509379257,3391.746694317398,0,1613.3751283290164,53068.83314276017,594.2351645331944,185520.2318293047
453,1048.2009662943694,0,5160.319247242562,3940.060509916024,5112.140048586507,26730.213498639034,10115.472412838662,0,2096.8805980399866,8209.31470316726,0,0,46926.09137471372,683.0777396638721,110021.771099102
454,1443.3715527535082,2117.7082437636673,13372.618727488483,1501.9662046259907,1409.8180501084971,45501.71728045578,23443.45720094512,0,5525.053022421625,2982.486104196289,216.57352446812325,438.6778196743878,12122.50440708444,0,110075.95213798592
455,2211.8261324478544,838.8630444363915,15739.761132701333,368.7113752454578,5684.650220975333,48356.94392636463,21117.464306102513,0,5034.696433402486,4942.379118108104,537.5677569745077,438.6778196743878,16513.664372302967,0,121785.20563873598
456,2443.4499132128212,3008.044318891745,29236.07648245424,2522.61413475707,8985.620756795113,76533.48703260873,31379.34652197098,0,21648.701180779903,11568.19826944812,855.3729586863116,174.73715911379475,38642.87971593097,207.98620172033495,227206.5146463699
457,1797.1649192045816,313.3295724259938,24220.17959138184,1532.1499164891486,25877.4308158162,61012.6115333701,26518.6476387922,0,12013.53710761422,11352.155574476445,2444.8772902209625,2517.643731027402,40112.63303600308,0,209712.36072682167
458,1273.9981380656163,20.39599503174176,18736.03351587968,5288.234529785805,8102.747237700406,47219.863438175475,22640.18614563069,0,9411.627267982081,11280.836703575447,306.6807290547856,0,46544.00862922736,159.68214054877382,170984.29447065748
459,0,0,10597.489051007677,579.2860146263872,7987.095187212565,12627.026210951868,4769.572436024433,0,0,3957.217386422609,0,0,15136.333241391292,349.0278432433761,56003.04737088017
460,0,0,7596.504642919269,0,4071.7438474545975,4384.416521532824,642.8596043906712,0,795.7082329541713,752.2278917191156,302.9802925181031,770.8879972925565,3789.3458650928055,0,23106.674895874112
461,0,0,1876.6247436478525,0,0,774.0949138762613,0,0,0,537.5677569745077,0,0,0,0,3188.2874144986217
462,2772.516599975249,0,27488.96451240036,6449.846820789312,16780.418393742075,37049.57835694585,19211.45455608514,0,3535.939532313564,7580.219373053981,3196.0752755005124,3403.845801473788,62801.39550045686,537.5795497907603,190807.83427252783
463,7301.668153394488,738.4764689416764,16777.649253961787,0,14443.032935450516,47696.539853241455,18250.065364333354,0,10054.813505422508,4232.303161253925,633.3864006088925,6609.164109604933,48756.57801146765,0,175493.67721768122
464,635.2647792075355,801.4817935580878,10689.928868564071,414.140049341976,3595.785247598537,28363.76672974927,13048.398850839492,0,711.8914867846281,8464.931685951857,1011.6243130102874,0,64457.84598714527,0,132195.05979175106
465,2226.1739720708933,0,20464.16685598685,520.9415932668481,6861.550079512943,27430.173197824664,10071.772337087705,0,4241.322805605159,8784.328918576452,1636.984543935576,10442.653711170547,74584.09333310513,683.0777396638721,167947.2390878065
466,1807.733983456788,573.667105471451,5857.301146555517,0,6022.592668618759,18990.126095502124,9381.28191876075,0,5870.165664903304,6130.530205737936,2735.7809025895303,1116.8542378222105,44911.159566765506,0,103397.19349618384
467,2753.669444396024,0,10090.164482158096,0,4921.091318579202,26175.718984031693,7234.198151841741,0,1514.7173075269543,3040.1270994290685,321.86779518022666,5702.719300018595,35179.15053664653,0,96933.42441980804
468,11247.294805547826,0,18208.721350245218,168.5317685924142,9330.476587557405,35425.31113710332,21910.95205618512,3503.5845794570146,3594.9869423494183,4972.993585981752,0,1837.3786233947912,22388.85642046534,0,132589.08785687957
469,5519.6590713480655,0,4567.174272215663,1414.25819675562,6918.242339458823,7391.184322541949,7792.031564408881,344.3411261665852,962.083916513896,2242.1798112163506,656.0077819293742,0,13604.123282403034,83.38899862771652,51494.67468358597
470,7288.148676189538,0,6473.792402960368,1318.61831154015,11921.351115424017,21615.20782540401,16896.186755747553,0,297.82100209408657,3184.0832954200255,446.72653086175967,876.8448841912907,41494.03603621678,0,111812.81683604952
471,5914.503031048477,278.1563542463826,4741.399629738572,0,6606.590814849502,5851.967213039534,5081.891427075629,0,674.9196091207159,6138.205723870453,297.82100209408657,0,24103.23656291876,0,59688.691368002066
472,4588.335920023159,0,7564.7939363643745,0,4125.827688663746,9551.405286023777,3573.8195966994444,0,1472.8814771227842,3490.033466598391,297.82100209408657,0,36222.720897024905,0,70887.63927061466
473,12092.747712968156,0,10761.64418295996,1184.561641135761,17536.807583947313,29733.463142378252,21461.386408434875,0,2642.4665308763065,9130.96865694481,2885.537842956724,0,81855.56368117603,132.88898781846146,189418.0363715971
474,6034.588342595887,0,9884.592144306467,3605.211351461925,7633.123058960472,20241.39930074737,7577.397878712952,0,240.59556717968383,5085.510637905439,1371.690872356928,2559.3823934199904,26310.565480962185,132.88898781846146,90676.9460164279
475,109.10424475874598,0,2951.671764602115,381.6226096664494,2764.985716963661,5023.934704126206,2277.81390055435,0,240.59556717968383,1230.755766096269,0,194.16879278895573,9136.188650531203,0,24310.84171726764
476,16516.292659945135,0,18893.62493952361,1443.0053873231093,18755.329038180716,24839.93959799945,5096.291027931348,0,647.4112443564022,9119.50063706396,1719.5502979800524,0,83806.4464722094,0,180837.39130251313
477,64.76620817158533,0,195.58014119706073,0,2151.6783299382864,938.449006282986,696.0613458925949,0,0,150.44202002223886,0,0,560.7558463431222,0,4757.732897847874
478,354.05113212995576,0,821.9866983185816,0,3424.835699626185,1976.950074073892,535.5338370236683,0,0,1100.283463910668,0,0,1360.4133330284656,0,9574.054238111412
479,184.23964591759344,0,912.479020326639,0,3649.8448102563766,4651.661512646608,1041.5308818213182,92.57708890658027,0,789.3849043172144,0,0,7281.284524843805,0,18603.002389036137
480,2628.7358672138057,0,13079.829030701969,57.88159636005557,8189.877439305672,13821.184828178702,246.47620509898013,335.9082396652734,0,4254.55632018112,148.83839064014288,1360.6173712462382,12795.362773612504,0,56919.268062204465
481,991.8908865623735,343.62286872943565,5528.018674734445,381.6226096664494,5072.071255868582,4558.677318947627,2101.0776555039147,197.7620445358814,408.3901327138177,373.4071381584008,0,0,6689.165724091721,0,26645.70630951264
482,61.860956109809386,0,1260.841173673939,116.45225934344512,1461.0838532112325,689.3366964577096,932.2697287214464,222.6374259992141,69.44151857927349,334.0052813564478,0,0,1477.4907474674094,0,6625.419640919925
483,441.0493655148359,0,2789.4102218657526,372.8051828897785,5424.00257868468,6551.095625663265,2533.805828430899,531.7721424347,373.14247310222675,2091.6744994208293,0,0,11598.527488314556,0,32707.285406321495
484,,,,,,,,,,,,,,,
485,,,,,,,,,,,,,,,
486,7418.145140894152,18527.977083805723,19697.967959922786,278.12185944618847,19017.723136827193,47544.22570800892,16460.450587427375,6.832116344086896,12400.787640776902,10494.156398450485,0,0,67537.57649580484,0,219383.96412770855
487,3268.206888750426,4074.3359495746554,10430.060500667572,1749.0706696845127,5323.670267104897,39652.578179519434,16998.061531059357,0,6499.695489338569,6648.398116593541,797.9221390496923,196.79533841389787,28683.67352541534,477.571318760188,124800.03991393208
488,3463.749066108997,5356.720833699386,12587.772005276824,1320.6744158959868,0,37835.88346297011,7778.451762739973,0,969.87864690435,2915.229916735778,0,0,4480.677864506676,99.95265687831163,76808.99063171634
489,29.15643970138315,0,1741.280808196776,0,0,2052.704068727749,453.1688700628096,0,344.2543725771473,0,0,0,729.2464333772981,0,5349.8109926431625
490,3209.479994031678,1133.9059308015414,5162.943903752637,0,4144.446717775616,17001.90186889379,10760.275200714408,0,1040.158523743357,1541.5996053463427,0,140.91736387319568,24569.928133174843,0,68705.55724210734
491,1287.30914028815,7469.776576975498,8576.349087775572,3026.2535288217086,7257.4401284609985,12578.229702744751,8906.245414232206,0,220.19687448896576,2824.4049164603516,221.3016771283824,0,29398.955406635472,0,81766.46245401201
492,1159.5404542809388,3141.1177433595403,4274.838766457573,964.7835811973437,12155.071505706965,10487.777043612918,5403.5743650282475,0,976.4301055765619,489.6087345413827,400.21637270730287,1398.0160531398485,7043.739591497281,0,47894.71431710592
493,203.38384012478065,833.7797109010743,1977.4973492598692,1207.222347510684,971.1801827517432,3876.1927388977706,759.0966624193248,0,34.774544801329185,1040.0644898829803,0,196.79533841389787,2051.6625713047406,0,13151.649776268194
494,1584.7259662554934,7412.7281524857235,12455.399066007016,442.4821447430284,8820.7990782113975,21021.132672245927,7000.731284221807,0,7566.32278284759,5942.432999945746,1176.984294219362,0,64333.740510096366,0,137757.47895127925
495,5129.004701923339,12922.985242206636,16556.886654622776,1404.4651120494304,3502.6240089679777,22003.197637531157,16669.61290928665,0,7938.244461100192,2994.7520985007413,442.4821447430284,0,39692.25503239128,0,129256.51000332326
496,3303.275007909533,5215.956146603219,8195.70116497809,0,4759.531526104765,13755.536713851818,1896.1691397980435,0,8074.6745972569715,11606.683958590258,0,0,29504.165440945213,0,86311.69369603784
497,2668.321631036343,1450.9373290548065,3101.0287521196137,892.6703902731538,2425.2492921550956,16534.363971615465,6225.619755893341,0,1725.406316687482,383.4229422584093,0,3239.064397670573,19962.351091272772,0,58608.43587003703
498,265.2334334975202,624.487020293886,3966.134356953264,0,2678.1010510140027,17145.340095069972,6785.0520444781905,0,959.1731979096024,1855.475107420507,329.0776177757939,3305.656782954563,28623.13605626614,0,66536.8667636334
499,1248.1898507312671,14414.085925035464,24235.7424762268,0,1934.284180749333,23550.57004111865,5894.795020878325,663.8589653689723,3463.7269735293994,2421.6904880610255,323.2558296601399,33.891603625894625,10267.794778787658,0,88451.8861337729
500,629.3355746413506,2713.501458501735,12292.77551175972,824.1002769522845,5247.145379295949,29357.37479374282,6794.977218552949,84.7899661541056,718.9601344843882,956.6047410215094,0,33.891603625894625,10930.715171685764,0,70584.17183041846
501,2331.945315371885,0,6485.055644759433,0,9448.54503087526,24297.58970191711,5645.667723877711,0,2566.759116381729,1647.9511717635878,549.3642953148958,0,9952.732366203383,0,62925.610366464985
502,2636.1582994215487,4599.367703033556,13446.129227398636,0,8642.875052046305,33991.81216735509,22035.356459122304,84.7899661541056,3391.224482325718,3866.608461335929,799.2078299081969,5644.108445014806,14302.111480767282,0,113439.74957388338
503,3128.0200493621487,236.33913904509657,6664.700504177135,0,3264.4483718072615,6927.701889691741,1823.168188724801,0,1423.3491171231087,2816.91243803661,101.4370257095504,0,15484.382697411776,503.61292898802526,42374.07235007725
504,1709.2777284016634,2954.827255795621,14528.798192281252,0,8389.483270948402,10876.685817356672,2185.9674900772943,1488.225358906234,0,2547.202456272391,0,0,47465.02486839624,0,92145.49243843576
505,2910.880837304474,8098.160974735114,12171.157830295348,0,17084.82809272287,26483.30845454743,9057.238422773087,0,2387.8315402700073,3486.699741382263,0,0,42151.425246502215,0,123831.53114053272
506,2122.7361480145582,5728.113149268784,14469.818245197495,497.4907186215378,4105.104652474982,18484.9110294484,10146.512061497771,0,286.5910480257278,3937.9307166611256,0,1282.3754569754662,42580.2382237804,477.571318760188,104119.39276872648
507,624.0153522459841,979.1791448322872,2936.3959384768377,124.97122214898324,1339.251024663268,7078.262845329261,2297.2524925304533,66.28311016003077,139.00061536723877,136.21504616876263,123.50608715297214,1183.9978150193165,4216.825736731755,44.176131535839026,21289.33256236299
508,2859.023291495383,6091.5423303597,6752.407333839895,499.20125532215184,406.0516459380044,6124.750098099752,702.6710463584183,0,515.4914228561762,1020.5709161077692,0,479.5386958385063,7018.40433721711,0,32469.65237343291
509,2408.2755196060157,3532.7704776786713,19131.632367448852,923.8141284758667,14669.944518714146,20834.967275320338,12376.886272883352,0,1537.342149880788,3221.762089395181,773.1601002269792,1337.6996591133006,36064.01741934106,332.68939223213033,117144.96137031676
510,1103.6884571935536,790.5181793709705,11979.367695339735,638.6452458738582,11113.332980216856,10060.24391828702,4883.624473379001,0,832.1539572807965,2689.4834626279608,521.1529229662309,1072.8973836667756,14712.295292206403,0,60397.40396840914
511,703.0161190065744,3929.3775841651936,13254.06928732104,0,5504.646397888133,15365.38985992177,3718.122252066876,143.177566592264,3388.3755407836634,1657.8081783442717,542.4637590386851,0,17513.340851516477,364.69452127010334,66084.48191791511
512,1565.4368090406838,1874.3408483463968,11723.901429895468,2143.814277857673,2566.6974526445915,9749.714348373202,775.3198778812892,0,182.3472606350517,1315.2171598568789,509.4136994475811,635.9183232970181,13150.553288591353,0,46192.674775867155
513,752.9632803262672,1422.724908399216,1361.7486191250025,746.6812333672408,923.0716151835861,7013.922638347337,2135.608849994313,0,571.1217476067636,2949.6663654233266,0,1154.76474751544,6552.1753546684295,99.95265687831163,25684.402016835225
514,543.5315332888807,14960.389821867982,2756.867116328711,1029.9202983795367,6726.619422159422,29365.023424946627,20696.552000082604,0,3432.7953790575175,7508.826206186269,0,1154.76474751544,33350.18226428724,0,121525.47221410008
515,133.33902398806578,782.666822821166,388.3374296516356,108.41018081357082,609.712924605569,2796.6135814884915,1208.9198349798462,0,589.6304901575754,0,0,0,4813.817007428057,0,11431.447295933986
516,1212.4160453830527,0,5099.45046382085,0,7367.606834690873,30462.34179210379,10917.266052691357,0,1907.06628780452,2176.4386866607506,731.6901114420247,0,8128.286807480803,624.8588010836578,68627.42188316167
517,972.7579165651736,0,4232.60639349164,383.4229422584093,5910.883067101336,20882.49738943392,5352.012559188779,0,1918.9198592980931,7007.679652606484,376.0711598906039,1026.7698117433258,9669.880446465371,1661.571961963873,59395.07316000696
518,3266.8068311503303,668.4326692865869,20774.42910243436,3183.460479195666,13299.26991445762,41382.79506249042,27528.89906929261,0,5702.490603735165,11587.507295171925,1277.3471983801855,2933.8851664279387,43435.63930818632,2242.254631511692,177283.21733172098
519,977.7668004158303,0,512.458992803144,21.371882297705213,1732.4195425233056,496.2283920998434,290.38927901599624,0,0,199.30686287498153,288.3798065302201,420.4043990643756,4041.282338007255,627.9396469838913,9607.947942616545
520,0,0,0,0,0,0,0,0,0,0,0,0,991.4901283391797,0,991.4901283391797
521,0,0,4534.975503115787,686.6893698539676,4682.301797732838,18153.339787372028,3560.4149464367247,0,1020.2020116917658,983.1928401935843,0,0,6527.985481060073,3851.1054722455456,44000.20720970231
522,0,0,1724.8675222411307,2120.0676623217387,8077.468362160357,23923.123872887983,4193.9366598213865,3503.5845794570146,2400.552373618936,5495.495242831252,399.425557084133,0,33644.54294742978,0,85483.06477985358
523,0,204.07736233095065,475.4206993009616,0,137.36599349700668,5112.102030284586,2000.840671428768,0,0,277.01919097531834,0,0,0,0,8206.82594781759
524,3938.5340448936618,15715.868237904877,5023.716425982113,1260.6710918465587,7436.974971336272,25171.032660060275,10291.921430801676,504.0017656347576,17472.39919051071,2054.2061693059995,0,0,69430.37264636847,0,158299.69863464517
525,6333.894819585239,15456.78063648468,13442.939990978111,5657.297746788996,22913.67235688212,32240.144308199728,9917.014341844686,0,6465.669895040036,5896.173451209345,0,0,73044.94901744896,0,191368.53656446165
526,724.0325808898925,2571.406197067221,24164.15551664033,5754.0955732749535,12695.95015360078,84278.67737814078,32367.20119977932,429.8181412795397,5206.755214585029,5396.525145981403,0,140.91736387319568,53023.79821106648,229.0531394827935,226982.385815662
527,336.25669669130997,1071.9797116454895,525.5513925165931,741.3923778973844,4802.27779808775,5158.080224006967,2402.99252874851,0,0,172.8263241960175,249.84353459330123,0,14979.923822673833,0,30441.124411057157
