residence_zone,age_0_3,age_4_6,age_7_10,age_11_14,age_15_17,age_18_22,age_23_29,age_30_39,age_40_49,age_50_59,age_60_plus,total
1,133.29415221863101,199.6032912136352,110.40258595357039,135.23361739641479,32.280340875697902,197.86952688803979,359.27123126653015,696.44431384072868,718.48369086100524,523.43520423156031,493.68204525418753,3600.000000000001
2,193.03418721974799,222.380600817345,126.99447262824,219.30938797854949,127.27324664595541,277.60195287246779,413.68268871663264,820.94734063834392,703.78903113976446,573.75378630359933,566.23330503935392,4245
3,991.36641540727203,684.196925037558,456.131283358372,928.87095053271901,400.14219564884104,980.70891658514006,1605.943560951137,2837.5383340727012,3325.8630046814687,2476.6869812982031,1891.5514324266021,16579.000000000015
4,0,457.13671881143898,1322.8790409430499,764.43632395294696,0,949.74707421561379,2155.797948424502,4399.0246775253527,5102.8152295148602,4326.013488249173,5428.1494983630655,24906.000000000004
5,302.05834648284502,333.46282536320399,0,0,116.08869387644199,483.57803237766802,1423.664880267844,3076.2998819381341,2255.1100084754053,3079.7582880693185,4028.9790431491438,15099.000000000004
6,493.07994528481402,452.99582437084302,1427.6074135000447,770.84792233774488,46.447498384086103,459.44269334879789,1796.2896082976911,4336.090311074121,4742.4363682974108,3744.0453518295453,3954.7170632749048,22224
7,1254.9986107387249,0,0,907.15852690819099,0,2009.4862102155241,1498.1068457164831,2664.7877025588859,2633.157417177667,1425.5681421388072,2455.7365445457212,14849.000000000004
8,452.05139200449497,766.08228057726387,527.53535260693002,760.65475381225997,405.40213659924132,839.89630132649165,1093.1047475811142,1992.6262358736326,1939.4570914755807,1364.6018673375643,1732.5878408054175,11873.999999999993
9,257.62647609055801,512.94230022732449,372.93017424427973,304.38685406484399,341.35381347211347,404.5900897982055,638.61791789832512,1423.8041555859738,1402.6860611627608,875.97672120546133,1095.0854362501555,7630.000000000002
10,55.825044754650001,152.8987815185609,132.15288188447269,80.959198458655194,54.774754177538192,129.77016934144601,201.4018538837237,375.99842505630437,339.05060294094483,271.67516261293673,339.49312537076804,2134.0000000000005
11,215.40730408272142,212.32535892626862,272.25968097726621,189.51439836320219,111.4927803266858,231.49551528089563,421.52786005914413,770.62126297198006,628.77307204816759,556.86429813622476,734.71846882744478,4345.000000000001
12,0,447.64790432461001,840.25704306830335,929.0908171241764,481.63745290653532,836.01646003648011,862.01182304107283,2246.7258046878655,1863.5325877214905,1419.8915210627742,1384.1885860266959,11311.000000000004
13,25.3090761531178,53.7262844653904,28.417208312272599,49.730114546477097,23.603159460941001,60.061818790178449,65.271640314095151,124.32528636619281,161.14425452241449,113.26806296140728,105.14309410751281,810
14,129.72605550710529,51.018314266659999,67.217719181244703,70.052069973836709,65.233673626429962,60.916739342327901,198.70979325911847,317.2292617862816,313.95885702559883,220.20725388601016,205.7302621453855,1699.999999999999
15,390.4786453364606,91.369734790814604,139.81836008160559,518.16762357058792,340.41457604396021,554.72720798524847,973.935089703828,1324.6998386518048,1843.1571122788937,1172.7907929253072,1242.4410186314929,8592.000000000004
16,0,0,976.82203827795297,1409.4770344775829,767.17724977983607,1267.6466893041159,2287.2548854768406,3340.3187061261824,3439.7082033105826,2821.0546393911313,3102.5405538557752,19412
17,342.72293016328797,436.14459013039851,487.77488801103419,340.0702759050576,351.36465164429131,521.68886352901245,825.16562537810466,1662.266805072733,1652.7500103872039,1155.7618434761434,1423.2895163027356,9199.000000000004
18,1433.542981989845,1083.8337035219149,777.6579732984344,1539.3620441602804,1129.6100105009659,1160.4498166709971,1808.4896235330289,3971.012659101968,4821.8940221340445,3276.9952061573622,5657.1519589311483,26659.999999999993
19,0,224.04121381477401,950.93240357390096,1039.177979239319,408.49408680826002,971.78908361409799,2070.7136690131219,3239.9571853412672,3587.3748235316066,2932.3521026026997,4200.1674524609516,19625
20,614.038817615521,416.38426670073,539.80065403856406,1319.8137968533729,861.47778262460997,1123.830135041941,1713.622099783541,4276.3393646466266,5798.8349806127144,2769.2478374550983,5249.6102646272648,24682.999999999985
21,402.28737881975201,701.41152512724125,635.622525371135,138.22470637305301,281.08208468502721,967.73703969480471,1245.0636377916376,2827.7392915232372,3437.0785703691013,2310.4858452768544,3757.2673949681543,16704
22,388.25748668096458,0,404.61435558135202,385.74969913141797,240.03649069054529,311.68762283872229,1066.2691958214054,2113.1803705282828,2156.4571411291113,1708.465450216939,2636.2821873812532,11410.999999999996
23,236.12123401144351,0,66.660260238174104,0,0,194.66848946722121,462.06028251407474,820.91890166673011,850.12151200112339,603.77458766100244,927.67473244023029,4162
24,559.4809193006023,81.7540613442943,922.47250922654507,155.97447198450701,51.123353677898599,671.65436243343936,701.76856161244336,1833.2884727671594,2042.7644557131687,1228.3756636275209,2488.3431683124209,10737
25,495.21616618436394,490.50685796476296,331.800160430522,956.820806498107,0,445.95567436316367,1144.8466445089964,3392.1520034773976,4099.8250938580277,1651.5050156707775,3737.3715770438753,16745.999999999993
26,0,398.493583986798,341.55148261229198,190.34006453674019,72.078516639996096,568.99936634274297,903.85505333552305,2150.6180676251456,1959.1329586886493,2192.1340927206361,3046.7968135114807,11824.000000000004
27,438.07611815276999,664.28986976421254,559.0401828913391,625.07462928845894,363.14204531084999,475.28769970306161,1059.919339944076,2268.0450549238976,3361.9856117460304,2167.3079338976686,3431.8315143776431,15414.000000000007
28,195.426141401048,346.3569915767427,115.22234926535801,321.95030274781715,185.03353734966279,227.96964831836627,338.88926254516895,1370.9938905630254,1616.1605758863777,1021.5443172288523,1650.4529831175828,7390.000000000002
29,0,0,455.97503925553798,403.8636061977619,90.928560015052696,586.8564876041944,551.05918419670479,2083.3341384448358,2346.1062887466387,1478.2946008737576,2144.582094665514,10140.999999999996
30,624.59789019144603,336.88941321349603,409.8772588777905,536.60184581922965,309.22513658100206,650.86287135122109,815.41992278536804,3278.6780220304745,3132.1939878210101,2211.6504319899145,4481.0032193390498,16787.000000000004
31,442.24781980809001,424.70184265111197,630.96247087528604,569.29631802455776,447.92652699016776,749.02262654092999,1376.82261160802,4534.0831903437811,4246.6404755439398,2811.9141556243048,6209.3819619897931,22442.999999999985
32,0,229.87687326343499,247.24167304232799,214.16586393967589,77.964407170538408,328.08811607486598,407.61821591295256,1484.2440569242945,1426.7961870222277,1005.8599766489049,1917.1446300007779,7339.000000000002
33,58,0,63,55,28.75,42.25,91.999999999999972,298,287.00000000000011,201.9999999999996,412.00000000000045,1538.0000000000002
34,210,122,265.2,136.80000000000001,129.3333333333336,206.0000000000004,351.6666666666668,1252.0000000000002,1203.9999999999991,848.99999999999943,1739.0000000000027,6465.000000000002
35,489.88774281574399,1510.9600060593689,1057.3983006812889,789.68332632791089,868.54993824922644,1002.7593304980412,2940.0497605749574,6077.4313536014324,7808.220541099824,5841.3009592767903,6177.7587408154013,34563.999999999985
36,1810.9811960404663,0,2097.2868317978118,1634.9366856937936,621.18653006326281,1904.1310331432098,2484.7605303369091,6362.7011351915726,7497.2288688681292,5798.0970340185704,9168.6901548462592,39379.999999999985
37,203.67716810149892,362.1692465538809,367.91430938308417,351.40501955687637,207.46090319615004,416.92078369706383,682.55354268409121,1477.0057186604263,1770.3799515356541,1275.5814522603055,1924.9319043709677,9039.999999999998
38,290.1111111111108,246.7638888888888,389.82500000000005,272.3,247,86.3333333333333,548.6666666666664,829,918.9999999999992,654.99999999999977,1040,5523.999999999998
39,369.27040061478999,702.53641659564551,853.44685056886556,785.44782313129053,744.77711239093287,546.118103211164,1012.2351803399534,2168.8084240592298,2174.2918034405548,1567.1683364805929,2291.8995491669966,13216.000000000016
40,436.57556901870691,429.80037659757488,487.4246638517518,475.85926685021218,168.05500756302609,463.5627855032858,613.88736734714917,1265.9767831090892,1334.7672081503963,947.7696987699228,1586.3212732388831,8209.999999999998
41,1443.6094342934598,312.13447128450503,1891.5122876969272,1318.5852065611089,589.55867153054919,1346.8587696057357,1848.1937555187292,3546.8601217645155,4017.4499983305432,2510.0982502667252,4485.1390331472066,23310.000000000007
42,426.38561713210936,343.55780639560157,287.9711019699447,441.08547450234585,239.19671538127602,432.02200839241857,430.78127622630535,1039,1151.9999999999993,818.99999999999932,1299.9999999999991,6910.999999999999
43,1498.5690007790606,849.7046608280325,996.37259658113521,1539.0573878919308,1062.1278668923264,1971.2327473049852,2080.3859960433506,4690.0507679769507,5351.3939690049701,4647.4782674691942,7407.6267392280533,32093.99999999999
44,168.86368102057341,93.576083164830393,93.576083164830393,184.51049622945931,165.20598395875621,88.495948356750603,3418.4043725200686,4179.9708661683107,562.0661151659524,2798.4258209322161,5196.9045493182557,16950.000000000004
45,898.25395327331603,332.08504601625498,664.17009203250996,1926.8877681881879,1724.9524808435899,1220.5263584819459,2733.1540042649149,5592.0678039102268,6155.9437227011485,4243.1519607306373,8354.8068095572798,33846.00000000001
46,1616.3621132153066,687.36184230366393,1574.750675925588,2188.7095994236979,1311.3759764325857,2423.8838149821549,3219.0683216214243,6028.9514476096256,5549.7348638266794,4833.2617179692188,7679.5396266900498,37112.99999999999
47,1299.8402640492648,0,636.49195028651002,749.39692937349309,138.60724532696699,1721.6472033175889,2725.8064693259212,4028.3603556147664,4557.8619525946997,3754.4617389814121,6392.5258911293795,26005
48,1181.533498966282,0,2114.855066280461,447.86698004885602,62.955894450020899,1263.0160063814108,2534.6213411797412,3660.3243196319636,3929.7462519985415,3411.0522487414692,6196.0283923212646,24802.000000000007
49,222.9770158091352,462.64142230470554,463.07677641027533,556.79342715186579,289.57392506330223,655.04170991841556,922.09290127872703,2295.2168752820635,2804.1341425286382,2059.0792632796515,4130.3725409732197,14860.999999999998
50,296.692539225872,346.79365402918597,45.610400329295501,331.13705565315001,222.4126945452746,422.71035663184409,497.59806077532505,1359.250657590924,1971.1938890337769,1313.299506952198,2755.3011852331529,9561.999999999998
51,554.46091795660993,174.389271228007,679.80228842685221,595.60473885585463,393.0296363851416,545.58719261358476,1019.2511526587161,2530.4180815584618,2983.6954467235228,2097.3431829795913,4311.4180906136671,15885.000000000013
52,115.341704388789,115.341704388789,270.45641029095401,444.17677551609302,74.242936158301106,241.00399276002361,762.07377544264739,1525.6047919151315,1864.276395099608,1367.3470334177105,2743.1344806219486,9522.999999999996
53,498.88770063163736,374.80776281848995,482.36703806695027,555.11238835050347,399.97271569584598,207.42079494264121,874.76546960132066,2228.6596803155257,2721.5965918004995,1705.2087362345567,4007.2011215420252,14055.999999999996
54,326.26578359944398,95.730679020196106,287.19203706058829,364.36268647482802,210.34700220084,236.07055200558599,590.15553954609197,1318.183741011635,1574.439067414392,1122.3933693286258,2319.8595423377719,8444.999999999998
55,0,0,831.62097746486074,697.19629247335206,685.68192013815803,499.86120150428553,939.21258054013379,2723.0374902783919,2925.3704084773644,2292.2084079290607,3884.8107211943948,15479.000000000002
56,706.00544371626904,827.30922205565389,0,953.85654883580878,511.17761267837398,714.14494738181997,1295.1475073006109,3281.8593800122071,4010.2204295116944,2425.2028777348687,5694.0760307726778,20418.999999999985
57,0,784.30410680795706,261.43470226931902,1062.1310866650058,538.32242473091492,799.115362227221,1501.1848634757609,3417.9040726915296,4305.440023965245,3064.2579056682971,6484.9054514987583,22219.000000000007
58,1118.220350550564,896.02522123583037,1261.349012651372,885.96423441936395,583.62101430369944,1836.7803097439967,2416.3946738764353,4898.9380120625419,6160.7059092214158,5187.124739350169,9081.8765225846164,34327.00000000001
59,1005.7453787632601,106.99517026568,1419.9109945171799,2493.1957018826597,637.35988088615397,2949.0625512257739,2761.2432595651562,7259.7212617215573,10301.26473988685,7842.0806132017897,13344.420448083956,50121.000000000015
60,0,0,430.70963306498902,0,748.41364228268901,1300.837630513824,1139.1026156861162,3273.361546369646,4212.9795248808832,3359.5026396951694,6210.0927675066914,20675.000000000007
61,0,0,729.26302246555701,0,982.638011990726,655.07143737245201,741.34072236443603,5328.6665665846731,6864.2887719576911,3868.3675110823033,7368.3639561821637,26538
62,15.376968239659901,144.044011572123,185.50622132510787,113.4842155390464,126.07154774294071,182.53889886399338,377.80276092842689,693.47540640326577,899.94469615243793,791.31457226791235,1409.4407009650852,4939
63,79.489795918367406,0,73.7372448979593,24.5790816326531,46.020408163265401,98.615160349854207,140.90014577259467,280.30612244897907,395.35714285714374,320.05102040816411,590.94387755102036,2050.000000000002
64,1146.5511029745339,746.15676795458398,1098.8679954527061,954.14137764777195,797.64374146590308,1013.745262050054,2361.6700737127967,4222.4943901568695,5820.3104472404211,4613.8797833492463,8564.5390579951036,31339.999999999985
65,730.5,243.5,1363.666666666667,1013.333333333335,645.14285714285597,953.0238095238085,1892.8333333333319,3437.0000000000023,4838.9999999999791,3919.9999999999964,7274.0000000000018,26311.999999999975
66,338.07583824659639,208.66591200618541,293.64225338514802,462.63112130701501,107.465354220275,589.85467966644308,667.38754500176469,1408.5515988250427,1984.0217948051866,1490.0577365430115,2831.6461659933275,10381.999999999996
67,322.41181526879723,0,464.27301398706692,321.23940866781959,207.88505933998198,352.91609812756195,595.97335549686693,1137.2344029481219,1659.2790080288173,1347.5764724274241,2502.2113657075442,8911.000000000004
68,819.90090055974804,626.61801617827291,1206.6532988639419,908.419291968175,417.00504693861001,1239.731129421112,1421.501226735282,3461.4680843006854,5235.6846330769395,3576.2885839424962,6686.729788014738,25600
69,420.57961706095801,0,516.07819983397303,520.90136058008602,462.9249377105599,388.74675613661918,462.92493771056013,1428.9983943199409,2142.483712372592,1464.3116025195739,2844.0504817551305,10651.999999999996
70,495.37891482520803,304.29125298221197,437.89742699318998,0,36.847734499059499,831.3042136089216,917.73956308282573,1840.8576573538219,2955.5013506163286,2105.0768214778509,3446.105064560581,13371
71,927.28235154286006,484.017152214009,2148.282656696982,719.11507618184203,944.95854096225912,1156.8750571824771,1535.5017568713718,4087.2629582322793,6161.3577381823789,4757.2903070966522,8379.0564048368797,31300.999999999993
72,428.25059234838301,797.17035985585403,149.705167615146,530.74470443176199,104.196440207338,776.98114017855221,496.90659975867754,1806.0443460167187,2685.1285369994748,1913.0012869821767,3490.8708256059181,13179
73,418.73044662566872,328.79823385866399,240.30224456884241,467.43066908125968,299.95301555129754,323.75379415409168,659.33558403872576,1295.1332802303593,2157.535382856141,1543.4418360805987,2135.5855129543506,9870
74,430.91573542079198,259.51779121971362,341.34336345130231,409.12786115794347,201.90096816906811,378.45817755167661,728.89131571398957,1705.347622124792,2191.3759758589977,1610.8537623025234,3266.2674270292,11524
75,302.90008917487802,462.32415996601793,429.46834934263234,493.68395859366666,129.05990278844251,623.94221061368683,713.08964242148636,1909.5775505797051,2615.9436943526166,1852.761013475415,3706.2494286914521,13239
76,246.53562045447649,190.30300594505221,338.57953157253479,401.52059833922397,82.622481844987803,448.21036362522011,492.20612376265433,1333.7023808065223,1821.2886034508028,1292.5806325746019,2601.450657623921,9248.999999999996
77,746.59867385122402,224.97564446966999,1015.4867925253679,510.83978867453698,466.55199417771598,528.74792833790002,1498.8120648056229,3382.1459394658709,4640.7911732764978,2982.6101441611759,6334.4398562544266,22332.000000000007
78,379.46683374611899,577.83940908198713,548.53188417018396,778.50846957885199,465.97771630463922,438.0172638574042,1082.1366147938668,2621.7514055569836,3542.3185065035818,2510.0812901450822,5050.3706062612855,17994.999999999985
79,367.65267345271837,70.758044373895501,378.60453383779208,410.48635726174479,166.18900584913183,374.62569532828184,528.94313540253893,1382.1869382628538,1902.3245943009524,1302.9301754561702,2669.2988464739233,9554.000000000004
80,0,582.11790909051899,890.38094564875496,704.54103481847005,265.80990874706345,827.5577051655622,1209.35547348772,2749.5285444219885,3729.1730077229131,2909.2127021941878,5207.3227687028257,19075.000000000007
81,320,490.66666666666606,258.76190476190442,464.57142857142838,318.66666666666657,454.10256410256369,698.2307692307686,1623.9999999999995,2279,1716.9999999999991,3286.9999999999973,11911.999999999993
82,279.08755194846037,644.44056371153715,0,573.65336004292908,319.21948289379202,468.34566408513604,767.89847706668172,1801.4688841316681,2409.344112180308,1814.3691228260477,3320.1727811134397,12398
83,621.87254375805594,962.01798057117196,878.15941027652491,375.95021963555098,69.921769403326493,1380.0689918598844,1412.1821335678401,3239.4438472088978,4547.0159713490857,3427.5471465603255,6464.8199858093412,23379.000000000007
84,457.77075410483002,404.61027943459163,810.4513025658722,480.62195968431337,355.38761770288909,969.52605560160248,982.98039310568311,2427.6616766075504,3105.1450741666549,2274.0869720046385,4429.7579150213787,16698.000000000004
85,129.8888888888892,37.1111111111112,248.42857142857139,138.5714285714285,155,166.1,265.89999999999998,633.00000000000045,780.00000000000023,593,1144,4291.000000000001
86,104.78018488620521,0,139.0303663865385,104.27277478990379,101.78329400492612,116.16667193624608,195.67071156935532,469.58204975710589,577.78551983536443,372.0584531128805,849.86997372147266,3030.999999999999
87,179.74581073507699,891.0708743127152,322.91492661265528,666.17812902950584,325.18385529913064,908.80983255734679,1071.1844009657284,2490.4785555514713,3060.4789042947491,2332.3689181792165,4500.5857924624088,16749.000000000004
88,870.15845142075591,1536.0727368912321,1137.8278806991111,1262.5576612231951,966.08143031752786,1524.0494514650054,2729.2262808360683,5891.2203135722702,7236.0662106995878,5330.0886733998805,10648.650909475373,39132.00000000001
89,223.35428171037299,0,348.46770960417979,564.69170052051481,255.90597523321719,667.05018355293203,870.39735948843395,1360.1889243018088,2506.9117661908385,1814.626988242255,3713.4051111554477,12325
90,188.65574747235419,428.07257270077423,326.43161153549704,590.00550549881143,179.6721404498613,783.35030177883982,819.30723264336461,1924.9570927230816,2366.1786011830677,1803.8777020294131,3298.4914919849389,12709.000000000004
91,544.17684387475299,120.43890363635801,591.32156160350905,350.02860692400498,716.05852159310621,854.81496977887934,1091.1979251041812,2507.5778298888581,2485.7582874528534,2048.247698852902,3030.3788512905949,14340
92,125.3333333333334,152.66666666666669,170,150,130.5,181.5,244,539,624.00000000000045,440,728.99999999999932,3486
93,212.12694241965448,449.72432416209847,360.97522215270249,471.84998646054493,148.2669681346035,765.7801008374679,811.21328434118664,1648.4309464163202,1910.464574626448,1345.1148504377861,2228.0528000111858,10351.999999999998
94,245.07782777385299,0,385.89343537485024,260.72109337643883,161.76488041195191,401.6282863182758,469.98643116454451,832.84860025502155,1157.8959861066028,817.33834313407328,1355.8451160843858,6088.999999999998
95,281.69523263175898,281.69523263175898,704.9653498219908,589.57212199693447,503.99689211826598,787.61668416418956,1064.4782844114059,2238.1052613060097,2437.8031491781117,2454.9651781966577,5026.1066135429164,16371
96,219.68723383427201,61.666591953480001,184.99977586044,259.1923943044705,104.83320632091601,408.32093386339977,409.04490225781819,840.20731536616427,1021.9530092464332,883.56663783345562,2032.5279991591512,6426.000000000001
97,381.06823143767161,290.10621011244109,626.46243572809226,418.38982307423356,408.51279109384063,796.43470325421742,1000.7292662944991,2084.7248609264925,2403.1085266894625,2269.4730227843529,4810.990128604687,15489.999999999993
98,223.68435083977599,256.05971740869097,256.05971740869109,520.36043721674207,240.75499866702199,642.91591575579798,645.62367368701803,1027.7707278059181,1745.9152226073072,1111.35803785657,2161.4972007464676,8832
99,326.1076845759614,400.32774909707371,224.38918214895381,334.67491528864377,134.655359209984,574.69257482455771,618.48531657451247,1235.938103405163,1516.7861937361602,1293.7597690615446,2087.1831520774435,8746.999999999998
100,621.15642358991795,0,832.77703698270409,1140.8596293784017,181.78195184030699,1685.542956096675,1343.529236171142,3809.5911006533343,4222.0592210231907,3795.2897201099622,6075.4127241543702,23708.000000000007
101,0,0,1502.9014738816868,394.52223730745197,364.93306950939302,1139.158871401097,1242.7774409980511,3388.9318366748657,3777.0475114521196,3392.2039241393913,6362.5236346359407,21564.999999999996
102,501.64030331119119,239.66262223147419,334.60899912670448,623.89501042893107,363.29185908499983,737.63697690346885,624.38538857224921,1597.8889970337184,2089.6351094333268,1784.9181755317775,3157.4365583421613,12055.000000000004
103,69.782419580403001,23.260806526801002,105.965896399871,132.99154549064468,71.382369235685502,95.761797139381258,197.71875307990757,333.40953213372353,402.46158575077396,378.92035580270942,691.34493886009784,2502.999999999999
104,226.13058717433401,125.9030476476627,432.85380150195022,178.78076858016391,232.70291971671153,361.06033056340766,527.46884064046867,980.77421704231745,1264.7376922757214,918.41757838060607,1140.1702164766541,6388.999999999997
105,465.45879387900413,431.81998377223715,368.35122923531713,755.95183751348952,315.62924587063497,778.66288806233172,994.90306717715532,1915.0850112613707,2519.8080743144915,2018.2932486494096,2437.0366202645541,13000.999999999996
106,345.9631895639518,147.91554239893242,349.63200936815201,295.50652892566723,226.2541679328331,348.46352156954026,716.52338416246971,1092.179176900353,1408.3363070557184,1126.2432447958809,946.98292732649952,7003.999999999998
107,308.594810336862,911.36569811775712,548.21105804052866,767.85473119607445,371.12970305381606,743.90992694348176,1754.3584097008306,2275.1064183366229,3074.9921529832864,2571.9324532048199,3033.5446380859244,16361.000000000004
108,213.24889566591631,294.25651274710992,71.410221536146196,111.6724109288952,103.61357715052111,315.99951928043947,378.56444886742463,824.89765196502651,1063.6277217843626,850.47587373138276,1057.2331663427735,5284.999999999998
109,5421.5995531491062,2785.8839251141612,7153.1048384328024,5722.1140337594688,5406.6183198436738,6877.5667702709688,11671.99903007066,19266.33232727792,17098.129124493524,15246.289894286463,22998.362183301248,119648
110,3227.1889962196178,2591.8877974612165,227.359913654526,2051.2867905374101,1643.1192620318259,6071.6887719437709,6620.431018242678,8166.1770808563233,11745.457332679089,9786.6674648298867,12410.735571543633,64541.99999999998
111,1781.9188859280052,479.72557624498103,1520.8387820452101,2996.0178724130101,2268.373698236328,3364.7545437412273,4741.6958501080726,9807.7815225160139,7696.9889371068402,6144.464700472834,10428.439631187457,51230.99999999998
112,1235.714800077704,1030.8258803170179,1519.2627177784279,1962.8857407781622,2464.4465044691142,656.22887223512703,4129.9501557896774,7437.5097714317608,7360.147291812129,5451.0027459963503,6613.0255193145276,39861
113,859.02977369953396,887.82924407119594,958.65942222359195,1288.7773124694688,807.82417216033639,1341.0928460686373,2193.788646557698,3445.8340819085438,4241.8808391256198,3426.3776673712132,5892.905994344158,25343.999999999996
114,-,-,-,-,-,-,-,-,-,-,-,0
115,1789.731762732818,3220.1535215999902,3013.7794426577188,3332.1402625836959,2430.0168654757072,3287.8667931224136,5451.1801635932034,9145.2368667137689,7580.9088548311302,5807.5074113098399,6901.4780553796891,51959.99999999997
116,9445.5873305115601,6563.5185120534752,8875.2094039158346,9589.6847535191373,6795.1883093257211,11544.712586021999,20245.099104652301,26533,24681.999999999996,19457.999999999996,21175.999999999989,164908.00000000003
117,4469.2425119520458,1577.3185612315028,4791.7253823178562,2254.2140345413059,0,4510.4433226609999,9352.4629644112774,11309.03472077617,9703.2808431091489,8332.3605364843243,5681.9171225153668,61982.00000000001
118,486.284459534392,843.97733556822993,999.05670314152781,738.36608600717511,536.61909210322324,1386.845299329691,1646.6779159090818,2749.2515287258198,2484.2017729405234,1814.0890906210761,1564.6307161192567,15249.999999999996
119,7256.2633799728574,1881.118819724694,6614.8930695539475,4949.6783562066967,3262.3750597442258,7758.4616010060581,9922.9462211485552,14632.958466265494,12753.320890849651,11199.213133207288,9671.7710023205527,89903.00000000003
120,-,-,-,-,-,-,-,-,-,-,-,0
121,5858.1745289045148,4017.359617736427,5323.3761824261765,4777.2374537052201,2467.0285579553984,5696.6311660565771,10591.248386611871,14029.147560999252,11869.728446596728,8919.2817669247925,8799.7863320830293,82348.99999999997
122,1896.9097988500471,3038.6069611760486,2222.0185734269389,2517.6095969574931,2086.2787006632889,3802.422312993177,6146.8669040317118,7924.6532448847802,6686.9241282220373,5724.2072932321462,5762.5024855623287,47808.99999999999
123,4955.9784743437594,2649.9333279283028,3290.3440529306354,3846.0553472031906,2549.6726764592822,5176.747593203685,7372.1694600903056,8908.3322732247561,9117.0233558777472,7180.1450034487852,7582.5984352895621,62629.00000000001
124,3245.7331944946591,2378.6727306523098,3884.3286874235591,2845.997069219934,2020.528796165351,4436.8682809781403,7602.593103985746,8677.5688549706101,8489.1108075106713,5499.5126302410181,7449.0858443580073,56530.000000000015
125,1415.85626615055,2158.4631757073121,1251.509964584066,2887.5193032400962,2027.1546566483198,3507.2390617320507,4709.0379253367291,8865.9817505602168,5718.269649835348,7865.8824323384324,11546.085813866865,51952.999999999985
126,940.94446634457302,1023.6324393977919,1905.7254770751508,1530.2371418074795,1222.234795425625,2063.8737249128471,3498.4184705142461,5555.124090317122,5211.6572267853016,4586.8658399806727,6755.2863274391821,34293.99999999999
127,945.39708047931299,315.132360159771,3595.1163897015767,3021.7858777397969,1692.0023352042758,4100.38342032323,4963.5004944638576,8200.3967263214145,9162.3427651893762,8274.3379179959265,10132.604632421453,54403
128,0,35.998875630191201,71.997751260382401,117.37579340611501,44.268887599289201,69.808630445032904,217.69590330419618,342.94280221972326,331.77342134851835,306.67150266584474,607.46643212070671,2146
129,124.7413413056866,71.425146197122999,138.836408119889,180.74648440807317,97.847116493487903,34.081034226038398,385.6438191389035,616.90953500118167,587.66771401127517,552.870482924935,1033.2309181734047,3823.999999999998
130,176.72488396112792,309.89280204598271,236.31083527278361,137.29681274842289,109.39687715207509,234.69129280622928,531.68340504642811,884.06290352548706,931.7380425198279,795.96753799246653,1307.2346069291684,5655
131,39.585015231598391,80.301860077590064,36.718606504022688,64.575307105475545,44.098567188272909,56.513346525372903,70.435743744629903,230.75111151612981,242.44817246856064,206.29362043377529,357.27864920457239,1429.0000000000005
132,-,-,-,-,-,-,-,-,-,-,-,0
133,1433.9007753822912,1361.852043866332,0,0,1666.8501578572279,1841.1347944234531,1806.186571335817,7903.6056117242342,7913.1256207261831,5341.0511064233169,9516.2933182611287,38783.999999999985
134,0,1275.780978029127,1814.06783318574,1190.409616731745,1124.520310212481,1027.06481688646,2503.3523978235712,5119.6624721783583,5393.8544863004026,4609.3900752408226,8007.8970134113051,32066.00000000001
135,0,1684.496432464864,1040.641737150514,1706.3963118226211,324.49604811285798,1654.7790917394918,2420.559706843314,5501.2849762986789,5989.1917571133199,4933.5142697153406,9404.6396687389988,34660.00000000001
136,1620.8999987400612,740.50867311470904,290.86613489223703,2060.364186522957,85.824448986365994,3320.6075633550672,2112.797533340276,5605.6972969061999,5630.4142632685653,4267.128336142624,6358.8915647309414,32094.000000000004
137,2531.0260254987988,1373.794589864392,2950.3958026317323,2779.6355253513052,1782.656232237247,2413.5986358007531,4463.8849737634191,8282.7224621556416,8366.6330898179094,4591.3332266289281,10907.319436249853,50442.99999999998
138,363.60394573725455,651.31229817240421,822.18309713464555,447.65753038696562,303.4150960030392,762.34569291790331,1407.3783644729601,1665.6392705378246,2155.6068415731193,1485.1977259134571,1846.6601371504285,11911.000000000004
139,0,2287.4597653958781,1167.280072722715,1387.919087912049,838.30286431968102,843.77342794450203,2645.1853989358792,4216.9953278038065,5223.5948360135963,3544.0389092275332,5413.4503097243578,27567.999999999996
140,2634.5783869543889,669.07577340872206,3048.0279559011769,1800.7139973791629,1212.5667801038301,2526.056418900584,4874.6245395347796,6450.7763238184998,7278.2615446817017,6024.446220918202,8421.8720583989416,44940.999999999985
141,4833.3664527161045,3301.9730327577381,0,5835.4799302380507,3449.3996406601382,5072.9527509498794,9875.1549574260898,13997.368775325627,12474.945816507516,10558.960840928456,13331.397802490392,82730.99999999999
142,4601.1690265395055,1122.2566029045761,4542.0035856128452,3382.7925650550501,1070.6036430000829,7547.5405108141094,5460.1732589499261,10696.035894540539,9390.5756791825934,7332.3969401519007,9051.4522932488908,64197.000000000015
143,-,-,-,-,-,-,-,-,-,-,-,0
144,2285.050782914258,2842.188775761816,4318.2952979286592,3564.321952155517,3549.2763038954322,6788.6088829152686,8692.6794297381348,15012.894116260519,17542.231179472132,14525.939178888249,19125.514100070021,98247
145,131.017941415293,427.2203174910486,252.07223715471258,317.50437551035139,108.9282462009224,552.08035384370714,803.60607437945043,1288.240559889462,1303.9892219908013,1180.0997467936083,1629.2409253306394,7993.999999999996
146,-,-,-,-,-,-,-,-,-,-,-,0
147,1372.2722815971902,2500.428615878106,133.725989599423,1916.6270992896802,0,3124.4219837422315,2675.1896646118435,5191.7260972082204,4553.6420558077734,3819.6990342229724,4007.267178042559,29295
148,621.81008747740702,876.14394568658031,1474.4938427952602,1466.5223663171771,979.62184755725798,1129.8342739532959,2264.6446828895218,3713.7255389881043,2290.0000619023699,2978.2625592972463,3190.9407931357805,20986.000000000004
149,-,-,-,-,-,-,-,-,-,-,-,0
150,2788.5780035478183,2912.8219964521863,1457.6,3425.0000000000005,1503.80685050798,3539.5914039670979,6331.6017455249175,8227.0000000000055,7606.9999999999945,6272.9999999999964,7609.0000000000036,51675
151,6032.1259804370138,681.05298791630696,6958.1782598993123,7392.6283230693407,4574.5760324200965,6046.1862531323513,11583.933521586334,13832.027547340153,16915.567068804387,11032.410349423368,14442.313675971398,99491.00000000006
152,1223.944357279491,2311.6055368971602,594.51976649810808,1418.6364555881239,1148.5858479329929,1974.629934834687,2636.7159760493228,5982.3212186111932,5509.5984449394382,4296.0152910922488,8729.4271702772348,35826
153,554.79224644273597,199.85580294301201,847.51913254484202,392.71548676316399,374.059169102206,594.55146155966054,1838.0788768300547,2822.0414737407818,2680.1579947430855,2192.5279626225629,4560.7003927078931,17057
154,687.05111218735703,2607.0338139939163,1467.406339876585,2543.4358879998767,463.448663241384,3776.6258269542686,3667.1230275443172,7993.9550694944619,7791.6318624667792,6128.8012676447561,12023.487128596298,49150
155,1375.6125519976781,907.05617625487889,1550.883892485358,1628.678246940302,1017.6456641256058,2586.3248406501548,2961.7699622879663,5055.144961703907,4392.2997868874781,3358.5939317861194,5113.9899848805608,29948.000000000007
156,1173.755582378689,1712.2141512630005,1648.7683496442892,2112.399759773411,1234.0705634479359,3893.3206877668363,4474.6156561544321,7397.2527531895175,6101.252152609909,5147.5058290116376,7614.8445147603352,42509.99999999999
157,772.57987663608094,764.32227803220405,299.65680317522799,944.64591940565106,703.05463080254003,696.10990242658215,2254.6101179528764,2811.8716474699954,2773.2620401147651,1875.0594599119415,3145.8273240721437,17041.000000000007
158,3152.4396945236058,899.36415808779304,2841.8934306395768,3591.9017895709808,1455.212265466668,3788.0795706398435,4928.935163713325,8870.5496031851035,8624.7715005803748,6283.9645297952429,10926.888293797474,55363.999999999985
159,736.85181231673505,5073.3672820945276,2452.3176008862447,2846.052289503984,1802.0852666529511,5008.7984162685634,6485.1293317768677,9891.709270266083,9515.8692568079623,6917.7211171201616,11701.098356305905,62430.99999999999
160,3507.4349866927623,1215.9714555276082,2042.5190720336643,1272.73229631552,1625.7064983392781,3225.4473838444351,4841.2301430452453,8207.8780517948981,6855.9456266970801,6660.9022943154605,7979.2321913940714,47435.00000000002
161,1703.7435628032058,1890.5895194558589,2830.3401179453695,2503.9222747306799,1415.0025271828249,4581.0410818000446,3428.9901133559129,8974.4428172121698,6515.148397957727,6750.7367956172329,7255.0427919389831,47849.00000000001
162,0,910.1816625666271,0,147.94891931782999,642.2636619356,1832.4829655341134,1611.3979941660155,2749.6492814846515,3255.283079129842,2307.3056039016988,2499.4868319636221,15956
163,2330.9218101619622,437.90467873853902,2527.9550037989593,826.07282316094199,1535.806098277917,2107.5371249600321,4109.5054062137915,6507.8965995001217,7295.0105236377876,4801.9875339070149,9855.4023976429289,42335.99999999999
164,223.99533998494201,0,467.76768739981799,447.724294034482,282.61184645123762,64.9662510292642,1047.7733445471993,1086.7111117592708,1499.7794549074079,1184.1576648577679,1737.5130050286123,8043.000000000004
165,115.23880143464901,160.9068312746634,130.64200756700319,224.39255058935319,47.493218908091698,280.34126145964365,305.68309269150734,531.23631744177101,594.90118063223883,384.22441963483197,739.94031836624708,3515.0000000000005
166,1029.4422335328359,278.22763068454998,2065.4605699885601,962.85021469900698,789.99411774458304,969.77512807334688,2702.3371586783151,4834.3487109770085,4727.2844206442633,4823.679214815068,7756.6006001624755,30940.000000000007
167,353.58613990115998,469.90864526613581,611.66315620897103,671.80945595222079,496.90068311580421,969.55565091158905,1298.774502582779,1346.7735154068409,2893.5571013382414,2054.4366437583317,4392.0345055579273,15559.000000000002
168,929.70362536366508,1207.371419051675,788.33582437301607,1144.9004655609251,939.0849775818549,717.96332970412504,2096.8819236896188,4198.2750941397908,4532.420308255797,2892.7280193523357,5933.3350129271976,25381
169,281.02829431905297,998.88202668976567,1553.7630716310036,1113.7395697478539,940.92533160126754,1524.6488235626784,1697.5688769294279,4483.6093842735727,4612.9267907845888,4430.9349054900276,7532.9729249707752,29171.000000000015
170,964.25432656727696,1795.233653488938,1945.3352243563691,2041.6055220855953,1289.2553585015119,2095.444835275357,4727.4820005982074,5398.4986081916722,7137.1995862565273,5330.4689296410634,9442.2219550374684,42166.999999999985
171,651.68953166856704,1872.854536557554,1940.7226879138859,1972.176337912965,2150.0189547184432,1406.8884344351363,3894.7307865855696,6399.3438863536039,5836.1646695056925,5460.0972766510458,7530.3128976975295,39114.99999999999
172,1267.9885571958739,147.43915544729001,1199.9764931837569,1330.9318740638739,1385.5782483168698,1260.8605960917598,2522.9454487085532,3483.2053171999992,4545.8635950666167,3927.4552405559421,5371.7554741694621,26443.999999999996
173,0,1887.6887773811288,1795.3441818609451,301.52475589940377,682.98821027532802,2154.3262979990791,2511.3908859452349,4711.6697531172204,4450.7121956977035,3651.5524954677962,5869.8024463561715,28017.00000000001
174,2995.196426610692,2253.8435091326755,1543.315354136543,2814.4299374011071,885.55623220848202,4117.9072924903676,4124.5407786075884,8153.7739075102982,5555.5132006361382,6245.0445972293046,8212.8787640367791,46901.99999999998
175,2027.6173160819612,0,1397.1925095662091,1994.859567128618,1832.7613056206601,2262.6106788223278,2933.3049675672869,6054.1125099828259,6307.4897094912485,5304.5524670813247,6547.4989686575454,36662.00000000001
176,1589.3465740048,3134.6915813438909,503.31686791866298,2534.2119883525679,1852.230398757195,2584.5850567322377,4923.9004708203875,7066.557744448115,7609.7093357929734,6212.7996991214413,8643.6502827077238,46655
177,522.01665351717816,692.31152979124283,775.51001724693845,860.14876237636349,479.19713451843569,751.35960512082534,1658.6426377981463,2213.0897566851877,2206.142921504349,1857.4797744693947,2445.1012069719363,14460.999999999998
178,-,-,-,-,-,-,-,-,-,-,-,0
179,-,-,-,-,-,-,-,-,-,-,-,0
180,4104.2065454013236,870.590639264522,4778.0185359099996,3372.7971776843242,1359.606566930197,5601.0164664568902,7200.942942345162,10620.254783033362,9547.2179751192471,9639.221073477227,11435.127294377746,68529
181,2132.7043771873368,1180.5516107974249,2235.4593387566679,3073.0120329804649,1774.1177233754081,3160.1349722797941,5271.590710612616,7321.1235279198281,7817.3339644777807,5478.1385237209415,7150.8332178917444,46595.000000000015
182,2437.9589825692583,0,2569.0423344577921,2548.949265920131,1870.4893598219917,921.29125473685303,6267.1237581745063,6949.3312756673931,7272.8755461527226,5857.6230435612988,9173.3151789380536,45868
183,2329.8970557636444,1129.239653023752,1564.279810552697,2485.7499782577138,1390.83834245917,3690.3066395223132,4188.9864762651532,7431.1218697839422,6999.7879726713754,5931.0948111195457,9104.6973905806772,46245.999999999985
184,1151.9212540036401,481.79151862148041,682.27226441241339,1688.0338577467096,1008.6049398331029,2136.2335830069769,3211.6639727373758,2532.754937107371,4075.5926157824788,3101.1259993134076,3616.0050574350325,23685.99999999999
185,1388.2421353149944,1018.5713446853324,1609.2291342287322,1030.2655188393719,1210.2820210942427,1597.6981265838199,3463.0455822105,4469.2210381772675,3733.6144761593732,3165.7737416075884,3748.0568810987706,26433.999999999993
186,458.90367228857451,69.649045905954907,669.41916004178245,602.26905783249367,177.2795664950701,748.62899730545348,1133.1333064233172,1859.7284768353941,1638.3322295930839,1315.4177031274735,1438.2387841514014,10110.999999999998
187,1884.0155559885038,2667.5347018661173,1612.3187353047201,2189.7804898119421,1643.500656038726,3765.8653796469416,6522.2411025484371,7778.6714685412453,7976.604412197632,5498.4586888147151,6986.0088092410051,48524.999999999985
188,462.79627572991802,802.82458204785598,2282.0549078745712,637.76128377047405,2178.1263253476777,458.43994646735598,3914.5677105921568,5783.6212585962348,4831.9482767348018,2916.2049947356654,4498.6544381032927,28767
189,3239.3133769898959,2082.7452796753259,2639.562918600278,1927.3320304869549,2533.38566131684,3810.2507891974242,4674.8015003150886,8635.3766622882231,6466.72697032618,6121.685838590176,7773.8189722136267,49905.000000000015
190,0,1142.360436489693,2556.732875750592,2274.8821464625157,1441.8963717749325,3138.9691171355767,4571.4805560833802,6481.7768183234302,4311.163520051532,5083.5017281160308,5304.2364298123211,36307.00000000001
191,-,-,-,-,-,-,-,-,-,-,-,0
192,2161.3135489490719,2782.625400492409,518.51447580322906,2468.5754250780556,1611.01630929411,2434.9629083898167,4791.9940302215064,6259.1789109273122,5247.6126406778058,4909.2837112769948,4637.9226388896805,37822.999999999985
193,674.96225365597195,1174.8680973891842,1685.9892705438974,1382.7240771120398,538.62152227427896,2790.301452265559,2151.4857868208746,4153.8993781771596,3724.4792219127939,3268.6968105624555,3624.972129285778,25170.999999999993
194,1009.3815400599169,2108.3391654952402,1226.858052969968,1210.5793868496321,1367.9242777566756,1803.1667070594358,3227.2703233833995,4305.1522495624667,3327.7849447625767,3389.2024558445928,3632.3408962560811,26607.999999999985
195,0,3670.1208005832909,2190.0669388746765,2228.304878727386,1354.9381528616032,4135.2553078417732,4086.030631411827,6377.7872360338715,6399.9348551355924,5235.4456013606114,4710.1155971693615,40387.99999999999
196,556.98215448308201,2760.8742516711191,2009.0620093917257,2459.7264449837639,1596.2986851952917,1685.0525779139834,3353.2881886373852,5669.3174566733387,4711.5662340492099,3880.1192291445595,4917.7127678565312,33599.999999999985
197,1413.8315292236048,553.01360718258104,1422.0651410101491,1416.7603981449538,461.2069374216336,1420.7973782671409,3185.2312391717246,3598.7748191123992,3221.6954910464447,2779.6750739928098,3921.9483854265568,23395
198,1576.9178889834409,744.38782884851594,2032.784770537949,1397.018720025038,554.13200444334825,1852.9541677143202,3016.5746605716549,3116.57595687597,4022.4294979115616,3501.2732659447574,4213.9512381434388,26028.999999999996
199,7014.6918189457547,732.45812663090601,4185.6607760659199,8124.47377678262,2785.2311721131264,9646.0589483635285,11148.003831911059,17254.632050118005,15749.722086751059,11227.753544313997,11765.313868004021,99634
200,2176.2149382210514,1472.0527632292822,1967.5563291470842,2030.0334241869552,1430.2344989027943,2796.318757866939,3610.1714402798925,5433.6248968272512,4215.7479772276156,3732.0637370584727,4125.9812370526806,32990.00000000002
201,1056.7064312815201,4643.4076691784539,3650.6707364528993,3109.3281633458942,3071.8413845927994,6632.5179639166827,7212.6844161362196,9319.6787583102014,11332.334373908572,9019.2962305930014,10080.533872283806,69129.00000000004
202,1208.1994837852801,4927.8658235935372,2223.1576511696321,4468.8637453412784,2749.8139595445073,5655.3489504702184,10202.402584527914,12891.509116060302,11370.300563722265,9394.4057085504137,9947.1324132346235,75038.99999999997
203,3165.6473806651752,1677.692346631052,4186.5657009305542,2760.0945717732234,2308.1563050941786,4371.7777645680617,6232.0659303377624,8837.0000000000018,7399.0000000000082,5914.0000000000055,6203.9999999999955,53056.000000000015
204,7570.29284352797,2637.3704730549239,10001.217271703346,5443.1194117137456,5869.5359773002956,10209.816301334256,12007.647721365447,19222.999999999971,16096.000000000002,12866.999999999996,13494.999999999995,115419.99999999996
205,2847.8718707702001,6011.1645733967225,5994.4892981133162,6032.9134993953739,3252.3536098348804,5769.6498796138103,13182.202749257973,16355.126755392714,13943.904507822868,11408.925796557824,12710.397459844356,97509.00000000004
206,1912.2620912733598,1293.56889298226,2828.7950276305078,2320.3971845111218,1546.4052309439071,3400.7039510698851,4436.6656617546505,6377.6500683290187,5452.7997588333892,4824.9501669260881,5047.8019657458099,39442
207,2191.9540173690511,2498.9004383220972,7289.2018914929467,1579.2540984319501,2796.490234193046,5970.1385380244446,9100.4306642552056,13169.071348360807,10147.532063447712,9185.2781714256325,9516.74853467713,73445.00000000001
208,226.730348157073,2010.1179175403279,223.366588355598,2040.240345065766,220.26157930808299,4370.1076683470728,3632.9733097332391,6471.3728764460266,7599.1698692793498,7424.6830107451333,10932.976487022317,45151.999999999985
209,558.52945251878305,1065.911344957661,1631.2974138843708,1445.5821373068859,1260.913965939036,2030.0195613850001,4039.4686500865923,6287.7854957693035,7280.6817297625767,5944.39028234941,9797.4199660403992,41342.00000000002
210,2194.4905443045,712.20941577916994,0,1272.083415871034,315.49973734513702,2657.7904762243497,2298.8812648826129,3911.8647139838336,5634.6146757781898,5401.6623335847362,9711.9034222464252,34110.999999999985
211,1973.8141621285099,1331.695023422908,3332.0494060592891,1863.742618696901,1521.1502995267688,2913.5258191096887,6962.9260046092695,8446.7400365787835,9704.6301538454391,8235.9986610673059,14079.727814955158,60366.00000000002
212,1882.6324053008641,1692.35884637714,977.21220476511303,281.43825634138102,1048.0401613805029,2274.9654136791232,5478.6722067249439,5825.657523897783,8938.4654881533461,6633.6164301975696,8363.941063182252,43397.000000000015
213,1912.71276111717,1825.0355169335157,2549.4556831171631,2354.2060368215962,696.45398915886597,2065.2839000582903,5042.6581588214885,7851.523538520808,8039.3739438621733,6072.4865998407731,9993.8098717481753,48403.00000000002
214,92.7784440807647,950.24473044932665,428.85843336055802,462.026019118384,1401.4925770219461,1123.3999578015491,3232.328402849445,4804.3793070544525,4194.5556884874959,3595.4382622619296,5881.4981775141523,26167.000000000007
215,1706.3005169546589,265.63047913144499,1718.3905686516591,1656.0867217201649,2113.8333654453122,1475.812961723547,4282.5358568289448,6945.1849863787493,6106.0297285489796,5250.706721630786,8635.4880929857627,40156.00000000001
216,1329.3911038769311,2493.606447725992,1889.360287096802,895.24779009034501,1473.8092870875059,856.67702362386603,4816.7054854098797,6071.9199266587502,6388.2687437832765,4680.1211529378297,8912.892751708805,39807.999999999985
217,1068.3593529649741,382.02688179540502,1592.993453263919,1645.1724240179724,373.59679452220098,2742.106127763951,3398.7333324819442,5162.3813970228248,5287.7996497684571,4119.7396942086907,6267.0908921896644,32040
218,1476.23833282343,2785.3485046862588,1583.5150196802419,2370.9055597042998,929.46955572575405,3740.8642721265355,8100.1270226537399,10759.826891285073,11018.775362869728,9044.0918626700204,14100.837615774923,65910
219,1537.0928372566639,2040.0125813277718,1988.7609568266232,1933.8595452292811,2289.0681798871287,3581.9218073092966,5343.9963950561141,8089.6980098676395,7651.8198804694703,6471.0923448513095,8111.6774619187117,49039.00000000001
220,839.95308648338005,608.11710270305298,2206.5722434393178,1888.6047568707281,1525.7490822677962,2298.0770470352286,4724.0155607456591,5223.0872179731477,5877.2227823263556,4806.550739352494,5369.0503808028316,35366.99999999999
221,3043.2380284791639,1888.8794911758719,2479.5962983570639,3213.1487360280607,3172.2752455471582,1420.209403394718,7367.924141630795,9505.0570557500814,8974.773440040035,6604.4244639939125,7980.4736956031238,55649.99999999999
222,2260.4994148013338,1618.8171393277532,2418.0459758466241,3237.1287426101899,1818.0477593741432,5143.8580925088827,4195.788182359448,8364.9542327491527,7892.3694233842862,5823.242925630886,5025.2481114072889,47797.999999999985
223,756.49978811445305,1803.6867517074431,1453.5167521815661,1801.563155554225,1007.706753435898,2646.2175350353577,2353.1373704206339,5074.3929601453437,4808.4668685913357,3207.0139033088108,3821.7981615049339,28734
224,-,-,-,-,-,-,-,-,-,-,-,0
225,1556.3848469310501,1475.6010620189152,1887.6344603257282,2959.7346515931267,1789.9767843673631,3850.0880766577729,5518.0705112792539,7089.2325085879593,7513.2209968676816,5949.6604959099323,7432.3956054612245,47022.000000000015
226,3758.6669794222803,1690.305105290345,4323.803281262256,4475.9734859894461,4533.548363434049,4817.7553006396829,9832.9814226176804,13920.317707414542,13097.306319893862,10635.867175719808,13320.4748583161,84407.00000000004
227,2890.9500762911639,3962.7296708838267,4638.7091764424031,2454.8145043373293,2790.3919594900963,5184.6115241540656,7576.0731005494426,9428.124877271488,9984.9838910598519,7845.8117580330536,7313.7994614872596,64070.99999999998
228,1781.4251528848681,3688.3464363357598,2765.9230855373253,2340.0057803775571,1498.203317072064,1791.6187909405139,6918.6153779501692,8427.8637124043944,6908.0604344901976,5538.7574055711057,6302.1805064360233,47960.99999999998
229,7678.0122392373642,6162.662576085334,9033.3870423950739,6279.9381422822207,5089.4471102250654,10167.908876136531,18976.644013638394,22266,19095.999999999996,14117.999999999996,15311.999999999987,134179.99999999997
230,3740.0447687513506,3690.8617239003156,3385.8221762844528,3268.271331063871,4113.3623769707838,4447.970956362552,7976.6666666666761,10756.000000000004,9225.0000000000018,6820.0000000000018,7397.9999999999991,64822
231,3757.0000000000014,1532.9939703468551,2240.0060296531437,3519.9999999999986,2326.126626785493,3157.3774193755689,6534.4959538389385,8037.0000000000009,6800.9999999999982,5602.0000000000009,5637.9999999999927,49145.99999999999
232,2662.99821425441,1173.2233003743179,3926.6902602106106,2827.5579539451319,1740.3572322499142,3830.0758481538046,6304.5878931800253,7834.5261940586934,6637.5898861176101,5436.8452136833366,4454.5480037721763,46829.00000000003
233,3497.9327443641741,1416.294620941771,4584.070134165604,3416.7025005284549,2288.7827835320732,4636.5626164157011,7121.6546000522339,9395,7950.0000000000018,6548.0000000000027,6590.0000000000009,57445.000000000015
234,3572.6800150678323,2222.4995654392519,5217.7466787021858,3684.66541594812,2511.1884141889,6706.1221395834473,9930.4458880134189,11100.152631542031,11555.550084835837,9501.3215517638309,9829.6276149151254,75831.99999999999
235,2803.8432241539658,5793.3830094148734,0,5435.742709866644,4588.4785423948551,8102.3209970740518,7018.2605699736869,12670.714142446835,11895.84066785868,9779.4740974283068,7905.9420393881146,75994.00000000001
236,170.97756501440151,670.98519582186498,358.07111858614064,540.9098683914001,169.80690095111439,521.98463515522178,1253.7547932975981,1953.4090411133584,1990.7426414721167,1760.5462620955466,2680.8119781012338,12071.999999999996
237,405.63361075395005,737.42847912479294,0,0,321.66975493503764,845.56262590681217,974.27986027471627,1709.9151949477125,2001.9928293375137,1554.2801374574367,2533.2375072620293,11084.000000000002
238,894.95758269539397,996.93703219703002,249.26537732233101,988.14570034344001,615.39322975125197,922.21071144151904,1815.2253428386937,2998.5478308571683,2869.4907170115571,2979.2369772548427,4693.5894982867667,20022.999999999993
239,0,267.65820446286398,304.61289582326299,701.41950272229599,385.92343119333901,1012.411401671685,1255.706932453845,2589.9003800451901,2638.8681755157886,2334.1798285438817,3273.3192475678488,14764
240,472.95298474326802,532.07885120598303,764.92461222045904,977.09149611782709,947.41053957120118,910.89108361407034,1925.1091616838801,3256.5530768052804,3536.4131068432339,2799.862793945138,4332.7122932496659,20456.000000000007
241,0,952.79063058315705,335.1392085725721,249.01554612499001,314.21607557873199,353.95673912939753,1224.0441526133291,1788.426345619547,1823.7230768775321,1514.2558020429815,2308.4324228577598,10864
242,1164.7342824421601,1066.4722830495109,1351.9197694758361,690.54965954386796,815.60402712762993,1520.527005703015,2788.4113221641596,4962.8207772705073,4371.7046734464348,4473.1705313171014,6691.0856684597775,29897
243,902.90382810253197,3883.6483129142471,475.148347980626,1522.67670300246,710.37030242648098,3162.9069721063461,5954.8715552272934,6620.917794053029,7753.0939060694773,6146.569566684313,8660.8927114331982,45794
244,0,2821.3015583928818,2891.3593188315208,2894.0202118546017,3087.4379026188835,4976.1869900415841,6922.5175517977241,11480.327943338823,12067.315171387738,8536.3648040596454,11503.168547676587,67179.99999999999
245,1461.0844247853349,69.979833995950798,1295.2132298821043,1226.170114216296,830.49813783077593,2488.9617539543196,2341.9384168122242,4184.3891742265578,4180.2676384725792,3060.2621925791555,3942.2350832446982,25080.999999999993
246,0,1197.4476620434937,1146.4439628574319,1521.0257658787832,1334.6195243579539,1779.9355811225387,3340.992039577809,4870.1743833010796,5389.451225214345,4443.736779648586,5172.1730759979664,30195.99999999999
247,2812.3339610142602,1242.6942869516799,7853.1432279236496,3310.1888639744798,2950.9118319166519,7763.2962106951936,11514.230248243917,18717.348638639978,14110.237428283757,10124.625250234816,19281.99005212164,99681.00000000003
248,-,-,-,-,-,-,-,-,-,-,-,0
249,2205.5255207774449,1106.207056389163,1786.8673292031331,1768.2332554582181,1473.049679714886,812.67676909083002,4274.9074908896155,6099.7261372612556,5720.5215496094506,3824.3961050517983,10047.889106554207,39120
250,653.95128722406196,488.404970643816,633.41379476623592,1120.823362778809,1038.2049443856999,182.014274774093,2256.046471767685,2616.3638562691749,3365.1436539762562,2765.5131309795793,4768.1202524345854,19887.999999999996
251,840.1420426855459,1563.2537528152091,1841.2399487312791,307.73650299224499,879.27271872060601,1132.406829669874,2301.4319042442357,4543.825634936913,4298.0433560156489,3900.4009168724415,3423.2463923160008,25030.999999999996
252,975.50987598730831,753.27470812764705,668.90861158734958,655.8621351197778,360.77555540699598,1334.3978802491579,2061.6195102054062,3121.3872200182996,4143.5684859189187,2807.259293535255,4803.4367238438799,21685.999999999993
253,233.32254148689583,107.6873268401059,228.26450037773964,219.53530039903382,141.65370451425605,246.33476014674241,615.97442828334567,976.20679116824215,800.47579617811937,739.86912325895969,1296.6757273465655,5606.0000000000055
254,1123.4814375683382,775.70060353518704,401.18698176551402,1222.8367889493079,1278.9398080084679,832.60941710517795,3647.0990909001093,6575.5858050768511,6044.8012947384814,4472.6677389094675,8783.0910334431155,35158.00000000002
255,2384.3491927729501,1477.4182767651409,3463.6801110072674,1870.495405741518,2768.840103990894,3304.6468224702662,3559.9372765597295,12042.721702269442,11621.003359517077,9217.8755695502805,15841.032179355479,67552.00000000004
256,1102.2889855987021,1001.1747148469181,715.66023785003699,1181.1896708836612,1271.3596245726621,1138.176269050615,2869.2237381504383,4981.2901230470188,4144.2968691566912,3994.2939223415797,5484.0458445016666,27882.99999999999
257,241.96144874119199,801.032008725737,2239.1237315370422,2254.5872069328598,458.22038825774297,3517.9334597284574,4710.1848769026738,7242.8834001080859,7563.9236866060892,5810.9995988620658,9552.1501935980505,44393
258,1994.1565846409101,3433.0022199012301,0,2582.728186723763,3632.8314477927597,2470.289284831425,3759.6054600310231,12911.077958012527,12675.831097077436,9449.873430742251,16282.604330246699,69192.00000000001
259,1603.0613904074821,1606.6113348725651,776.90464108437607,1440.036278729774,333.29813846500798,3433.9434113400098,4017.1468417568631,6219.9762773560869,5006.3981517418706,4550.1619708295839,5713.4615634163692,34700.99999999999
260,0,1202.35574957789,1626.7021820611101,2743.3289034075119,769.15646539461898,4180.5573955562368,5984.3847454717443,7848.369155061625,7867.0709798544385,5114.1799600161585,5939.8944635986809,43276.000000000015
261,3444.230354138198,1374.0457148795981,4936.5144166110294,1684.3946808426201,1927.3105641893801,1712.425606910899,5713.0062649001666,8866.0484062376763,8003.3558689523188,7509.1303562927624,8308.5377660453614,53479.000000000015
262,3946.312121603848,4615.0356441420308,2566.1625990201701,3962.6687718529524,3229.7473045945699,3424.887263007985,10912.299905576849,13409.307556789872,11459.083331634914,9828.2859399026966,11822.209561874162,79176.00000000004
263,3005.5691966089253,2320.450042661982,3353.8085879013643,3281.1379916422543,0,7953.2964583759313,5975.6125982818185,10256.26180458994,9718.3215596978589,7495.5150118331103,9350.0267484068299,62710.000000000015
264,3158.9248350800558,1659.497597411314,3737.2205794582542,3798.6787817584109,1649.0021239374239,3250.1617346808207,9185.6292169807039,10571.530622499713,9293.6892714535952,8074.0525918646108,9927.6126448751093,64306.00000000001
265,1252.7283247312773,2505.3564194714158,2457.9933157703058,1955.8497334167359,776.3612737624394,3089.8744152328859,5469.0040651288919,6908.4222187804335,6400.6476972600331,5441.5953907082239,6580.1671457373541,42837.99999999999
266,859.79672756250591,699.16474562330802,924.74456643310793,1204.3218857893269,484.28148722700917,1963.1576924024134,2186.184149102924,3478.7351970440927,3224.3783920330916,1860.8564501660881,3128.3787066161317,20014
267,0,1859.967071163959,635.61771709565096,1385.2194864360379,1130.0978162892673,3050.3731244352093,3363.2081165927948,5596.6122607839843,5441.3891196310869,4482.2060520893165,5447.3092354827004,32392.000000000007
268,515.65204067086802,330.92469562757412,551.62227183471327,514.28347646057682,438.09047796184194,541.11608470159558,972.80229225119206,1745.9805729740469,2251.22996813692,1709.310013857284,3331.9881055233841,12902.999999999996
269,1348.8272794989782,471.13373401948098,1418.0844399711609,951.63394386439802,769.99697600260197,1866.939410979021,1955.3411004320401,3839.4466168408999,5015.7601407087541,4217.8910540459692,7496.9453036366995,29352.000000000007
270,308.25349944212718,252.79667828081,352.18682529719689,354.34748066711842,303.84216139520402,294.02100062283398,758.88423122189647,1365.5423165549075,1430.5339095021623,1429.7527703114058,2635.839126704338,9486
271,-,-,-,-,-,-,-,-,-,-,-,0
272,852.83944344635404,952.09417720122008,297.50159100459581,1046.9511008415066,599.0823037823161,1235.366276685472,1370.614937906556,2766.4568382427706,3600.725193566599,2961.0987609603176,5400.2693763622865,21082.999999999993
273,1461.035041231554,439.71018690173599,4126.6740600236726,3640.632166733842,3431.0071643893461,4359.3543379995172,5018.0274544843605,10581.911057582278,10097.416548461604,5871.5677861511112,12837.664196040958,61864.999999999985
274,1939.6770990354341,214.39037397243399,425.70232206218702,1859.832154324758,921.60957869688798,816.29809516745297,3926.6265895498,5634.2600392030081,5585.1924468337093,4430.8232464320145,6055.5880547223151,31810
275,0,1399.47699071124,2094.653544453929,1619.572148438762,1297.958575325782,2879.9530210991088,3599.3591020528856,6352.4384502845742,6391.5140958890961,5781.2996694001122,7035.7744023445021,38451.99999999999
276,3679.8666499480632,671.15678115707897,7145.6783045854081,3015.4149153605445,3211.7947812987977,5581.0708741320168,8480.8858683404742,15311.643234973144,13485.760635607037,12032.839332956066,15564.888621641387,88181.00000000001
277,3149.4836173624171,1945.1095722924088,0,0,3129.6839127532357,516.02390251816598,9636.3334074774921,11634.702636095622,8606.6679040887502,9513.1863108496127,9497.8087365623196,57629.00000000002
278,5385.208875637737,7492.8506603009246,6158.8034114072861,6518.3694418750447,5115.3332557899066,7386.7761145088307,14220.670175144516,20256.828423712766,18792.177131252367,14601.952700872374,17018.029809498294,122947.00000000004
279,3081.673208778996,3022.6036569704438,4957.4611283409913,4634.7455000589216,1710.228041470381,5680.2669501672945,9359.8028131239644,9755.2155141105159,12386.622506594655,9357.1926912757117,10887.187989108139,74833.00000000001
280,1300.5441186352348,0,832.58350933045995,419.13657303423997,630.44886534793795,1564.4889513440341,1928.6643895634197,3879.0534649571673,4834.1405520799217,3577.4198234667501,6596.5197522408307,25562.999999999996
281,1070.7395098664699,786.30469740268302,1023.051111527875,1704.7935202925896,1108.0003639822739,1772.7463670513121,3027.9872413765961,5480.9737012696996,6821.3947804357786,5970.9162494570583,10878.092457337661,39645
282,1587.0607765397158,93.353182105746797,1757.0181898695928,1111.894863397755,604.16544719556305,1452.3794148688398,3152.1445330943211,5322.0060069431684,5977.2611549743415,6118.4716032707975,9059.244827740149,36234.999999999985
283,513.01914644924705,806.41591898020056,402.40708331396922,773.78600600038487,344.39430284362379,1233.8683529187504,922.75482549763751,2412.7090225960778,3008.133357221333,2284.4895874936392,4660.0223966851399,17362.000000000004
284,1712.1514581935301,1455.3409801927201,2865.5074527997504,2842.4051756104636,885.32831680246602,1929.6707001077202,6662.0406302545734,9624.3950635367073,9944.7245058801873,7783.2626993852891,6748.1730172366142,52453.00000000002
285,7082.47411280712,1596.2706573030632,8363.7230097050488,5935.8172153521355,6185.1446645668111,7973.0606544322845,12143.509071070348,20317.591871621309,18278.29912479932,13537.374825913972,13784.734792428542,115197.99999999996
286,206.00922413282399,369.730933385171,142.20924159953799,653.03100959626499,603.80756666187176,95.967482817273407,914.57319607509589,1752.0693794040844,1857.5531322068343,1788.5251032730102,3127.5237308480328,11511
287,1057.4864322211388,698.13700640294621,1478.0593892482859,1014.2055738056042,1215.3748030178419,1079.6121272536952,2446.2750095917563,3073.8007715153403,4505.7805101147114,4062.8970933864266,6853.3712834422477,27484.999999999993
288,1166.0274319501509,474.76248185236375,1173.7540815701427,400.25858788570099,871.41586758143364,1000.0492954136139,1778.9837964348253,2872.8143800874877,3004.6644621886703,2499.9078623219052,3018.3617527137094,18261.000000000004
289,1281.9997366254652,1325.8063408532489,3316.3145839448443,2604.8321123483593,1594.8262478455299,3380.7105711424324,6232.716432979104,7047.2910153955181,6908.1327194209289,5321.5779853538552,5831.7922540907002,44845.999999999985
290,2304.7752790986469,490.243131683032,3280.9401688077455,3623.8210323312687,2345.8832074134029,2954.8570442350092,6397.6841199696028,9169.805372699333,8650.2727046625314,5403.1884034770646,8258.5295356223542,52879.999999999985
291,3938.5711995878805,2652.647840506198,1974.2178909539841,3792.4771802016812,2978.0487679769922,2686.6282862455191,8996.7630231183321,12345.313402202743,12224.018654861611,8955.6469453509289,10461.666808994141,71006
292,3334.2173362406616,3473.8839473234411,3572.8142783122121,4095.7487260381927,3646.9332645163267,3344.9998448047022,8731.7832180606965,11426.301701216822,9101.5346339393764,7920.0514794394721,6430.7315701080734,65078.99999999998
293,0,3637.8151981140581,4378.9534045422051,4328.2531460496102,3488.8065129202678,8291.7149850795158,8662.5105784091247,13827.581161547345,12831.88266589637,9569.6679321979755,7885.8144152435243,76903
294,7763.4203035580749,3431.5713835061615,4831.077168025693,6650.5218135634586,2516.9011805488481,8466.8356032839256,14241.705695998404,16660.908800824756,14186.030900658703,11607.203774804762,11414.823375227226,101771
295,7396.1669014465797,5545.2910811619822,7615.2843199393446,8041.2576974521116,4254.6164660342365,12229.392938047513,14594.990595918294,21279.000000000004,18823,14788,14774,129341.00000000006
296,1605.8207484992031,722.22956068786004,919.20825130783942,1553.9215988328742,1143.5445622528316,1497.9748074123638,2577.9068781500159,3356.2603600477605,3160.759977717687,2483.0181408986336,2320.3551141929338,21341.000000000007
297,444.41059703596898,207.70190501232747,238.385140980058,274.96899924927499,132.76400178344801,347.940028377658,1116.2149944298981,1170.8686993403539,1038.6738461890229,608.41465933471295,740.65712826727338,6320.999999999996
298,8841.8332146398407,9955.879779333889,6588.4933827177647,9804.6498615520995,7487.5639705008425,11226.146990002719,18958.807976348842,23702.676137074963,21191.439213456473,16902.081133278607,16533.428341093961,151193
299,709.53573669121602,563.38922488846504,226.94943599467399,685.60681001135401,532.31117712233936,912.23375501479256,1819.0677043830983,1808.2642561766679,1407.5965018995557,1251.7281392571429,1810.3172585607015,11727.000000000004
300,-,-,-,-,-,-,-,-,-,-,-,0
301,1335.5213154959081,0,1514.9083561658199,1562.7955746497371,584.92253953293107,2741.4581105746761,3977.7829831803765,4522.4332354470034,7490.5396190705451,6134.5585483848045,11821.079717498227,41686.00000000003
302,352.666666666666,176.333333333333,909.50000000000091,309.50000000000102,225.375,458.625,1298.0000000000007,1686,2033.0000000000005,1834.0000000000005,3266.9999999999995,12550.000000000002
303,77.504202709629098,898.42266287583016,600.94762368124157,725.96914350317093,470.56422094875001,974.66546386363234,1415.0643603686456,2801.8360496297814,3363.8615975111134,2677.3143327565599,5000.850342151648,19007.000000000004
304,379.54607526284855,621.66557426212944,551.73533831600719,444.06890805753312,441.44676635627064,734.23525647218344,980.55590206345448,1925.4779904450374,2321.4554107720419,2095.7583569469812,3731.0544210455155,14227.000000000002
305,5134.3421793911275,1510.2479128412981,5315.0839649941863,2303.8105120864257,2884.9855075811702,6315.4057441325813,5002.7485389360691,12859.080533964145,12204.363239836752,10163.938471392683,9710.9933948435537,73404.99999999999
306,5946.8256774481051,3688.3158419950378,7033.6389560367115,5363.0916558444151,3560.5064507332859,6838.2623104993318,14461.965355796441,19179.333013064188,18558.187480970417,13755.244553697443,15263.628703914592,113648.99999999996
307,5726.6588535335413,2133.9326674848598,1066.9663337424299,5990.7653753225304,2600.498499518726,5869.965402317428,6974.6095680089602,14227.507797085607,14279.989129622019,8565.3577670007744,11331.748606363097,78767.99999999997
308,6756.5507777774937,5539.8195790055497,5719.8565221070512,7579.773121109909,5757.5519186122947,7382.9480813877135,14586.5,18335.999999999996,17266.999999999993,12994.000000000007,12225.000000000005,114145
309,2580.6880649524678,1054.14289511108,3092.4780892136741,2208.3177247386316,1252.6170251601779,3569.8781177640003,4858.1032224722876,6402.3201310666436,6028.3222144195342,4536.362870382598,3948.7696447189082,39532.00000000001
310,3895.4091006177714,2435.9353125597481,3781.3343792257683,3533.3212075967126,2925.0295659174544,4306.3758790089378,7551.5945550736114,9778.0000000000055,9209.0000000000036,6929.9999999999973,6517.9999999999891,60864
311,931.76489155229001,1079.1775429277259,1291.6262897713489,1700.8547763609449,1359.1477456184552,1981.1543420081741,3228.2657758134978,4344.3514913641393,4090.3932345618314,3078.7234574640975,2895.5404525575109,25981.000000000015
312,5051.8271585459715,5786.2826573113143,3356.790173326865,4627.1503572288857,3159.2862138106498,2427.2622164785803,10946.689152448082,13483.657523054117,12698.160298345565,8658.3763067779,8452.517942672097,78648.00000000003
313,1727.2994983863789,2671.7123240621931,1857.703925855858,2286.6325194026854,2494.42318683755,875.39162278050503,5287.1676238539458,7750.5295112155336,6216.6996136121979,4226.7415433277365,4532.6986306654244,39927.00000000001
314,1117.539165186123,808.53555012101504,1091.8684923390142,1117.0506791829232,707.15522283797998,1717.1921166031541,2590.8399200880554,3257.1253648186848,3264.3106207380843,2699.9714436470881,2660.4114244378725,21031.999999999996
315,5016.0939086074177,7505.934299835435,4016.5907520034229,4941.7814062576799,1183.2408186637281,9461.5235335456055,12531.540208743627,12547.573131125595,15869.527767414818,12365.228828484922,10920.965345317723,96359.99999999997
316,6528.822359168782,4662.4678087087141,7641.7659185050888,6863.6895754659145,5690.6657970871265,6904.1599117372707,14415.061845229382,20141.211527372707,18676.782027489979,13728.266469512029,14922.106759723012,120175
317,699.85450052927047,100.422133741008,773.71596287608804,719.71412671866995,288.20729171787298,962.68006823883275,1021.1600506910111,1890.9847887922945,2095.5588158309215,1636.8142752541062,2679.8879856099193,12868.999999999996
318,130,68.5,172.92857142857139,113.5714285714285,56,214.40000000000003,206.60000000000031,366,407.00000000000068,363,546.99999999999955,2645.0000000000005
319,1113.0774093549721,366.89425714257493,1078.316574943258,1245.6638281072442,802.63949001183198,1012.8822785571042,2059.6775473076505,2888.6607139863318,3325.9836191680829,2960.5010027623784,4211.7032786585751,21066
320,246.46213733757071,404.35024023784001,482.63056194615041,404.76773883059536,261.9266260283955,581.79079002760739,608.36160635176373,1187.3781920998581,1319.6043191499962,1051.4617245584323,1647.266063431794,8196.000000000004
321,3764.9672781210038,2755.2028352229136,3154.592842524155,2724.357953850244,2036.4495699466499,5604.7120921455517,9953.3767635653257,13154.397089180813,12674.127494175162,9543.0192254370049,8992.7968558311986,74358.00000000003
322,1964.7732275248727,1671.9117700683028,1673.1691093345964,2176.3282411028995,1514.6765543783856,3189.7755222566111,5052.3549089323878,6505.5327029190585,6777.2783004259754,4854.4461424413139,4582.7535206156026,39963.00000000001
323,2504.3925004647363,2200.3920083675453,3616.1680057490721,2334.9575921272026,2257.6191092270642,4618.3572971208232,6919.6175729841743,9751.1313802965688,10004.700158553042,7472.1516293117274,6859.5127457980225,58538.99999999998
324,2568.209413850886,4284.497750129156,6266.3162767743133,687.12391393189603,3415.231980052472,6145.7742901423735,6027.9226417417558,10940.259768278243,12451.060584333542,8728.7148134166018,8214.8885673487966,69730.00000000003
325,1568.0668066000919,4477.6594997499888,3762.7100888026666,3092.9598568193001,2549.0270898828753,5325.6334386516573,9381.2931214192358,12719.65060082377,12603.613205113294,8023.4790561695845,8549.9072359675283,72054
326,1566.2036556424371,2810.342548823869,1220.3449515501829,1741.2877312376381,1789.628840222686,2930.9520888818333,3755.5082993257711,6470.2736978628918,6754.6571135568665,4495.5349759291357,5674.2660969666958,39209.00000000001
327,3457.6945077906307,1641.7084539648511,2827.4905354411071,2945.9372664649795,1698.001900516115,3112.2392277407826,8717.5857149813583,11317.649710603708,8584.9749960778245,9026.3555716359369,7706.3621147827034,61036
328,1387.79790225286,1746.1769251865976,0,1622.5792608335373,386.51401551645853,1813.2588067632787,2785.2829054615036,4065.2628459827838,4492.6254004303983,3146.3354204924708,4516.1665170801052,25961.999999999993
329,954.35662115598996,217.25348926941331,872.14095973449105,818.05332317109639,1032.1955462905537,1459.6183802386088,2125.0403067141474,4100.1888396701979,4082.9654266289285,3011.3840034562022,4157.8031036703633,22830.999999999993
330,1620.194903953259,554.23284421101198,1315.0658509432769,1648.1518465747927,0,1970.626139669213,3586.1903804077115,5198.9752695702064,5795.8032808119124,4097.2004635900139,6270.5590202686162,32057.000000000015
331,1723.29486788078,2257.3272478548611,803.32025938020297,0,1657.2341726136899,3598.303046486104,3206.2622908903418,8246.7152379348045,8834.4683983345822,6201.6914794056729,9444.3829992189676,45973
332,1635.5330759491819,2235.6643787192525,2068.6097589766841,2597.4695759817519,391.83513198073302,3761.9651021146738,4924.0328073385781,9640.0125105726911,8334.4653124448305,5854.3282104141981,6358.0841355074708,47802.00000000005
333,2421.9990160763818,2243.733716004464,1041.751020920766,3106.1482502117433,1717.0291909855969,3496.8648896051759,4816.6738764204711,7071.7011249549723,7177.9324480742052,6007.7333516663793,5846.433115079848,44948
334,943.22450849317499,1202.251615553233,1655.3051060436858,1957.5391636357379,1364.5707824040869,1989.1404181075311,2741.439941747858,4269.8054912093166,5312.2682477386279,2428.590449929115,4048.8642751376242,27912.999999999993
335,1362.0419181821439,2041.2574951798979,1978.0777769290839,1386.3507006260361,1636.3107574570281,2186.7563059025629,5690.7874551780596,6378.8193172358633,7562.2840782461062,5531.3785222781362,6646.9356727850982,42401.000000000015
336,1332.116776435565,2297.7569864914553,2580.027145415751,2958.5976734867054,1471.714319650918,2418.3409482571851,3664.196009844984,5490.1670485990817,7048.9440221891109,5843.7420201800305,6403.3970494492141,41509.00000000001
337,3478.572306052467,1354.720451890744,3938.591314323663,2859.7497007095062,1397.355262160132,2478.3933819372451,6263.395449654452,6026.1344487526931,7712.7934875478504,6324.1305903873481,9158.1636065838757,50991.999999999985
338,1126.30059111175,0,735.86153490102004,877.82749553817996,370.59246567846992,1939.001457758156,2389.775572338393,3618.8987488744251,4399.1681443981988,2896.2599476786118,3677.3140417227924,22030.999999999996
339,1762.5343660971612,343.88387395038802,1757.3864447489298,1849.8689616617407,1280.4121217842076,2827.5316736137379,3948.2822372544738,5794.228395575351,5081.0528199605433,5047.3160506816275,5034.5030546718353,34726.99999999999
340,-,-,-,-,-,-,-,-,-,-,-,0
341,0,77.791706482883697,407.08627150800055,239.40976760492578,191.28870320493439,356.27578342925119,562.20386059016357,1301.7972941775668,1407.5064206553998,962.94225976299549,1899.6979325838747,7405.999999999995
342,0,0,0,476.64251232370322,298.42565825364215,522.67252445334111,662.97410034167808,1774.1723145170572,1960.4371244401059,1382.1946008615055,2325.4811648089672,9403
343,1300.606860377444,2278.1340137583461,0,1527.2259946080001,0,1371.26143520454,2681.6816280861958,6390.8311410292999,6780.8952946379122,4506.3376730105192,9354.0259592877555,36191.000000000015
344,83.360930259397804,87.192733208202199,320.16669205752504,395.64916627411344,250.44996363968218,370.22257423798339,472.84524532455708,812.82527783172088,917.81605095373129,791.11105895423134,794.36030725885576,5296
345,0,2215.8045243321171,3781.9686168905896,3585.4886046724287,3190.1743200018182,2141.0372277163469,6670.9893591464934,6618.2315381215321,8803.3780888129986,5553.6356561151824,7566.2920641904839,50126.99999999999
346,2052.0272658784602,1747.9869401178089,1301.8950020378988,2878.8751816397576,1678.957190580498,3627.5115543497795,4154.9861423077318,6300.1297224824311,6817.273428888162,5125.5978788890689,5994.7596928284056,41680
347,-,-,-,-,-,-,-,-,-,-,-,0
348,2926.5044639688358,2618.770855104216,7614.3049193720326,3858.7046753605509,5018.0777456467886,6040.3444822223664,8196.6594509563674,16372.634050876544,14748.460375602494,9629.8524292843358,8966.6865516054313,85990.99999999994
349,110.732992923238,1049.8285517727959,401.3842614395254,544.22539872992456,332.7238117959256,506.1105707604508,1326.5575908350247,1839.5367608563142,1550.7567968285871,1076.1124699683087,953.03079408990618,9691.000000000002
350,-,-,-,-,-,-,-,-,-,-,-,0
351,3810.1643761669184,2069.90788603289,5546.1860517352516,2965.6777677811688,3970.5915613323768,6049.4531848763136,6266.6839112520138,12177.260407231503,11926.392715033071,8684.5393941114198,9329.1427444470864,72796.00000000001
352,3194.6298962989549,2846.0275801440534,2351.1218128045421,5474.1873095945921,3270.4924455393743,7993.665819670663,7911.1255357345026,13736.664158453055,12816.216046148718,6014.2224368492916,9614.6469587622814,75223.00000000003
353,-,-,-,-,-,-,-,-,-,-,-,0
354,-,-,-,-,-,-,-,-,-,-,-,0
355,-,-,-,-,-,-,-,-,-,-,-,0
356,1744.0695256199781,1310.721202622213,2934.4848270066177,3495.3207886275927,2217.411019791668,4930.6420194525617,6351.6485650233426,9774.6850036259675,8433.6086758280017,6483.8995890046763,7508.5087833973857,55185.000000000015
357,7313.2748560933114,2206.0370714752812,7211.5531003149817,6846.9437958355793,4426.9753637036174,10064.007438903656,12666.807594136837,17707.32232936782,14635.674715042391,10595.86471654436,13564.539018582193,107239.00000000004
358,483.99999999999898,162,324,480,0,789,828,1053.9999999999991,913.99999999999955,702.99999999999943,808.00000000000011,6545.999999999997
359,1701.5170083111659,1259.017564443147,2186.9236571567299,2840.3574110427326,1082.8473040834751,2630.7122172125182,4347.9240726453736,6419.6966993716233,6228.8410542346182,4087.5420653037127,5682.6209461949074,38468
360,726.85659351455001,314.02338150325198,1392.003928119381,116.62789601071,0,2559.6863388870233,1219.2251800635449,3749.3852966151962,2691.9103975925382,3039.7958807905643,3838.4851069032461,19648.000000000004
361,431.26863630400999,1270.693670172431,1550.333559295449,909.01443333689713,1334.666445156412,1132.9541098422687,2213.1312050728093,3067.4769491747229,3897.6079083004761,3251.5257834871459,3156.327299857383,22215
362,567.18896491052999,572.97671826738008,831.43027658207211,1038.4658042368221,1013.434062752668,261.51473230103301,1460.0586876738741,2592.8765060906112,2666.1154293233521,2249.6373733281912,2543.3014445334629,15796.999999999996
363,478.603105798255,420.36603659558699,506.04256099697153,1287.5112020399051,1058.9176102089718,1796.1675960577641,1483.0887307684811,3301.6027056462794,3290.1838931232719,1719.1538017424009,2620.3627570221142,17962
364,123.99846047562799,514.20786915676604,3037.9403471631522,1621.657920820973,1050.3902126389371,4748.8076566353448,3326.1965211402367,7030.4191598306625,6743.0815060988743,5560.332108385971,5445.9682376534556,39203
365,447.78831874496001,229.74614843079962,455.84511614662011,519.42978079312263,535.66066297349926,437.5762613293353,1018.5501784916066,1435.4673615450254,1366.4349848936395,1080.1536581922967,1179.347528459095,8706
366,326.45458478302396,450.4372950229174,394.40192172735419,418.80804711122602,505.00566638467319,673.01906304588283,1038.3008290167288,1537.8571648295995,1438.2347623147784,1135.0204004089644,1337.4602653548513,9255
367,1257.9101518018629,1851.4112905210909,4806.3670621341298,401.20834748620803,2356.9511453067648,2499.3028645559989,4218.644898213337,6572.9091997389614,7129.0299044296908,5577.4743224442391,5566.7908133677238,42238.000000000015
368,717.64087139411697,2128.0988601534618,1976.3002916158789,2029.8775637024223,1522.4587607448891,2836.0722436064025,3482.3972810232103,5720.8973960896274,5424.5716757447462,4312.6870749836271,4831.9979809416272,34983.00000000001
369,1781.0951151712761,1210.757712238295,3642.8723558742568,1758.473090312028,2134.2137824838201,2978.2134466929342,4758.8279138501202,7483.6811298776256,5987.4727650636432,5434.5029921885234,5636.8896962474591,42806.999999999985
370,1726.1098159537039,3104.1115104574155,3369.6188648265038,1900.0827054836759,1762.9810441060072,3726.1371735937623,6788.1289765952924,9945.8173667797419,8172.3301733670114,7209.244882138396,7169.4374866984863,54873.99999999999
371,3276.917090466995,3563.6936731521819,11016.010795450784,0,3801.2224052508309,7684.6843496093225,10399.886576538713,17522.736756989099,15014.787792100084,11976.693789233899,13405.366771208086,97662
372,4120.5027233146011,2084.9526777937917,3175.6968827996584,4701.3962405934108,2573.9849163532417,5600.5838347731697,8742.1476062804613,9337.8039684696996,10503.55829128605,8530.08134653048,8524.2915118054334,67895
373,2918.6516654579741,843.16394672820093,3731.0290739444131,2853.1843902265446,1692.6085252134592,5336.5210748852869,4743.4747754699829,9344.6884702894713,8503.1259396915539,6652.4502141993871,7755.1019238937279,54374
374,3553.703326152493,597.97256979761403,4915.8639314643196,3332.6386556057719,2231.5609321232869,3633.249895079196,7771.4801416294085,10038.877355381732,9577.8491196347513,7150.1422615184811,8817.6618116129375,61620.99999999999
375,-,-,-,-,-,-,-,-,-,-,-,0
376,4139.5403794634203,3008.4050182368692,3645.5011278130742,4529.1651996848896,3514.0237427916495,5270.2812174652108,8664.1293251021725,12802.747555028773,9298.2053018453898,9607.9957108384333,8011.0054217301285,72491
377,1250.2373765628449,2331.1903763424179,3042.9793368812634,2533.7068757161019,2293.31204545948,3363.1091845061123,5347.7887130030276,7930.9805788924887,7549.9001377470386,5966.1626054598,6057.6327694294332,47667.00000000001
378,9161.3548743967931,7064.5072880652051,12913.628889900108,10027.601280265742,5552.421929402276,16191.547139694771,22735.507127939225,32161.656139676441,30917.118071336707,23948.487668713627,27118.169590609134,197792.0000000001
379,3785.177826820724,4094.7771446876691,4057.1990353248543,4158.0813722889297,5029.6470651793734,7801.7766237765982,12834.729878712198,18275.105230001289,16642.765481071492,13154.76685197306,15626.973490163826,105461
380,1224.724947024114,1422.103473448949,4096.2243405013205,1164.360166407741,1161.0572760050029,7130.9437141030594,5935.2623952139265,9633.505617327748,9657.9222620499677,7633.8217848263157,7887.0740230918655,56947.000000000015
381,4936.1422446044453,7351.7615701087807,3322.74015058656,4965.3026444814877,4342.183822689216,7109.5196061767601,12136.89580935987,16672.109766557965,16655.874450724768,12616.855002034006,14146.614932676166,104256.00000000004
382,-,-,-,-,-,-,-,-,-,-,-,0
383,5123.4156852359411,1979.2959771670439,4574.8824608914711,4880.9205697149782,6617.1990470590608,7320.2334999636005,8719.8982245508651,17393.530360827892,16559.735259578556,13088.84601648719,12397.042898523408,98655.00000000001
384,3891.4947166501656,3980.1338827419695,3234.7132343946623,5130.0897897383693,3040.257762023848,5898.1187389316501,9898.4510988896818,13382.272887294568,13024.001186702568,10068.221435968173,10149.245266664338,81696.99999999999
385,1893.7658460506839,265.46363442691802,1708.7047910274109,1144.159856678463,1551.9977145004568,1864.0523633923049,3609.9582112668982,5066.9038329502991,4821.3571205797844,3809.6625116712412,3854.9741174555461,29591.000000000007
386,-,-,-,-,-,-,-,-,-,-,-,0
387,180.41104294478521,90.205521472392604,56.036763338910603,252.16543502509768,162.69210122699369,322.10291695069287,533.23872415360131,694.79729038854771,701.24054192229039,548.7502556237215,659.3594069529654,4200.999999999999
388,1363.232421651463,5952.5362238965909,3961.137353592253,4527.4746607119896,3146.608051504476,5296.1203133015988,9656.7909248612195,10911.495481355189,10924.283217760463,9743.18009020518,11706.141261159562,77188.99999999999
389,322.36633591984099,0,0,0,386.9848131650341,0,274.77782238626799,1907.9778431669156,1918.0286483109021,1311.834046048215,1261.0304910028281,7383.000000000004
390,982.97917732085102,2167.1295293097551,2479.5758193528809,2128.86705778346,2574.9964907158301,1877.7071303042319,4545.8487999331674,6903.9924818573354,6111.6481349109044,6066.1659102015883,7303.0894683100296,43142.00000000003
391,626.00000000000102,178,534,727,615.83333333333496,535.66666666666697,1181.5000000000018,1624.999999999998,1634.9999999999989,1429.0000000000005,1853.0000000000005,10940.000000000002
392,-,-,-,-,-,-,-,-,-,-,-,0
393,-,-,-,-,-,-,-,-,-,-,-,0
394,4844.1442585420446,3170.419533576604,4676.5518034231118,5067.0688156239185,1024.3991387407689,6202.9953464968257,9950.9364491697561,14126.011319411431,13439.69074235014,10472.193693316187,10962.588899349217,83937
395,-,-,-,-,-,-,-,-,-,-,-,0
396,5348.2573874605278,3442.6745760147951,6002.0214400309442,5969.8883674190693,2928.4266784832193,9445.8906808769279,10729.029234429334,16344.674415127683,14651.09461120471,11837.126640202325,12685.915968750493,99385.00000000003
397,691.66151447889604,1430.7673700141036,590.5544173011034,1359.1545436995589,1171.2586930045359,1227.5485683398049,2606.9710228649342,2632.1627039517984,3359.3885642864993,3066.2981696598663,3375.2344323988909,21510.999999999993
398,3593.3926168148869,3428.5308348533727,3698.3605039169456,4823.2209264173644,2519.3820364426629,7434.1712312749951,8780.5511347924039,12448.681970849775,13461.978706559939,10651.257817577394,13128.472220500269,83968
399,4924.0344128682054,6627.3468102453689,4657.6257036888474,6094.4871356702151,5210.1509556375904,7438.4799443424572,12015.589066152403,17144.883638642747,14555.243591723753,11714.107423155481,12015.051317872918,102396.99999999996
400,3399.1145539819222,3828.6405410348316,3530.6970150906573,4094.8797775231733,3016.9971353823357,5798.5586232320766,7021.5340079658663,10851.781625982258,9806.9109363504049,7644.5946807868158,7605.2911026696256,66598.99999999997
401,6555.8084880198485,7404.9868995541601,6941.5164404888228,6699.5137317599729,5697.6193698183979,11164.304555772178,13516.678828389015,19982.119426047004,18009.855725228943,14761.344567736758,14929.25196718484,125662.99999999994
402,3280.2087310977627,4306.9836902934221,6050.6049860685062,4891.7734781010859,3606.9086295604802,6678.9714566368339,9797.9195198082762,13417.239946211039,12090.337204851934,9464.5719310076711,9533.4804263629958,83119
403,4582.9847742737802,3539.0636281430429,7308.9650121712766,6465.1014730148272,4785.3810964628583,10672.446246357316,12066.568003902987,18670.388232120971,18537.914111579335,14049.769304201496,16256.418117772142,116935.00000000004
404,8873.4741110335526,6743.070706762579,8633.5410944701707,7259.0829502252727,5989.6115824863155,12167.904812927256,15696.639837941861,22955.399509204679,24465.358972927395,19049.410205650976,22192.506216370009,154026.00000000006
405,1003.6397792105371,947.08100504453307,2095.2426847635033,1488.826191249266,1170.7790013356798,1447.2610614819719,2925.4128670161008,3996.0197199711088,4136.5379523301499,3195.706877472448,3741.4928601247098,26148.000000000007
406,973.79244819453208,699.39650997793501,1371.6334774265649,624.54711414035603,703.53825094554145,1337.4630595020762,1915.9190523357988,2877.9569766510699,2559.0643652064173,2118.2828120565823,2413.4059335631405,17595.000000000015
407,589.95269807760803,6300.1542158677639,4704.7189206645508,5373.0067970557575,4234.8583490637602,6984.5596372735481,6075.0364041400462,11950.632311340849,13961.908218711847,9384.988001770942,12110.184446033276,81669.99999999996
408,1859.8896280341501,777.78960224338493,1716.0865193717962,2728.4672572683053,2307.8419429189398,629.68789184447201,5255.5937613140177,6853.0188043619928,6135.5241379276367,4416.271047920306,7221.8294067949882,39901.99999999999
409,2399.2638809981509,465.377860242,1344.653409057933,588.41982231387794,2760.751502939996,2619.4956289564398,4474.8180991462878,4958.1393713818752,6467.4517871842336,4808.5815393115136,5228.0470984676758,36114.999999999985
410,5069.3565987267666,6157.2296515247726,8567.276564604721,3817.3339589181505,4762.9198023336794,10711.595385697827,10935.125543182941,19645.791311744328,18015.04892342817,15499.850489456911,19713.471770381711,122895
411,2683.7590514901685,2415.9021347265952,3335.4756540736644,3142.0666734652068,2663.2259819618489,4990.1258305822093,5248.4561025419725,9229.9562007597833,8960.2039366590634,7282.3045924206172,8878.5238413188508,58829.99999999997
412,1022.716730394502,380.133761210724,2241.7991251030026,1202.1253559790171,1275.7238861346095,1051.9334211874836,1566.9128822209718,2859.0701538657404,4279.6045583832138,2584.5046401357731,3888.4754853849613,22353
413,886.62403736719398,283.93045349670689,739.76299147004886,713.57777436958395,467.45846952224787,1281.7401936543993,1195.3464516214087,2296.1017235645636,2227.1656441041928,1809.3069470675036,1975.9853137621574,13877.000000000007
414,1164,649.5,1142.25,821.25,775.78947368421086,1368.6549707602346,2064.5555555555561,3009.9999999999964,2921.9999999999986,2377.000000000005,3021.9999999999986,19317
415,2167.3124316066587,1076.8316934639251,2300.7560602432641,2958.5024719540738,2329.6946656544183,1070.5385775219841,5472.5749795179954,6779.8565580398417,5532.7917324616928,4835.3030077274225,5797.8378218087209,40322
416,1726.9604454190098,556.45160299843997,1369.7325335330661,1104.1846310231799,516.59514138986697,3129.6163864194541,1680.4856965096319,4464.954489050634,4333.9143071958879,3523.1697674279276,4480.9349990329165,26887.000000000015
417,-,-,-,-,-,-,-,-,-,-,-,0
418,1007.481373980884,1539.0892464286369,1101.1489632550461,1982.8727778848863,1164.298010269162,1840.4407500738521,3810.8675459609071,4170.7382004399933,4388.5827983002127,3835.7093337418173,5383.7709996645799,30224.999999999975
419,-,-,-,-,-,-,-,-,-,-,-,0
420,510.93191798033502,105.740692590713,984.36226893951005,917.32154711851797,889.02461703204858,1053.7909414709777,1368.6121658048339,2170.9391074577329,2278.9204462938542,2086.6108237952303,2960.7454715162512,15327.000000000004
421,-,-,-,-,-,-,-,-,-,-,-,0
422,1504.5315946031792,1343.6387833010451,2341.5633917897958,1278.6966060261059,1473.9497540732409,1580.039542492043,3382.3113397175225,4744.291696671402,4415.2972920404036,4470.6214071731938,5471.0585921120746,32006
423,-,-,-,-,-,-,-,-,-,-,-,0
424,1201.9148732214019,1847.4036882284358,1923.1718830241371,1926.4340928708912,1950.6025874451104,3648.4810279412332,2695.5535092867412,6001.3598399950679,8817.7036802976781,7343.4026481910296,12960.972169498265,50316.99999999999
425,730.10237149365605,2278.5828743223838,3410.3128900410338,2345.4580532517593,2682.49317545025,2211.2106054780384,4423.730703721455,8471.7108503355175,9480.5709212591519,6831.8471660779842,13949.9803885688,56816.00000000003
426,868.391929056241,1094.8713413491721,1730.5419851672539,1735.1640122715571,433.88891034824934,2645.7121909388584,2453.8703561717371,5497.7313891676704,6301.7244108402829,5581.1470872121899,10038.956387476808,38382.00000000002
427,131.13982297665029,229.28102204103331,335.38549200968322,377.99547066831121,221.82538848932103,376.63361342606333,749.43464747318671,915.62012506352619,1339.4229901622484,1114.9505206647013,2003.3109070252756,7795
428,251.27784298278058,375.86865690434979,968.29410556001801,439.11899784135755,548.53668680723126,595.02488904583765,1432.0818092328241,2562.7181583201791,3057.2564767472563,2426.9596205796606,3828.862755978505,16486
429,2608.8127299127441,2817.5488422352701,995.70924610819804,3235.2550274568739,2197.1322459927892,3864.3520723611346,7518.3049042551065,12756.959025244782,11354.233991584008,9774.0211131668493,14325.670801682223,71447.99999999997
430,1758.690146324333,952.5294534145329,743.1488397055009,766.77112183602105,654.76540722179107,2802.5957785994201,2819.8744351784849,6156.7170565898732,6626.0410468143345,5275.5230095338848,8070.3437047818124,36626.99999999999
431,1220.3934197508329,524.48596079502511,883.15179647254206,335.369588571696,616.65160624353803,1336.1124408696339,1873.3720507422081,4857.0771342796934,4703.1994453678426,4449.7571664733914,5863.4293904335818,26662.999999999985
432,1352.7475051167653,417.32948697951485,1772.991541460455,551.09205276035129,1090.166521546822,1560.9703050154919,2355.6897788044635,4144.6844325432967,4077.4170879794137,3211.3301848472283,4729.5811029461838,25263.99999999999
433,892.49604668079701,1345.569765747741,1877.3941839231329,895.23930803039991,1350.9634890821571,1212.0203778245273,3426.7137333850314,5174.949754017066,5269.4863775035383,3498.4980623721417,5899.6689014334706,30843.000000000004
434,1240.1680458699111,608.31328137514595,608.31328137514595,3176.680759997294,923.11006483820597,4403.1158266738648,5189.3670307274888,9012.7570039166585,9480.5849490584988,5907.7427917668729,10419.84696440092,50970.000000000015
435,2209.0687231199499,2237.9564280201289,2384.8324688179941,2185.0475020560721,2767.8114054217881,642.78592666123802,5780.5499092957689,8873.2869281222902,8706.0715957317425,7602.0614655780264,11081.527647174998,54471
436,1645.205310718027,2039.762941888958,2959.7768503881953,2613.0944674979278,2745.8111735946659,4253.0943032402402,4997.8044704626836,11144.646912109545,10349.369432692245,8668.7117503671852,10541.722387040323,61958.99999999999
437,944.55973572088897,1718.4167081288929,1841.9782515770351,2117.6145193561711,2935.6181655745713,459.20472148463898,4474.0856094119135,7076.5851259729843,6886.5442988282193,7123.1940523995427,9832.1988115451459,45410
438,5214.4283045970087,394.21968937785198,3190.880670683227,5086.5621464465394,4961.5549490568801,9878.8716106187003,10219.977164773847,17644.856010895131,20915.944606313886,17568.794091483458,24643.910755753455,119720
439,3221.391533561668,4201.7710364797431,3474.8275684684104,1624.7667665845499,5186.9882370992145,5417.1233482185135,14202.046965166348,19053.000463548826,20077.528764330738,16430.537929573533,24261.01738696851,117151.00000000006
440,2119.4261116955099,6088.7133955734671,5101.311319838851,5614.1736322495199,6070.0775424824687,6558.8780192377635,11861.225154757576,20955.955679805887,20419.632308158678,17045.350709320377,23147.256126879896,124982
441,74.321976026323,131.93261656466291,74.760662095961493,98.197704079930006,51.173451421935397,184.04946667690049,285.45062926452721,431.59701380221765,354.912972615814,352.06439455119408,482.53911290053452,2521.000000000001
442,536.79989314399199,2483.6298342102377,1168.382562152985,2616.274261870175,1434.555200927372,3453.884719502641,5086.5697456756425,7922.7843053655706,7217.6327711267932,4403.7734279834694,5492.7132780411284,41817.00000000001
443,5902.14267027198,3296.2530786150533,5181.7096272086819,5869.6006201309656,5357.67979305689,7379.3640159871447,13113.474760622346,19830.319658648008,17298.137094792564,14806.941436681631,16558.377243984778,114594.00000000004
444,8126.7600503227914,2306.380789075637,6122.3362447331838,8006.1622699642285,4994.2482323398572,13943.836861194317,16441.175928043049,26404.848572164385,24047.880121107035,19716.293588621662,22707.077342433851,152817
445,0,4177.2915242468398,10266.099264232089,583.211405779188,4096.3655921935497,6679.2062659974308,9291.7752923885091,15852.746874185432,13601.431505240964,10780.499343742484,12717.372931993463,88045.99999999994
446,1764.3877975045971,806.84505852461405,2143.9259937937863,891.38729017944797,781.00134083692797,3087.2138968276108,2914.5894340076284,5063.4924748337544,3559.8884291980426,3779.9110844350325,3343.3571998585498,28135.999999999993
447,2771.226025510814,787.00685344179601,4526.6062841554121,3208.6821978286962,3067.3599352804586,5235.7288877810443,5792.9114653803408,11629.434646375559,14529.077137007907,11595.474208655614,15861.492358582396,79005.00000000004
448,535.16002363710697,849.14681086544908,1522.3804174111967,955.293687806158,1075.2906685620392,0,2757.8407813257536,3794.5714325237841,4472.4735796758177,3636.4466442787775,4998.3959539139287,24597.00000000001
449,604.80586767802879,542.86698395028361,678.33828686067704,818.42742021218203,267.50990333049299,701.09648306897782,1967.1298226635236,2211.0683447822835,2331.848516145074,2051.0229546824094,1915.8854166260624,14089.999999999996
450,0,0,1185.9278735632181,675.89324712643634,694.83417145593842,1029.3100454980829,1340.4463002873554,2101.276580459768,2069.4224137931046,1672.8929597701101,1461.9964080459761,12231.999999999987
451,1725.2259654461739,1039.8871722243521,1838.8185696966932,2100.550167845181,1711.5221165922549,1823.0645970292212,4156.2576339871812,5193.9158591352234,5080.2528610607533,4114.7521625597001,3891.7528944232731,32676.000000000004
452,3111.8247489694659,4027.2078391927457,2237.2359485847064,6957.4143359077216,4359.644462983385,4847.2889361186253,12084.543058937314,15663.292283484796,17478.969272456256,10324.893765914916,16921.685347450024,98013.99999999997
453,1639.0051819878829,1952.7900376354492,1565.2529083599691,3542.6670602068352,1883.3624050669869,5202.6960430332438,4863.1178166274949,8254.7607487200057,9288.9515340295311,8571.0467717200972,7987.3494926124913,54750.999999999985
454,1618.276615880779,2136.799495957107,1302.1851895425525,2111.0586876941279,939.86048042958498,2919.3854434039913,4615.2089200424771,6959.6368756030679,7027.836231399142,5780.3609855566347,6379.3910744905206,41789.999999999985
455,2270.1900945222051,1023.4547445143101,3225.6654258059143,1620.8873162276661,2531.1697968491708,4483.6170129991406,5478.6600811672752,8671.8380034180627,10129.55355871235,8344.4885963958313,7075.4753693880957,54855.000000000015
456,2980.1251376399359,2250.7488453990209,4643.7313632675623,4488.3154938199668,3579.2007222376324,7538.6826879364926,8659.3007071520187,11827.705993443677,15762.17757716274,13492.107735210458,14613.903736730515,89836.00000000001
457,3834.7026870034242,8470.3074508942245,7219.0423097279217,9346.2122795440828,6786.7250207081306,11010.799074881919,18831.486688902511,28461.373265657701,28709.031852764896,23646.808798603128,29138.510571312061,175455
458,3363.0470511580938,3618.834188242552,4925.7484436338891,4283.8597682950231,3022.4536220357968,4731.0262729443193,8973.0153958794126,15384.948733116709,15540.954813407303,13410.370934857528,15560.740776429378,92815.00000000001
459,2180.668420267381,2398.1097739780962,2202.8990846494571,1771.3594913600818,1324.314128310024,3275.2297241331789,5763.2717963216674,8311.0500459077393,7600.7457582105953,6292.6338190377101,8826.7179578240921,49947.000000000015
460,1088.1183016219779,953.79706247505419,614.04085412177562,816.33370008436805,632.55861124132059,1343.7947516175032,2175.6156788797239,3422.9301511234034,3453.1846388962094,2844.9651088428923,3268.6611410957721,20614
461,-,-,-,-,-,-,-,-,-,-,-,0
462,4053.3225644763234,5956.8596901710471,7749.1720980326681,7225.2960383444597,4651.2024745969356,11090.382421852857,15927.741243705594,23773.168842768468,25188.436779567714,20333.0287951274,25808.389051356586,151757.00000000006
463,2092.6439632889401,402.42434020182498,4200.0957147697345,4094.3632216927749,2899.8630532898351,3991.7267149316822,8524.1740212962686,10833.775469881304,12246.661212040994,9793.5271756672937,10657.745112939343,69737
464,3516.419348931599,3057.0619108310179,6327.1534309519448,3076.1437399031297,3861.5532687491686,6748.7247338797069,13124.324372015848,17402.145947746398,13719.352467870147,12069.825123358611,14277.295655762424,97180
465,5684.5265841030478,1753.74690217939,6650.2159366056167,5065.9572113868071,6154.7556241102757,7181.970114418983,11907.864463639089,17504.949295859082,18542.388105220834,13374.38178825411,14041.243974222791,107862
466,2928.8001080969061,1405.2204747957089,2681.8864494288509,3223.7669540255602,2641.6237254781481,4398.4580456126268,5520.4295818060918,9523.0196303832217,7648.3921366238592,7290.4029956319,6803.9998981171111,54065.99999999998
467,3761.7096725320648,1636.628563516231,2826.9289877987044,4449.9105092274895,3736.93469845666,2186.4360867599812,10827.691830154294,12164.992929523745,11781.010245618192,9271.0181719464144,8743.7383044661929,71386.99999999997
468,2328.7291483927561,1230.2854220946199,4236.785076776634,3959.3464074780682,3198.7925840400253,2991.6699419594352,10865.99670377385,11591.415341172138,12235.338497970313,9427.5109056938545,9788.1299706482896,71853.99999999997
469,2760.8217435514607,1483.7523323222281,2994.9463409610485,2408.3535362564076,2259.3315362111557,3908.1157465567544,5592.9432915977068,8066.8375695139493,8843.1067682232588,4998.5821390799156,6452.2089957260923,49768.99999999998
470,4143.1378845128711,7705.0069096969446,0,5639.5656248509968,4091.8714303615734,9475.635542648055,10286.085645992231,16573.381772693392,15757.362530967772,12141.060279868494,11150.892378407683,96964.00000000003
471,2207.6508572092298,1312.0405611321,3498.563551012317,3934.2201753366953,2152.0242007986876,6721.3103397111927,5842.2250541521216,8737.4295339159708,10714.997915912192,7888.089267289386,8831.4485435301031,61840
472,3835.3363750680519,3321.4544077048722,1974.59441502816,4804.9312839364602,2993.7193855181958,6517.2518744989793,6219.3701281316253,10826.744038986868,8063.0332872415802,7561.2155576540417,6797.3492462311597,62915
473,5722.0847463241107,4792.7414347270833,7927.6070095808354,5470.1343912818229,6717.6105736327809,8459.6799898069894,12698.993147952615,19881.344209952706,18945.642548626885,13883.177454677028,14559.984493437109,119058.99999999996
474,2073.7298763641179,3093.2816486121619,3466.1524980188215,3351.5865749137843,2162.4942475654871,4739.7021923017537,6154.6413093919173,8718.4459351218538,10019.08120345174,5142.9078789385467,6672.9766353198329,55595.00000000002
475,965.26455520363493,1401.773367872953,97.519368099042495,910.16538489409152,911.59331615367103,1337.674361137789,2173.03433394693,2936.6882670310915,3124.5300262405558,2235.3318833339308,2570.4251360863082,18664
476,6351.388134988475,8458.0684032967783,7357.6071319411722,9186.9257210180331,6102.3039079487153,13191.200615810352,14930.53828403332,22751.405311275001,22995.003152884859,17649.507524127588,19576.051812675658,148549.99999999997
477,81.105830487918297,378.25806817281318,128.01040715562999,272.06718929274098,293.47400867578745,457.87647672731907,574.33736590945932,873.70738630686412,783.23119218007491,701.23076149162864,782.70131359976335,5326
478,349.52227078594603,393.56567580215142,619.85241703980716,491.80556506311541,289.24802456033194,430.60422533145021,1310.1366920147625,1380.1747873123309,1361.6708666622465,575.79847199386734,914.6210034339889,8116.999999999998
479,250.37424832818999,839.87012150319697,734.70738149011299,971.78429851695489,892.26052607948418,1285.2554277772758,942.2569033960541,2501.2154908966731,2645.5163846022506,2308.8142992892376,2946.9449181205669,16318.999999999998
480,253.864343457064,3177.2707437667086,2071.52828199846,1880.4462601339851,646.39618997448008,2751.8769927256858,5596.7487918062225,6656.4003043252796,7371.9974100069567,5781.7487817714755,5301.7219000336854,41490
481,1313.999999999998,299.43551003383197,1527.0703874495991,1272.4941025165699,978.95928356761715,1291.4433547636033,2524.5973616687797,3208.9999999999995,3331.0000000000064,2559.0000000000005,3270.0000000000009,21577.000000000007
482,0,166.05181617829172,221.40242157105561,378.00413438960697,259.00283282250803,129.50141641125401,798.00872815583693,502.72571806857007,987.81193725754167,758.49845182275476,881.99254332257988,5083
483,1528.9274239117763,1040.4736279580341,1661.7931833541008,1586.0220754435661,1124.224106363567,2647.0764138429358,2223.1519379055767,4002.0736971830675,4027.5386608963768,3139.8779284233415,4810.8409447176455,27791.999999999993
484,-,-,-,-,-,-,-,-,-,-,-,0
485,-,-,-,-,-,-,-,-,-,-,-,0
486,5814.3420435586431,6522.1881688163821,6271.6511978832832,7508.0280639418615,5786.2656547830229,9873.216064002936,13324.293210563494,22180.811212139462,20735.342360614188,13037.574485585097,14392.287538111694,125446.00000000006
487,0,6186.4313221829261,1783.0253979462018,1911.2027972791291,2380.2838332966153,4611.5368680211441,5620.2274515868603,11117.471861924292,10931.346182622463,6073.1985314065287,7657.2757537338448,58272.00000000001
488,-,-,-,-,-,-,-,-,-,-,-,0
489,-,-,-,-,-,-,-,-,-,-,-,0
490,2214.0258663247669,3330.1407494355908,1329.8122107663289,3233.2782456028194,1712.2781686514231,3712.6455042921134,4837.9399312942414,9074.1171815899106,8676.0494276591744,5201.9268014618356,5453.7859129217977,48776.00000000001
491,2307.3518412609337,2829.7663044737392,1492.0644175898647,3010.057910338584,3188.2979207959402,4310.957871833637,6086.3815873459534,11950.307431946358,11747.38189055673,7121.24343904954,7098.1893848087475,61142.00000000003
492,1469.0364677994837,863.28251664610718,2114.9747005692298,1276.454965244098,1414.0761847227902,1425.453596118798,3336.9674882636155,4936.9721615082663,4855.4774101159346,3075.6722840290877,3227.6322249825771,27995.999999999985
493,62.5934188995654,223.22127927196638,251.45899059665481,202.82148050667951,100.2256874921504,358.14047790247264,318.88368862775081,747.49079699838444,530.95604914514286,465.18158161826108,468.02654894097225,3729.000000000001
494,4702.9997577163203,6166.9082723592282,8212.8601787518237,6848.0353998941209,6055.7902180090196,9539.7875374432151,14168.935415342474,21361.60900775249,20778.770001922192,15523.144431250272,18078.159779558897,131437.00000000006
495,2321.728318968414,4351.2000771498797,6790.8524127824985,4618.3106821534402,3241.7267496608119,8830.1990252904052,11286.90469098137,16081.954534165168,16417.734752828335,12546.08668241076,13338.302073608897,99824.99999999999
496,3316.7547479499631,2927.3558900500229,3529.0464698415062,4041.8260082155343,2076.4195456541615,6039.6134279386897,8272.8111569284538,11647.210037981904,10305.842714232071,7985.0171367671073,10156.102864440572,70297.99999999999
497,1483.8714449286651,1728.0232396128308,2518.9320874965915,2840.2174063673619,2636.7454898768206,2837.4843158702852,3979.6370437495843,6559.2577651498905,5927.1133527814436,5144.8625502967925,6090.8553038697401,41747.00000000001
498,3684.8728050521131,0,3440.3990454534569,3714.8632607949676,1354.4782918747301,3534.5747384642277,5414.7006515134062,8335.7065257104241,7176.6902749604906,7218.5896520158512,7178.1247541603707,51053.00000000003
499,190.33079613787709,122.9377283663197,308.56277413610798,272.94749137764632,164.54800194777329,437.329087514371,587.19954042925951,898.70882001250527,837.36350806625853,677.86569700601899,830.20655500586247,5328
500,1027.172315097888,482.43724979868398,952.08119819993897,913.701294007652,907.35099585023409,1235.9763760440981,2118.6076399920512,3329.434189332922,2953.2140154854173,2500.0096021859281,3123.0151240051887,19543.000000000004
501,990.84113591922301,2501.8018942150188,3201.1978326428875,1859.748314108554,1750.858220086558,1767.07038193472,3111.1219770109833,8901.0569010353756,4658.4422663842497,6698.2119776815443,8256.649098980899,43697.000000000015
502,2361.2750266249868,1386.5964978470499,2253.266390155974,3940.5469933304557,1130.241530021571,5699.2198399628351,6715.6090563425496,10821.233253306062,8861.3814804712965,8186.9046230768163,9617.7253088604011,60974
503,2268.385811253368,1777.8445194149551,3252.7138598253227,1155.845865766242,1796.2956552180899,2719.1043746557284,5400.4109265860761,6547.2818096979718,7467.2814017340588,5733.8430018756744,6575.9927739725081,44695
504,1144.67235116142,2053.6986169731381,4051.3194481478586,4164.5077064658044,3641.5776504562004,5862.0828624924579,8198.1105176042656,11154.541380247159,12935.370209703511,9857.5143964047729,8882.6048603434101,71946
505,2094.394375968136,11402.583710073344,4568.3708885767583,5505.5084281128602,6126.5833079630102,7998.6660005103549,13479.659906042662,20678.434520825427,19549.660556943822,15767.469985959369,19530.66831902416,126701.9999999999
506,2740.2359856139801,1598.423723340964,2815.8697622465202,3302.0642333435139,5964.2839464968438,5570.303062324394,10432.575661231045,15942.021669814978,13177.895474387054,8429.4032561399126,12152.923225060786,82125.99999999999
507,723.36739203869763,1127.2234899374253,335.14567844438824,965.09184889150924,1058.0244741866572,912.98427413827608,1890.7518479341459,2916.0853636318593,2718.4361992563886,2195.4261027551611,2603.4633287854954,17446.000000000004
508,807.53763378895997,0,185.12298641530299,1074.6195932008607,896.37645800578332,1331.9722429513504,1526.3416138300402,2948.3310205303565,2740.4820693739434,2329.381029458275,2483.835352445125,16323.999999999996
509,5240.9964795374399,4474.558194335903,7727.2968732135105,5525.8709652103817,4592.1416005842175,8951.1098551502419,14149.073415117053,20607.482178437127,18951.364420977123,15750.035114714807,19115.07090272216,125084.99999999996
510,2571.0149894339647,572.32124827858695,3907.1414281004222,1692.731374387803,1277.5819656889,4023.6552263011254,4174.8651375486952,7326.4544074455243,6974.7535044099614,5936.020030074731,6889.4606883302931,45346
511,832.28046934334395,0,2199.1576558052602,2931.9689155685141,1825.446364718767,5212.3486360247962,5234.9379941504576,7667.5292196938508,9406.6850696808433,7598.8079695748356,8399.8377054393331,51309.00000000001
512,1307.4887884851148,2459.4201730836221,887.94204889728007,1949.7552608171241,1416.8555970727211,3162.2987546008644,3732.7153004278175,5845.242691409363,5715.7910565211523,4649.4708570648099,5147.0194716201204,36273.99999999999
513,364.67552713404882,233.34354945616329,679.91253923131899,585.64217073429586,235.85554340278298,426.34282523390402,958.9607035347185,1738.1232034256075,1627.7304140959186,1298.8049601748057,1167.6085635764414,9317.000000000005
514,4652.4937658202261,4050.537876896432,7681.2290373789083,4927.4354240797302,0,11067.202689994283,10705.347355218535,17647.497540263164,15479.661638286972,13183.856877787011,10467.737794274763,99863.00000000003
515,410.93032195630622,582.6991969879615,621.1468570064701,712.19612343659207,368.21360705377663,886.91566247569551,1432.273810061336,1926.7209768950788,1805.2160504242238,1307.3752092147495,1343.3121844878065,11396.999999999996
516,1101.61836100091,1748.9425975792731,955.54507812258498,2875.2782637409337,891.61253425623499,4908.9027230402262,3433.0428855267501,7520.4788214330238,5329.632801837718,4839.9065462702847,4933.0393871920751,38538.000000000015
517,1042.8862184213799,977.85974621732396,2671.1305615557781,558.35588865385205,1473.465711675369,2209.7519775817054,2032.0352324835872,3627.9434910566129,4572.2937279818016,3499.3454766140371,3496.9319677585495,26161.999999999996
518,5120.2662509248621,8253.0001574368762,11709.161947371758,8833.0602950253779,6084.0202988852452,11413.846613965956,17150.128926451998,27338.142247250871,26466.641312403852,17598.878238992977,19416.853711290227,159384
519,411.92111690385599,397.17319524681761,600.49870837442973,526.59245690667296,452.01963270865519,193.7226997322812,1335.228500305293,1561.2383166596219,1245.0328777417678,1058.1842092903107,1088.3882861302911,8869.999999999998
520,-,-,-,-,-,-,-,-,-,-,-,0
521,3252.10943176206,2216.3687126978971,1833.5060157691989,3408.1175099396892,1533.1853587298228,3610.7898535089917,5799.1564933067766,7979.6494420348909,8360.2102957282332,5471.9251379678599,6061.9817485545882,49527.00000000001
522,798.63176543039003,1303.2676816890362,4231.550194514718,2621.0971959493827,2179.0642302484521,3810.193378005777,3333.492210675045,9096.645449728956,10003.6383699175,6189.5343113589597,7931.8852124817695,51498.99999999999
523,363.05193657152398,0,190.969515768836,307.258763552017,133.25894781671599,266.51789563343198,869.85565149651302,611.83527707808298,937.29176849238195,668.19730601826041,728.76293757223516,5076.999999999998
524,5242.2795298731298,5583.1758128292386,7901.6617039918901,4920.9117321466656,4394.3505606990984,6805.8267399150182,14345.895269246314,18927.207854398308,15965.036254218881,12251.740474597565,10034.914068083877,106373
525,7503.9413350259829,4920.8750766838675,7862.7975640420036,7656.3860242481442,6304.0195284207157,10282.209692199456,13704.770779379816,21671.999999999996,19150,14029.000000000002,13933.999999999987,127019.99999999996
526,8576.1964384591574,5356.9380151249197,9599.0662986945172,10405.93320908717,9344.8096670182567,6805.4279665417171,17910.842078865731,24037.240574156025,27138.883127929454,18620.297628535696,21579.364995587384,159375.00000000003
527,975.26239297109112,1061.201000023425,1135.4812221648619,1144.938822002558,1262.1037577796299,1085.5427862591755,1980.6234122780565,2984.5478862549389,3044.1591328217601,1685.8790187409741,2310.2605687035298,18670
